,lead_ticker,next_ticker,bd_of_month,lead_weight,next_weight,is_mde,roll_required,wav,pwav,der,er_index,ir,tr_index
2016-01-04,CLG16,CLF17,1,1.0,0.0,False,True,,,,100.0,0.0,100.0
2016-01-05,CLG16,CLF17,2,1.0,0.0,False,True,0.03597,0.03676,-0.02149075081610441,97.85092492,6.946663748896853e-06,97.85161959
2016-01-06,CLG16,CLF17,3,1.0,0.0,False,True,0.03397,0.03597,-0.05560189046427588,92.41022851,6.946663748896853e-06,92.4115643
2016-01-07,CLG16,CLF17,4,1.0,0.0,False,True,0.03327,0.03397,-0.020606417427141532,90.50598477,6.946663748896853e-06,90.50793499
2016-01-08,CLG16,CLF17,5,1.0,0.0,False,True,0.033159999999999995,0.03327,-0.003306281935677946,90.20674647,6.946663748896853e-06,90.20931897
2016-01-11,CLG16,CLF17,6,0.8,0.2,False,True,0.03141,0.033159999999999995,-0.0527744270205065,85.44613711,2.0840136015110033e-05,85.45045382
2016-01-12,CLG16,CLF17,7,0.6,0.4,False,True,0.032066000000000004,0.033082,-0.030711565201620106,82.8219525,6.946663748896853e-06,82.82673023
2016-01-13,CLG16,CLF17,8,0.3999999999999999,0.6000000000000001,False,True,0.033416,0.033692,-0.00819185563338476,82.14348702,6.946663748896853e-06,82.14880098
2016-01-14,CLG16,CLF17,9,0.19999999999999996,0.8,False,True,0.035651999999999996,0.034884,0.022015823873408946,83.95194356,6.946663748896853e-06,83.95794517
2016-01-15,CLG16,CLF17,10,0.0,1.0,False,True,0.035244000000000004,0.037135999999999995,-0.05094786729857792,79.67477108,6.946663748896853e-06,79.68105015
2016-01-19,CLG16,CLF17,11,0.0,1.0,False,True,0.03605,0.0367,-0.017711171662125436,78.26363753,2.778694453331454e-05,78.27201948
2016-01-20,CLG16,CLF17,12,0.0,1.0,False,True,0.03536,0.03605,-0.019140083217753068,76.76566499,6.946663748896853e-06,76.77443024
2016-01-21,CLG16,CLF17,13,0.0,1.0,False,True,0.0363,0.03536,0.026583710407239725,78.8063812,6.946663748896853e-06,78.81591279
2016-01-22,CLG16,CLF17,14,0.0,1.0,False,True,0.03918,0.0363,0.07933884297520666,85.0587883,6.946663748896853e-06,85.06962362
2016-01-25,CLG16,CLF17,15,0.0,1.0,False,True,0.038079999999999996,0.03918,-0.028075548749362023,82.67071614,2.0840136015110033e-05,82.68302011
2016-01-26,CLG16,CLF17,16,0.0,1.0,False,True,0.03907,0.038079999999999996,0.025997899159663884,84.81998108,6.946663748896853e-06,84.8331793
2016-01-27,CLG16,CLF17,17,0.0,1.0,False,True,0.03995,0.03907,0.022523675454312775,86.73043881,6.946663748896853e-06,86.74452361
2016-01-28,CLG16,CLF17,18,0.0,1.0,False,True,0.04088,0.03995,0.02327909887359203,88.74944527,6.946663748896853e-06,88.76446054
2016-01-29,CLG16,CLF17,19,0.0,1.0,False,True,0.04213,0.04088,0.03057729941291587,91.46316363,6.946663748896853e-06,91.47925464
2016-02-01,CLF17,CLF17,1,1.0,0.0,False,False,0.04065,0.04213,-0.035129361500118694,88.25012109,2.0840136015110033e-05,88.26755327
2016-02-02,CLF17,CLF17,2,1.0,0.0,False,False,0.03947,0.04065,-0.02902829028290288,85.68837096,8.892525428683129e-06,85.70608204
2016-02-03,CLF17,CLF17,3,1.0,0.0,False,False,0.04106,0.03947,0.04028375981758292,89.14022071,8.892525428683129e-06,89.1594074
2016-02-04,CLF17,CLF17,4,1.0,0.0,False,False,0.040909999999999995,0.04106,-0.003653190452995725,88.81457451,8.892525428683129e-06,88.83448396
2016-02-05,CLF17,CLF17,5,1.0,0.0,False,False,0.04079,0.040909999999999995,-0.0029332681495966018,88.55405755,8.892525428683129e-06,88.57469856
2016-02-08,CLF17,CLF17,6,1.0,0.0,False,False,0.04001,0.04079,-0.019122333905368993,86.86069729,2.6677813517839155e-05,86.88330658
2016-02-09,CLF17,CLF17,7,1.0,0.0,False,False,0.037469999999999996,0.04001,-0.06348412896775812,81.34642158,8.892525428683129e-06,81.36836815
2016-02-10,CLF17,CLF17,8,1.0,0.0,False,False,0.037880000000000004,0.037469999999999996,0.010942087002935974,82.2365212,8.892525428683129e-06,82.25943148
2016-02-11,CLF17,CLF17,9,1.0,0.0,False,False,0.03724,0.037880000000000004,-0.01689545934530101,80.8470974,8.892525428683129e-06,80.87035209
2016-02-12,CLF17,CLF17,10,1.0,0.0,False,False,0.04002,0.03724,0.07465091299677762,86.88240703,8.892525428683129e-06,86.90811685
2016-02-16,CLF17,CLF17,11,1.0,0.0,False,False,0.03866,0.04002,-0.03398300849575209,83.92988145,3.5570576179866364e-05,83.95780894
2016-02-17,CLF17,CLF17,12,1.0,0.0,False,False,0.04054,0.03866,0.04862907397827221,88.01131386,8.892525428683129e-06,88.04134603
2016-02-18,CLF17,CLF17,13,1.0,0.0,False,False,0.040119999999999996,0.04054,-0.010360138135175223,87.09950449,8.892525428683129e-06,87.13000843
2016-02-19,CLF17,CLF17,14,1.0,0.0,False,False,0.038979999999999994,0.040119999999999996,-0.02841475573280161,84.62459335,8.892525428683129e-06,84.65500533
2016-02-22,CLF17,CLF17,15,1.0,0.0,False,False,0.040350000000000004,0.038979999999999994,0.035146228835300386,87.59882867,2.6677813517839155e-05,87.63256793
2016-02-23,CLF17,CLF17,16,1.0,0.0,False,False,0.03929,0.040350000000000004,-0.02627013630731112,85.2975955,8.892525428683129e-06,85.3312277
2016-02-24,CLF17,CLF17,17,1.0,0.0,False,False,0.04008,0.03929,0.020106897429371218,87.0126655,8.892525428683129e-06,87.04773275
2016-02-25,CLF17,CLF17,18,1.0,0.0,False,False,0.0404,0.04008,0.007984031936127733,87.7073774,8.892525428683129e-06,87.7434987
2016-02-26,CLF17,CLF17,19,1.0,0.0,False,False,0.03986,0.0404,-0.013366336633663378,86.53505107,8.892525428683129e-06,86.57146982
2016-02-29,CLF17,CLF17,20,1.0,0.0,False,False,0.04093,0.03986,0.02684395383843463,88.85799399,2.6677813517839155e-05,88.8976999
2016-03-01,CLF17,CLF17,1,1.0,0.0,False,False,0.04102,0.04093,0.0021988761299780446,89.05338171,8.892525428683129e-06,89.09396545
2016-03-02,CLF17,CLF17,2,1.0,0.0,False,False,0.04096,0.04102,-0.0014627011214041197,88.92312323,8.614523860694945e-06,88.96441511
2016-03-03,CLF17,CLF17,3,1.0,0.0,False,False,0.04109,0.04096,0.003173828125,89.20534994,8.614523860694945e-06,89.24753926
2016-03-04,CLF17,CLF17,4,1.0,0.0,False,False,0.04262,0.04109,0.03723533706497917,92.52694121,8.614523860694945e-06,92.57147029
2016-03-07,CLF17,CLF17,5,1.0,0.0,False,False,0.0444,0.04262,0.04176442984514317,96.39127615,2.5843794212665472e-05,96.44005736
2016-03-08,CLF17,CLF17,6,1.0,0.0,False,False,0.04295,0.0444,-0.0326576576576576,93.24336285,8.614523860694945e-06,93.29138177
2016-03-09,CLF17,CLF17,7,1.0,0.0,False,False,0.04416,0.04295,0.0281722933643771,95.87024222,8.614523860694945e-06,95.9204176
2016-03-10,CLF17,CLF17,8,1.0,0.0,False,False,0.043429999999999996,0.04416,-0.016530797101449335,94.2854307,8.614523860694945e-06,94.33560295
2016-03-11,CLF17,CLF17,9,1.0,0.0,False,False,0.04399,0.043429999999999996,0.012894312687082854,95.50117653,8.614523860694945e-06,95.55280837
2016-03-14,CLF17,CLF17,10,1.0,0.0,False,False,0.0428,0.04399,-0.027051602636963046,92.91771665,2.5843794212665472e-05,92.97042121
2016-03-15,CLF17,CLF17,11,1.0,0.0,False,False,0.042159999999999996,0.0428,-0.014953271028037451,91.52829285,8.614523860694945e-06,91.5810102
2016-03-16,CLF17,CLF17,12,1.0,0.0,False,False,0.043590000000000004,0.042159999999999996,0.0339184060721065,94.63278665,8.614523860694945e-06,94.68808102
2016-03-17,CLF17,CLF17,13,1.0,0.0,False,False,0.04464,0.043590000000000004,0.02408809359944941,96.91231007,8.614523860694945e-06,96.96975207
2016-03-18,CLF17,CLF17,14,1.0,0.0,False,False,0.04436,0.04464,-0.006272401433691788,96.30443716,8.614523860694945e-06,96.36235421
2016-03-21,CLF17,CLF17,15,1.0,0.0,False,False,0.044700000000000004,0.04436,0.007664562669071451,97.04256855,2.5843794212665472e-05,97.10341988
2016-03-22,CLF17,CLF17,16,1.0,0.0,False,False,0.04506,0.044700000000000004,0.008053691275167862,97.82411944,8.614523860694945e-06,97.88629735
2016-03-23,CLF17,CLF17,17,1.0,0.0,False,False,0.04385,0.04506,-0.026853084775854463,95.19724007,8.614523860694945e-06,95.25859156
2016-03-24,CLF17,CLF17,18,1.0,0.0,False,False,0.04364,0.04385,-0.004789053591790271,94.74133539,8.614523860694945e-06,94.80321367
2016-03-28,CLF17,CLF17,19,1.0,0.0,False,False,0.04342,0.04364,-0.005041246562786372,94.26372096,3.445854070527332e-05,94.32855408
2016-03-29,CLF17,CLF17,20,1.0,0.0,False,False,0.04272,0.04342,-0.016121602947950286,92.74403868,8.614523860694945e-06,92.80863918
2016-03-30,CLF17,CLF17,21,1.0,0.0,False,False,0.04318,0.04272,0.010767790262172339,93.74268704,8.614523860694945e-06,93.80878265
2016-03-31,CLF17,CLF17,22,1.0,0.0,False,False,0.0433,0.04318,0.0027790643816580918,94.003204,8.614523860694945e-06,94.07029141
2016-04-01,CLF17,CLJ17,1,1.0,0.0,False,True,0.04174,0.0433,-0.03602771362586599,90.61648349,8.614523860694945e-06,90.68196426
2016-04-04,CLF17,CLJ17,2,1.0,0.0,False,True,0.040549999999999996,0.04174,-0.028509822712026955,88.03302361,1.9172424259306098e-05,88.09837613
2016-04-05,CLF17,CLJ17,3,1.0,0.0,False,True,0.04034,0.040549999999999996,-0.0051787916152896685,87.57711893,6.390767244512929e-06,87.64269602
2016-04-06,CLF17,CLJ17,4,1.0,0.0,False,True,0.04203,0.04034,0.041893901834407554,91.24606615,6.390767244512929e-06,91.31495062
2016-04-07,CLF17,CLJ17,5,1.0,0.0,False,True,0.04145,0.04203,-0.01379966690459189,89.98690083,6.390767244512929e-06,90.05541829
2016-04-08,CLF17,CLJ17,6,0.8,0.2,False,True,0.04373,0.04145,0.055006031363088015,94.93672312,6.390767244512929e-06,95.00958498
2016-04-11,CLF17,CLJ17,7,0.6,0.4,False,True,0.04467800000000001,0.04385,0.018882554161915754,96.72937094,1.9172424259306098e-05,96.80543018
2016-04-12,CLF17,CLJ17,8,0.3999999999999999,0.6000000000000001,False,True,0.04619,0.044796,0.031118849897312284,99.73947771,6.390767244512929e-06,99.81852249
2016-04-13,CLF17,CLJ17,9,0.19999999999999996,0.8,False,True,0.046144000000000004,0.04629,-0.0031540289479368155,99.42489651,6.390767244512929e-06,99.5043299
2016-04-14,CLF17,CLJ17,10,0.0,1.0,False,True,0.045762000000000004,0.046262000000000005,-0.010808006571268014,98.35031158,6.390767244512929e-06,98.42952236
2016-04-15,CLF17,CLJ17,11,0.0,1.0,False,True,0.04496,0.045880000000000004,-0.02005231037489108,96.37816061,6.390767244512929e-06,96.45641207
2016-04-18,CLF17,CLJ17,12,0.0,1.0,False,True,0.04467,0.04496,-0.006450177935943047,95.75650432,1.9172424259306098e-05,95.83610035
2016-04-19,CLF17,CLJ17,13,0.0,1.0,False,True,0.04567,0.04467,0.022386389075442104,97.90014668,6.390767244512929e-06,97.98213704
2016-04-20,CLF17,CLJ17,14,0.0,1.0,False,True,0.047130000000000005,0.04567,0.031968469454784376,101.02986453,6.390767244512929e-06,101.11510218
2016-04-21,CLF17,CLJ17,15,0.0,1.0,False,True,0.046340000000000006,0.047130000000000005,-0.016762147252280868,99.33638706,6.390767244512929e-06,99.42084215
2016-04-22,CLF17,CLJ17,16,0.0,1.0,False,True,0.047009999999999996,0.046340000000000006,0.014458351316357199,100.77262744,6.390767244512929e-06,100.85893899
2016-04-25,CLF17,CLJ17,17,0.0,1.0,False,True,0.04647,0.047009999999999996,-0.01148691767708998,99.61506056,1.9172424259306098e-05,99.70231437
2016-04-26,CLF17,CLJ17,18,0.0,1.0,False,True,0.047479999999999994,0.04647,0.021734452334839727,101.78013935,6.390767244512929e-06,101.86992675
2016-04-27,CLF17,CLJ17,19,0.0,1.0,False,True,0.04862,0.047479999999999994,0.024010109519797762,104.22389164,6.390767244512929e-06,104.31648587
2016-04-28,CLF17,CLJ17,20,0.0,1.0,False,True,0.04904,0.04862,0.008638420403126457,105.12422143,6.390767244512929e-06,105.21828219
2016-04-29,CLF17,CLJ17,21,0.0,1.0,False,True,0.04874,0.04904,-0.006117455138662353,104.48112872,6.390767244512929e-06,104.57528649
2016-05-02,CLJ17,CLJ17,1,1.0,0.0,False,False,0.047689999999999996,0.04874,-0.02154288059089049,102.23030424,1.9172424259306098e-05,102.32443854
2016-05-03,CLJ17,CLJ17,2,1.0,0.0,False,False,0.046990000000000004,0.047689999999999996,-0.01467812958691539,100.72975459,8.058542054101281e-06,100.82333176
2016-05-04,CLJ17,CLJ17,3,1.0,0.0,False,False,0.0469,0.046990000000000004,-0.0019153011278997267,100.53682678,8.058542054101281e-06,100.63103721
2016-05-05,CLJ17,CLJ17,4,1.0,0.0,False,False,0.04725,0.0469,0.007462686567164312,101.28710161,8.058542054101281e-06,101.38282604
2016-05-06,CLJ17,CLJ17,5,1.0,0.0,False,False,0.04778,0.04725,0.011216931216931236,102.42323206,8.058542054101281e-06,102.52084722
2016-05-09,CLJ17,CLJ17,6,1.0,0.0,False,False,0.04654,0.04778,-0.02595228128924243,99.76511553,2.4175820982907936e-05,99.86267588
2016-05-10,CLJ17,CLJ17,7,1.0,0.0,False,False,0.048,0.04654,0.0313708637730985,102.89483338,8.058542054101281e-06,102.99625903
2016-05-11,CLJ17,CLJ17,8,1.0,0.0,False,False,0.04944,0.048,0.030000000000000027,105.98167838,8.058542054101281e-06,106.0869768
2016-05-12,CLJ17,CLJ17,9,1.0,0.0,False,False,0.04978,0.04944,0.006877022653721587,106.71051678,8.058542054101281e-06,106.81739425
2016-05-13,CLJ17,CLJ17,10,1.0,0.0,False,False,0.04927,0.04978,-0.010245078344716663,105.61725918,8.058542054101281e-06,105.72390247
2016-05-16,CLJ17,CLJ17,11,1.0,0.0,False,False,0.05027,0.04927,0.020296326364928063,107.76090154,2.4175820982907936e-05,107.87226526
2016-05-17,CLJ17,CLJ17,12,1.0,0.0,False,False,0.05083,0.05027,0.011139844837875446,108.96134126,8.058542054101281e-06,109.07481485
2016-05-18,CLJ17,CLJ17,13,1.0,0.0,False,False,0.05078,0.05083,-0.0009836710603974286,108.85415914,8.058542054101281e-06,108.96840009
2016-05-19,CLJ17,CLJ17,14,1.0,0.0,False,False,0.05065,0.05078,-0.0025600630169357874,108.57548563,8.058542054101281e-06,108.69031224
2016-05-20,CLJ17,CLJ17,15,1.0,0.0,False,False,0.05044,0.05065,-0.004146100691016841,108.12532073,8.058542054101281e-06,108.24054714
2016-05-23,CLJ17,CLJ17,16,1.0,0.0,False,False,0.05028,0.05044,-0.003172085646312439,107.78233795,2.4175820982907936e-05,107.89981566
2016-05-24,CLJ17,CLJ17,17,1.0,0.0,False,False,0.0507,0.05028,0.00835322195704058,108.68266774,8.058542054101281e-06,108.80199628
2016-05-25,CLJ17,CLJ17,18,1.0,0.0,False,False,0.0515,0.0507,0.015779092702169484,110.39758163,8.058542054101281e-06,110.51966985
2016-05-26,CLJ17,CLJ17,19,1.0,0.0,False,False,0.05157,0.0515,0.0013592233009709354,110.5476366,8.058542054101281e-06,110.67078139
2016-05-27,CLJ17,CLJ17,20,1.0,0.0,False,False,0.051590000000000004,0.05157,0.0003878223773512435,110.59050945,8.058542054101281e-06,110.71459384
2016-05-31,CLJ17,CLJ17,21,1.0,0.0,False,False,0.05139,0.051590000000000004,-0.00387672029463082,110.16178098,3.223455785894558e-05,110.28895317
2016-06-01,CLJ17,CLJ17,1,1.0,0.0,False,False,0.05133,0.05139,-0.0011675423234092097,110.03316244,8.058542054101281e-06,110.16107492
2016-06-02,CLJ17,CLJ17,2,1.0,0.0,False,False,0.05156,0.05133,0.004480810442236471,110.52620018,7.5025886843160805e-06,110.6555123
2016-06-03,CLJ17,CLJ17,3,1.0,0.0,False,False,0.05103,0.05156,-0.010279286268425225,109.39006973,7.5025886843160805e-06,109.51888282
2016-06-06,CLJ17,CLJ17,4,1.0,0.0,False,False,0.052020000000000004,0.05103,0.01940035273368612,111.51227567,2.2507934920090733e-05,111.64605282
2016-06-07,CLJ17,CLJ17,5,1.0,0.0,False,False,0.05276,0.052020000000000004,0.014225297962322081,113.09857102,7.5025886843160805e-06,113.23508882
2016-06-08,CLJ17,CLJ17,6,1.0,0.0,False,False,0.05366,0.05276,0.0170583775587565,115.02784915,7.5025886843160805e-06,115.16754528
2016-06-09,CLJ17,CLJ17,7,1.0,0.0,False,False,0.053270000000000005,0.05366,-0.007267983600447114,114.19182863,7.5025886843160805e-06,114.33137351
2016-06-10,CLJ17,CLJ17,8,1.0,0.0,False,False,0.05205,0.053270000000000005,-0.022902196358175475,111.57658495,7.5025886843160805e-06,111.71379173
2016-06-13,CLJ17,CLJ17,9,1.0,0.0,False,False,0.05193,0.05205,-0.002305475504322807,111.31934787,2.2507934920090733e-05,111.45875277
2016-06-14,CLJ17,CLJ17,10,1.0,0.0,False,False,0.0514,0.05193,-0.010206046601193841,110.18321742,7.5025886843160805e-06,110.32203578
2016-06-15,CLJ17,CLJ17,11,1.0,0.0,False,False,0.05075,0.0514,-0.012645914396887115,108.78984988,7.5025886843160805e-06,108.92774046
2016-06-16,CLJ17,CLJ17,12,1.0,0.0,False,False,0.049210000000000004,0.05075,-0.030344827586206935,105.48864064,7.5025886843160805e-06,105.62316419
2016-06-17,CLJ17,CLJ17,13,1.0,0.0,False,False,0.05101,0.049210000000000004,0.03657793131477338,109.34719689,7.5025886843160805e-06,109.48743348
2016-06-20,CLJ17,CLJ17,14,1.0,0.0,False,False,0.052399999999999995,0.05101,0.027249558910017457,112.32685977,2.2507934920090733e-05,112.47338208
2016-06-21,CLJ17,CLJ17,15,1.0,0.0,False,False,0.05253,0.052399999999999995,0.0024809160305343525,112.60553328,7.5025886843160805e-06,112.75326294
2016-06-22,CLJ17,CLJ17,16,1.0,0.0,False,False,0.05207,0.05253,-0.008756900818579938,111.61945779,7.5025886843160805e-06,111.76673974
2016-06-23,CLJ17,CLJ17,17,1.0,0.0,False,False,0.05307,0.05207,0.01920491645861344,113.76310015,7.5025886843160805e-06,113.91404918
2016-06-24,CLJ17,CLJ17,18,1.0,0.0,False,False,0.05072,0.05307,-0.04428113811946477,108.7255406,7.5025886843160805e-06,108.87066009
2016-06-27,CLJ17,CLJ17,19,1.0,0.0,False,False,0.04965,0.05072,-0.021096214511041045,106.43184327,2.2507934920090733e-05,106.57635174
2016-06-28,CLJ17,CLJ17,20,1.0,0.0,False,False,0.05137,0.04965,0.03464249748237669,110.11890813,7.5025886843160805e-06,110.26922233
2016-06-29,CLJ17,CLJ17,21,1.0,0.0,False,False,0.05339,0.05137,0.03932256180650184,114.4490657,7.5025886843160805e-06,114.60611794
2016-06-30,CLJ17,CLJ17,22,1.0,0.0,False,False,0.05183,0.05339,-0.029218954860460777,111.10498362,7.5025886843160805e-06,111.2583068
2016-07-01,CLJ17,CLN17,1,1.0,0.0,False,True,0.05261,0.05183,0.01504919930542159,112.77702466,7.5025886843160805e-06,112.93348996
2016-07-05,CLJ17,CLN17,2,1.0,0.0,False,True,0.05053,0.05261,-0.039536209846036896,108.31824855,3.445854070527332e-05,108.47241933
2016-07-06,CLJ17,CLN17,3,1.0,0.0,False,True,0.05135,0.05053,0.01622798337621223,110.07603529,8.614523860694945e-06,110.23364239
2016-07-07,CLJ17,CLN17,4,1.0,0.0,False,True,0.04918,0.05135,-0.042259006815968836,105.42433136,8.614523860694945e-06,105.57622775
2016-07-08,CLJ17,CLN17,5,1.0,0.0,False,True,0.04952,0.04918,0.006913379422529564,106.15316976,8.614523860694945e-06,106.30702576
2016-07-11,CLJ17,CLN17,6,0.8,0.2,False,True,0.049409999999999996,0.04952,-0.0022213247172860884,105.9173691,2.5843794212665472e-05,106.07363071
2016-07-12,CLJ17,CLN17,7,0.6,0.4,False,True,0.051412000000000006,0.049582,0.036908555524182374,109.8266262,8.614523860694945e-06,109.98956897
2016-07-13,CLJ17,CLN17,8,0.3999999999999999,0.6000000000000001,False,True,0.049512,0.051554,-0.039608953718431206,105.47650845,8.614523860694945e-06,105.63394474
2016-07-14,CLJ17,CLN17,9,0.19999999999999996,0.8,False,True,0.050558000000000006,0.049668,0.01791898204075082,107.36654011,8.614523860694945e-06,107.52770748
2016-07-15,CLJ17,CLN17,10,0.0,1.0,False,True,0.050606,0.050684,-0.0015389472022729889,107.20130867,8.614523860694945e-06,107.36315431
2016-07-18,CLJ17,CLN17,11,0.0,1.0,False,True,0.05017,0.05072,-0.010843848580441628,106.03883391,2.5843794212665472e-05,106.20169919
2016-07-19,CLJ17,CLN17,12,0.0,1.0,False,True,0.05021,0.05017,0.0007972892166632217,106.12337753,8.614523860694945e-06,106.28728754
2016-07-20,CLJ17,CLN17,13,0.0,1.0,False,True,0.05064,0.05021,0.008564031069508093,107.03222143,8.614523860694945e-06,107.19845078
2016-07-21,CLJ17,CLN17,14,0.0,1.0,False,True,0.049640000000000004,0.05064,-0.019747235387045703,104.91863096,8.614523860694945e-06,105.0825012
2016-07-22,CLJ17,CLN17,15,0.0,1.0,False,True,0.04906,0.049640000000000004,-0.011684125705076598,103.69274849,8.614523860694945e-06,103.85560929
2016-07-25,CLJ17,CLN17,16,0.0,1.0,False,True,0.04834,0.04906,-0.014675907052588588,102.17096335,2.5843794212665472e-05,102.33411804
2016-07-26,CLJ17,CLN17,17,0.0,1.0,False,True,0.04819,0.04834,-0.0031030202730658596,101.85392478,8.614523860694945e-06,102.01745476
2016-07-27,CLJ17,CLN17,18,0.0,1.0,False,True,0.04703,0.04819,-0.02407138410458587,99.40215983,8.614523860694945e-06,99.56263225
2016-07-28,CLJ17,CLN17,19,0.0,1.0,False,True,0.04628,0.04703,-0.01594726770146715,97.81696698,8.614523860694945e-06,97.97573799
2016-07-29,CLJ17,CLN17,20,0.0,1.0,False,True,0.046770000000000006,0.04628,0.010587726879861759,98.85262631,8.614523860694945e-06,99.01392236
2016-08-01,CLN17,CLN17,1,1.0,0.0,False,False,0.045520000000000005,0.046770000000000006,-0.026726534103057586,96.21063822,2.5843794212665472e-05,96.37018228
2016-08-02,CLN17,CLN17,2,1.0,0.0,False,False,0.04513,0.045520000000000005,-0.008567662565905132,95.38633794,8.614523860694945e-06,95.54534526
2016-08-03,CLN17,CLN17,3,1.0,0.0,False,False,0.04611,0.04513,0.02171504542432956,97.4576566,8.614523860694945e-06,97.62093985
2016-08-04,CLN17,CLN17,4,1.0,0.0,False,False,0.046939999999999996,0.04611,0.018000433745391398,99.21193669,8.614523860694945e-06,99.37900007
2016-08-05,CLN17,CLN17,5,1.0,0.0,False,False,0.046939999999999996,0.046939999999999996,0.0,99.21193669,8.614523860694945e-06,99.37985617
2016-08-08,CLN17,CLN17,6,1.0,0.0,False,False,0.0479,0.046939999999999996,0.020451640391989878,101.24098354,2.5843794212665472e-05,101.4149056
2016-08-09,CLN17,CLN17,7,1.0,0.0,False,False,0.0476,0.0479,-0.0062630480167013,100.6069064,8.614523860694945e-06,100.78061282
2016-08-10,CLN17,CLN17,8,1.0,0.0,False,False,0.047009999999999996,0.0476,-0.012394957983193455,99.35988802,8.614523860694945e-06,99.53230953
2016-08-11,CLN17,CLN17,9,1.0,0.0,False,False,0.04857,0.047009999999999996,0.03318442884492678,102.65708915,8.614523860694945e-06,102.83608979
2016-08-12,CLN17,CLN17,10,1.0,0.0,False,False,0.04929,0.04857,0.014823965410747375,104.17887429,8.614523860694945e-06,104.36141431
2016-08-15,CLN17,CLN17,11,1.0,0.0,False,False,0.05031,0.04929,0.020693852708460136,106.33473657,2.5843794212665472e-05,106.52375114
2016-08-16,CLN17,CLN17,12,1.0,0.0,False,False,0.05104,0.05031,0.014510037765851802,107.87765761,8.614523860694945e-06,108.07033244
2016-08-17,CLN17,CLN17,13,1.0,0.0,False,False,0.0516,0.05104,0.01097178683385569,109.06126827,8.614523860694945e-06,109.25698806
2016-08-18,CLN17,CLN17,14,1.0,0.0,False,False,0.05264,0.0516,0.020155038759689825,111.25940236,8.614523860694945e-06,111.46000809
2016-08-19,CLN17,CLN17,15,1.0,0.0,False,False,0.052719999999999996,0.05264,0.001519756838905817,111.4284896,8.614523860694945e-06,111.63036038
2016-08-22,CLN17,CLN17,16,1.0,0.0,False,False,0.05125,0.052719999999999996,-0.02788315629742033,108.32151161,2.5843794212665472e-05,108.52063855
2016-08-23,CLN17,CLN17,17,1.0,0.0,False,False,0.052020000000000004,0.05125,0.015024390243902674,109.94897627,8.614523860694945e-06,110.15202982
2016-08-24,CLN17,CLN17,18,1.0,0.0,False,False,0.05096,0.052020000000000004,-0.020376778162245368,107.70857037,8.614523860694945e-06,107.90843525
2016-08-25,CLN17,CLN17,19,1.0,0.0,False,False,0.05152,0.05096,0.010989010989011172,108.89218103,8.614523860694945e-06,109.09517181
2016-08-26,CLN17,CLN17,20,1.0,0.0,False,False,0.051789999999999996,0.05152,0.005240683229813525,109.46285046,8.614523860694945e-06,109.66784485
2016-08-29,CLN17,CLN17,21,1.0,0.0,False,False,0.05113,0.051789999999999996,-0.012743772929136754,108.06788075,2.5843794212665472e-05,108.27309697
2016-08-30,CLN17,CLN17,22,1.0,0.0,False,False,0.0505,0.05113,-0.012321533346371982,106.73631875,8.614523860694945e-06,106.93993911
2016-08-31,CLN17,CLN17,23,1.0,0.0,False,False,0.04875,0.0505,-0.034653465346534684,103.03753543,8.614523860694945e-06,103.23502088
2016-09-01,CLN17,CLN17,1,1.0,0.0,False,False,0.047299999999999995,0.04875,-0.029743589743589927,99.97282925,8.614523860694945e-06,100.16533009
2016-09-02,CLN17,CLN17,2,1.0,0.0,False,False,0.04858,0.047299999999999995,0.027061310782241055,102.67822505,8.892525428683129e-06,102.87682594
2016-09-06,CLN17,CLN17,3,1.0,0.0,False,False,0.04915,0.04858,0.011733223548785476,103.88297162,3.5570576179866364e-05,104.08756213
2016-09-07,CLN17,CLN17,4,1.0,0.0,False,False,0.04998,0.04915,0.01688708036622577,105.63725171,8.892525428683129e-06,105.84622276
2016-09-08,CLN17,CLN17,5,1.0,0.0,False,False,0.05195,0.04998,0.03941576630652266,109.80102494,8.892525428683129e-06,110.01917398
2016-09-09,CLN17,CLN17,6,1.0,0.0,False,False,0.05015,0.05195,-0.03464870067372483,105.99656209,8.892525428683129e-06,106.2081309
2016-09-12,CLN17,CLN17,7,1.0,0.0,False,False,0.05055,0.05015,0.007976071784645988,106.84199828,2.6677813517839155e-05,107.05808798
2016-09-13,CLN17,CLN17,8,1.0,0.0,False,False,0.04947,0.05055,-0.02136498516320473,104.55932057,8.892525428683129e-06,104.77174553
2016-09-14,CLN17,CLN17,9,1.0,0.0,False,False,0.04832,0.04947,-0.023246411966848513,102.12869153,8.892525428683129e-06,102.33711006
2016-09-15,CLN17,CLN17,10,1.0,0.0,False,False,0.04882,0.04832,0.010347682119205226,103.18548677,8.892525428683129e-06,103.39697198
2016-09-16,CLN17,CLN17,11,1.0,0.0,False,False,0.04801,0.04882,-0.016591560835723218,101.47347849,8.892525428683129e-06,101.68237429
2016-09-19,CLN17,CLN17,12,1.0,0.0,False,False,0.04819,0.04801,0.003749218912726615,101.85392477,2.6677813517839155e-05,102.06631643
2016-09-20,CLN17,CLN17,13,1.0,0.0,False,False,0.048240000000000005,0.04819,0.0010375596596805536,101.95960429,8.892525428683129e-06,102.17312395
2016-09-21,CLN17,CLN17,14,1.0,0.0,False,False,0.04909,0.048240000000000005,0.017620232172470995,103.75615619,8.892525428683129e-06,103.97434669
2016-09-22,CLN17,CLN17,15,1.0,0.0,False,False,0.04997,0.04909,0.017926257893664754,105.6161158,8.892525428683129e-06,105.83914223
2016-09-23,CLN17,CLN17,16,1.0,0.0,False,False,0.04834,0.04997,-0.03261957174304586,102.17096333,8.892525428683129e-06,102.38765591
2016-09-26,CLN17,CLN17,17,1.0,0.0,False,False,0.04968,0.04834,0.027720314439387606,105.00317456,2.6677813517839155e-05,105.22860541
2016-09-27,CLN17,CLN17,18,1.0,0.0,False,False,0.04843,0.04968,-0.025161030595813205,102.36118647,8.892525428683129e-06,102.581881
2016-09-28,CLN17,CLN17,19,1.0,0.0,False,False,0.05055,0.04843,0.043774519925665833,106.84199827,8.892525428683129e-06,107.07326581
2016-09-29,CLN17,CLN17,20,1.0,0.0,False,False,0.05119,0.05055,0.012660731948565873,108.19469617,8.892525428683129e-06,108.42984388
2016-09-30,CLN17,CLN17,21,1.0,0.0,False,False,0.05163,0.05119,0.008595428794686555,109.12467598,8.892525428683129e-06,109.3628091
2016-10-03,CLN17,CLV17,1,1.0,0.0,False,True,0.052270000000000004,0.05163,0.012395893860158935,110.47737388,2.6677813517839155e-05,110.72137643
2016-10-04,CLN17,CLV17,2,1.0,0.0,False,True,0.05231,0.052270000000000004,0.0007652573177729938,110.5619175,9.448549896262648e-06,110.80715293
2016-10-05,CLN17,CLV17,3,1.0,0.0,False,True,0.053149999999999996,0.05231,0.01605811508315802,112.3373335,9.448549896262648e-06,112.58755392
2016-10-06,CLN17,CLV17,4,1.0,0.0,False,True,0.053649999999999996,0.053149999999999996,0.00940733772342428,113.39412874,9.448549896262648e-06,113.64776686
2016-10-07,CLN17,CLV17,5,1.0,0.0,False,True,0.05317,0.053649999999999996,-0.008946877912395013,112.37960531,9.448549896262648e-06,112.63204797
2016-10-10,CLN17,CLV17,6,0.8,0.2,False,True,0.054329999999999996,0.05317,0.021816813992852957,114.83137026,2.8345917514771557e-05,115.09251307
2016-10-11,CLN17,CLV17,7,0.6,0.4,False,True,0.05371600000000001,0.054398,-0.01253722563329529,113.39170346,9.448549896262648e-06,113.65065972
2016-10-12,CLN17,CLV17,8,0.3999999999999999,0.6000000000000001,False,True,0.053344,0.053792,-0.008328375966686452,112.44733472,9.448549896262648e-06,112.70520813
2016-10-13,CLN17,CLV17,9,0.19999999999999996,0.8,False,True,0.05369,0.053426,0.0049414142926664795,113.00298359,9.448549896262648e-06,113.26319616
2016-10-14,CLN17,CLV17,10,0.0,1.0,False,True,0.05362,0.053770000000000005,-0.0027896596615213376,112.68774373,9.448549896262648e-06,112.94830057
2016-10-17,CLN17,CLV17,11,0.0,1.0,False,True,0.05354,0.053700000000000005,-0.0029795158286779477,112.35198881,2.8345917514771557e-05,112.61497094
2016-10-18,CLN17,CLV17,12,0.0,1.0,False,True,0.053869999999999994,0.05354,0.006163615988046267,113.04448332,9.448549896262648e-06,113.31015042
2016-10-19,CLN17,CLV17,13,0.0,1.0,False,True,0.05471,0.053869999999999994,0.015593094486727521,114.80719663,9.448549896262648e-06,115.07807692
2016-10-20,CLN17,CLV17,14,0.0,1.0,False,True,0.053840000000000006,0.05471,-0.015902028879546615,112.98152927,9.448549896262648e-06,113.24918933
2016-10-21,CLN17,CLV17,15,0.0,1.0,False,True,0.054329999999999996,0.053840000000000006,0.009101040118870474,114.0097787,9.448549896262648e-06,114.28094479
2016-10-24,CLN17,CLV17,16,0.0,1.0,False,True,0.054369999999999995,0.054329999999999996,0.000736241487207856,114.09371743,2.8345917514771557e-05,114.36832256
2016-10-25,CLN17,CLV17,17,0.0,1.0,False,True,0.05382,0.054369999999999995,-0.010115872723928554,112.93955991,9.448549896262648e-06,113.21246778
2016-10-26,CLN17,CLV17,18,0.0,1.0,False,True,0.05296,0.05382,-0.015979189892233348,111.13487724,9.448549896262648e-06,111.40449396
2016-10-27,CLN17,CLV17,19,0.0,1.0,False,True,0.05329,0.05296,0.006231117824773369,111.82737175,9.448549896262648e-06,112.09972109
2016-10-28,CLN17,CLV17,20,0.0,1.0,False,True,0.052450000000000004,0.05329,-0.015762807280915614,110.06465844,9.448549896262648e-06,110.33377397
2016-10-31,CLN17,CLV17,21,0.0,1.0,False,True,0.05077,0.052450000000000004,-0.0320305052430887,106.53923182,2.8345917514771557e-05,106.80285496
2016-11-01,CLV17,CLV17,1,1.0,0.0,False,False,0.05063,0.05077,-0.002757533976757931,106.24544627,9.448549896262648e-06,106.50935159
2016-11-02,CLV17,CLV17,2,1.0,0.0,False,False,0.04965,0.05063,-0.019356112976496198,104.18894741,1.3341517768550304e-05,104.44916555
2016-11-03,CLV17,CLV17,3,1.0,0.0,False,False,0.04913,0.04965,-0.010473313192346456,103.09774393,1.3341517768550304e-05,103.35663023
2016-11-04,CLV17,CLV17,4,1.0,0.0,False,False,0.04862,0.04913,-0.01038062283737029,102.02752513,1.3341517768550304e-05,102.28510296
2016-11-07,CLV17,CLV17,5,1.0,0.0,False,False,0.0494,0.04862,0.016042780748663166,103.66433035,4.002508729605836e-05,103.93013441
2016-11-08,CLV17,CLV17,6,1.0,0.0,False,False,0.0497,0.0494,0.006072874493927127,104.29387082,1.3341517768550304e-05,104.56267566
2016-11-09,CLV17,CLV17,7,1.0,0.0,False,False,0.05019,0.0497,0.009859154929577452,105.32212025,1.3341517768550304e-05,105.5949703
2016-11-10,CLV17,CLV17,8,1.0,0.0,False,False,0.04977,0.05019,-0.008368200836819994,104.4407636,1.3341517768550304e-05,104.71273918
2016-11-11,CLV17,CLV17,9,1.0,0.0,False,False,0.0485,0.04977,-0.02551737994775971,101.77570895,1.3341517768550304e-05,102.04214145
2016-11-14,CLV17,CLV17,10,1.0,0.0,False,False,0.04795,0.0485,-0.011340206185567081,100.62155143,4.002508729605836e-05,100.88904678
2016-11-15,CLV17,CLV17,11,1.0,0.0,False,False,0.05,0.04795,0.04275286757038588,104.92341129,1.3341517768550304e-05,105.20368885
2016-11-16,CLV17,CLV17,12,1.0,0.0,False,False,0.04981,0.05,-0.0038000000000000256,104.52470233,1.3341517768550304e-05,104.80531841
2016-11-17,CLV17,CLV17,13,1.0,0.0,False,False,0.05001,0.04981,0.004015257980325204,104.94439598,1.3341517768550304e-05,105.22753707
2016-11-18,CLV17,CLV17,14,1.0,0.0,False,False,0.050320000000000004,0.05001,0.006198760247950519,105.59492113,1.3341517768550304e-05,105.88122124
2016-11-21,CLV17,CLV17,15,1.0,0.0,False,False,0.05207,0.050320000000000004,0.034777424483306785,109.26724053,4.002508729605836e-05,109.56773533
2016-11-22,CLV17,CLV17,16,1.0,0.0,False,False,0.05221,0.05207,0.0026886883042058773,109.56102608,1.3341517768550304e-05,109.86379062
2016-11-23,CLV17,CLV17,17,1.0,0.0,False,False,0.05214,0.05221,-0.0013407393219689867,109.4141333,1.3341517768550304e-05,109.71795766
2016-11-25,CLV17,CLV17,18,1.0,0.0,False,False,0.05043,0.05214,-0.03279631760644408,105.82575263,2.6683213532940897e-05,106.1225403
2016-11-28,CLV17,CLV17,19,1.0,0.0,False,False,0.051340000000000004,0.05043,0.01804481459448737,107.73535872,4.002508729605836e-05,108.04174943
2016-11-29,CLV17,CLV17,20,1.0,0.0,False,False,0.04957,0.051340000000000004,-0.034476042072458135,104.02106996,1.3341517768550304e-05,104.31833897
2016-11-30,CLV17,CLV17,21,1.0,0.0,False,False,0.05319,0.04957,0.0730280411539237,111.61752494,1.3341517768550304e-05,111.93789469
2016-12-01,CLV17,CLV17,1,1.0,0.0,False,False,0.054259999999999996,0.05319,0.020116563263771203,113.86288594,1.3341517768550304e-05,114.19119385
2016-12-02,CLV17,CLV17,2,1.0,0.0,False,False,0.05503,0.054259999999999996,0.014190932546995993,115.47870647,1.4454050440093624e-05,115.8133239
2016-12-05,CLV17,CLV17,3,1.0,0.0,False,False,0.05559,0.05503,0.010176267490459745,116.65384868,4.3362778082256526e-05,116.99689325
2016-12-06,CLV17,CLV17,4,1.0,0.0,False,False,0.054869999999999995,0.05559,-0.012951969778737249,115.14295156,1.4454050440093624e-05,115.48324411
2016-12-07,CLV17,CLV17,5,1.0,0.0,False,False,0.054090000000000006,0.054869999999999995,-0.014215418261344759,113.50614634,1.4454050440093624e-05,113.84327069
2016-12-08,CLV17,CLV17,6,1.0,0.0,False,False,0.054619999999999995,0.054090000000000006,0.009798484008134434,114.6183345,1.4454050440093624e-05,114.96040765
2016-12-09,CLV17,CLV17,7,1.0,0.0,False,False,0.05504,0.054619999999999995,0.007689491028927131,115.49969115,1.4454050440093624e-05,115.84605631
2016-12-12,CLV17,CLV17,8,1.0,0.0,False,False,0.05594,0.05504,0.01635174418604657,117.38831255,4.3362778082256526e-05,117.74536479
2016-12-13,CLV17,CLV17,9,1.0,0.0,False,False,0.056280000000000004,0.05594,0.006077940650697222,118.10179175,1.4454050440093624e-05,118.46271603
2016-12-14,CLV17,CLV17,10,1.0,0.0,False,False,0.055020000000000006,0.056280000000000004,-0.02238805970149249,115.45772179,1.4454050440093624e-05,115.81227794
2016-12-15,CLV17,CLV17,11,1.0,0.0,False,False,0.054990000000000004,0.055020000000000006,-0.0005452562704471031,115.39476774,1.4454050440093624e-05,115.75080452
2016-12-16,CLV17,CLV17,12,1.0,0.0,False,False,0.05572,0.054990000000000004,0.01327514093471538,116.92664954,1.4454050440093624e-05,117.28908583
2016-12-19,CLV17,CLV17,13,1.0,0.0,False,False,0.055740000000000005,0.05572,0.00035893754486737706,116.9686189,4.3362778082256526e-05,117.33627126
2016-12-20,CLV17,CLV17,14,1.0,0.0,False,False,0.05632,0.055740000000000005,0.0104054538930749,118.18573047,1.4454050440093624e-05,118.5589044
2016-12-21,CLV17,CLV17,15,1.0,0.0,False,False,0.05561,0.05632,-0.012606534090909172,116.69581803,1.4454050440093624e-05,117.06600119
2016-12-22,CLV17,CLV17,16,1.0,0.0,False,False,0.05611,0.05561,0.008991188635137481,117.74505214,1.4454050440093624e-05,118.12025576
2016-12-23,CLV17,CLV17,17,1.0,0.0,False,False,0.05622,0.05611,0.0019604348600961163,117.97588364,1.4454050440093624e-05,118.35353014
2016-12-27,CLV17,CLV17,18,1.0,0.0,False,False,0.05689,0.05622,0.011917467093561118,119.38185735,5.781745529032101e-05,119.77084734
2016-12-28,CLV17,CLV17,19,1.0,0.0,False,False,0.05709,0.05689,0.0035155563367903486,119.801551,1.4454050440093624e-05,120.19363968
2016-12-29,CLV17,CLV17,20,1.0,0.0,False,False,0.05708,0.05709,-0.00017516202487311006,119.78056632,1.4454050440093624e-05,120.17432361
2016-12-30,CLV17,CLV17,21,1.0,0.0,False,False,0.057030000000000004,0.05708,-0.0008759635599158155,119.67564291,1.4454050440093624e-05,120.07079229
2017-01-03,CLV17,CLF18,1,1.0,0.0,False,True,0.05601,0.057030000000000004,-0.01788532351394012,117.53520532,5.781745529032101e-05,117.93022951
2017-01-04,CLV17,CLF18,2,1.0,0.0,False,True,0.057,0.05601,0.017675415104445813,119.61268886,1.4454050440093624e-05,120.01639984
2017-01-05,CLV17,CLF18,3,1.0,0.0,False,True,0.05735,0.057,0.0061403508771928905,120.34715274,1.4454050440093624e-05,120.75507737
2017-01-06,CLV17,CLF18,4,1.0,0.0,False,True,0.05757,0.05735,0.0038360941586748076,120.80881575,1.4454050440093624e-05,121.22005062
2017-01-09,CLV17,CLF18,5,1.0,0.0,False,True,0.05594,0.05757,-0.028313357651554738,117.38831254,4.3362778082256526e-05,117.79316041
2017-01-10,CLV17,CLF18,6,0.8,0.2,False,True,0.054869999999999995,0.05594,-0.01912763675366469,115.14295154,1.4454050440093624e-05,115.54175822
2017-01-11,CLV17,CLF18,7,0.6,0.4,False,True,0.056158,0.054925999999999996,0.022430178786003063,117.72562853,1.4454050440093624e-05,118.13505056
2017-01-12,CLV17,CLF18,8,0.3999999999999999,0.6000000000000001,False,True,0.056971999999999995,0.056195999999999996,0.0138088120150901,119.3512796,1.4454050440093624e-05,119.76806279
2017-01-13,CLV17,CLF18,9,0.19999999999999996,0.8,False,True,0.056302000000000005,0.05699799999999999,-0.012210954770342619,117.89388652,1.4454050440093624e-05,118.30731152
2017-01-17,CLV17,CLF18,10,0.0,1.0,False,True,0.056236,0.056336,-0.0017750639023004222,117.68461734,5.781745529032101e-05,118.10414871
2017-01-18,CLV17,CLF18,11,0.0,1.0,False,True,0.05496,0.05625,-0.02293333333333336,114.98571678,1.4454050440093624e-05,115.39733398
2017-01-19,CLV17,CLF18,12,0.0,1.0,False,True,0.05509,0.05496,0.0023653566229984158,115.25769901,1.4454050440093624e-05,115.67195779
2017-01-20,CLV17,CLF18,13,0.0,1.0,False,True,0.056100000000000004,0.05509,0.018333635868578835,117.37079169,1.4454050440093624e-05,117.79431727
2017-01-23,CLV17,CLF18,14,0.0,1.0,False,True,0.05575,0.056100000000000004,-0.00623885918003575,116.63853185,4.3362778082256526e-05,117.064523
2017-01-24,CLV17,CLF18,15,0.0,1.0,False,True,0.05589,0.05575,0.0025112107623319613,116.93143579,1.4454050440093624e-05,117.36018875
2017-01-25,CLV17,CLF18,16,0.0,1.0,False,True,0.055450000000000006,0.05589,-0.007872606906423218,116.01088056,1.4454050440093624e-05,116.43795445
2017-01-26,CLV17,CLF18,17,0.0,1.0,False,True,0.056240000000000005,0.055450000000000006,0.014247069431920556,117.66369563,1.4454050440093624e-05,118.09853707
2017-01-27,CLV17,CLF18,18,0.0,1.0,False,True,0.05553,0.056240000000000005,-0.012624466571835025,116.17825424,1.4454050440093624e-05,116.60931304
2017-01-30,CLV17,CLF18,19,0.0,1.0,False,True,0.05527,0.05553,-0.0046821537907437705,115.63428979,4.3362778082256526e-05,116.06838681
2017-01-31,CLV17,CLF18,20,0.0,1.0,False,True,0.055380000000000006,0.05527,0.0019902297810747704,115.8644286,1.4454050440093624e-05,116.30106723
2017-02-01,CLF18,CLF18,1,1.0,0.0,False,False,0.05618,0.055380000000000006,0.01444564824846517,117.53816538,1.4454050440093624e-05,117.98279256
2017-02-02,CLF18,CLF18,2,1.0,0.0,False,False,0.05594,0.05618,-0.004271982912068428,117.03604435,1.473220140102427e-05,117.48051024
2017-02-03,CLF18,CLF18,3,1.0,0.0,False,False,0.05631,0.05594,0.006614229531641147,117.81014761,1.473220140102427e-05,118.25928405
2017-02-06,CLF18,CLF18,4,1.0,0.0,False,False,0.055600000000000004,0.05631,-0.012608772864500017,116.32470622,4.419725531978891e-05,116.77340634
2017-02-07,CLF18,CLF18,5,1.0,0.0,False,False,0.05472,0.055600000000000004,-0.01582733812949655,114.48359576,1.473220140102427e-05,114.92691448
2017-02-08,CLF18,CLF18,6,1.0,0.0,False,False,0.054770000000000006,0.05472,0.0009137426900587275,114.58820431,1.473220140102427e-05,115.03362124
2017-02-09,CLF18,CLF18,7,1.0,0.0,False,False,0.05526,0.054770000000000006,0.0089465035603431,115.61336809,1.473220140102427e-05,116.06446464
2017-02-10,CLF18,CLF18,8,1.0,0.0,False,False,0.05604,0.05526,0.014115092290988063,117.24526145,1.473220140102427e-05,117.70443515
2017-02-13,CLF18,CLF18,9,1.0,0.0,False,False,0.055200000000000006,0.05604,-0.01498929336188426,115.48783783,4.419725531978891e-05,115.94533105
2017-02-14,CLF18,CLF18,10,1.0,0.0,False,False,0.055369999999999996,0.055200000000000006,0.003079710144927361,115.8435069,1.473220140102427e-05,116.3041172
2017-02-15,CLF18,CLF18,11,1.0,0.0,False,False,0.05507,0.055369999999999996,-0.005418096442116549,115.21585561,1.473220140102427e-05,115.67568369
2017-02-16,CLF18,CLF18,12,1.0,0.0,False,False,0.05485,0.05507,-0.003994915562011925,114.755578,1.473220140102427e-05,115.21527326
2017-02-17,CLF18,CLF18,13,1.0,0.0,False,False,0.05483,0.05485,-0.0003646308113036678,114.71373458,1.473220140102427e-05,115.1749596
2017-02-21,CLF18,CLF18,14,1.0,0.0,False,False,0.05496,0.05483,0.0023709648002918637,114.98571681,5.8930107843746526e-05,115.45482265
2017-02-22,CLF18,CLF18,15,1.0,0.0,False,False,0.054509999999999996,0.05496,-0.008187772925764336,114.04423987,1.473220140102427e-05,114.51120568
2017-02-23,CLF18,CLF18,16,1.0,0.0,False,False,0.055159999999999994,0.054509999999999996,0.01192441753806639,115.404151,1.473220140102427e-05,115.87837211
2017-02-24,CLF18,CLF18,17,1.0,0.0,False,False,0.05483,0.055159999999999994,-0.005982596084118885,114.71373458,1.473220140102427e-05,115.18682576
2017-02-27,CLF18,CLF18,18,1.0,0.0,False,False,0.055009999999999996,0.05483,0.003282874338865538,115.09032536,4.419725531978891e-05,115.57006058
2017-02-28,CLF18,CLF18,19,1.0,0.0,False,False,0.05525,0.055009999999999996,0.004362843119432913,115.59244639,1.473220140102427e-05,116.07597722
2017-03-01,CLF18,CLF18,1,1.0,0.0,False,False,0.05511,0.05525,-0.002533936651583746,115.29954245,1.473220140102427e-05,115.7835581
2017-03-02,CLF18,CLF18,2,1.0,0.0,False,False,0.05414,0.05511,-0.017601161313736124,113.2701366,2.1409960676344042e-05,113.74811193
2017-03-03,CLF18,CLF18,3,1.0,0.0,False,False,0.05478,0.05414,0.011821204285186626,114.60912602,2.1409960676344042e-05,115.09518694
2017-03-06,CLF18,CLF18,4,1.0,0.0,False,False,0.054869999999999995,0.05478,0.0016429353778750766,114.79742141,6.42312571978998e-05,115.29167361
2017-03-07,CLF18,CLF18,5,1.0,0.0,False,False,0.054759999999999996,0.054869999999999995,-0.002004738472753731,114.5672826,2.1409960676344042e-05,115.06301234
2017-03-08,CLF18,CLF18,6,1.0,0.0,False,False,0.05221,0.054759999999999996,-0.046566837107377634,109.23224661,2.1409960676344042e-05,109.70735528
2017-03-09,CLF18,CLF18,7,1.0,0.0,False,False,0.05133,0.05221,-0.016855008619038436,107.39113615,2.1409960676344042e-05,107.86058569
2017-03-10,CLF18,CLF18,8,1.0,0.0,False,False,0.05049,0.05133,-0.016364699006429007,105.63371253,2.1409960676344042e-05,106.09778896
2017-03-13,CLF18,CLF18,9,1.0,0.0,False,False,0.05053,0.05049,0.0007922360863537037,105.71739937,6.42312571978998e-05,106.18865825
2017-03-14,CLF18,CLF18,10,1.0,0.0,False,False,0.05004,0.05053,-0.009697209578468202,104.69223559,2.1409960676344042e-05,105.16119807
2017-03-15,CLF18,CLF18,11,1.0,0.0,False,False,0.0507,0.05004,0.01318944844124692,106.07306843,2.1409960676344042e-05,106.55046776
2017-03-16,CLF18,CLF18,12,1.0,0.0,False,False,0.05044,0.0507,-0.005128205128205221,105.52910398,2.1409960676344042e-05,106.00633635
2017-03-17,CLF18,CLF18,13,1.0,0.0,False,False,0.05052,0.05044,0.0015860428231562196,105.69647766,2.1409960676344042e-05,106.17673653
2017-03-20,CLF18,CLF18,14,1.0,0.0,False,False,0.05039,0.05052,-0.00257323832145695,105.42449543,6.42312571978998e-05,105.91033834
2017-03-21,CLF18,CLF18,15,1.0,0.0,False,False,0.05001,0.05039,-0.00754117880531846,104.62947046,2.1409960676344042e-05,105.11391708
2017-03-22,CLF18,CLF18,16,1.0,0.0,False,False,0.049890000000000004,0.05001,-0.002399520095980656,104.37840994,2.1409960676344042e-05,104.86394461
2017-03-23,CLF18,CLF18,17,1.0,0.0,False,False,0.04958,0.049890000000000004,-0.006213670074163291,103.72983694,2.1409960676344042e-05,104.21459979
2017-03-24,CLF18,CLF18,18,1.0,0.0,False,False,0.04977,0.04958,0.0038321903993545625,104.12734943,2.1409960676344042e-05,104.61620121
2017-03-27,CLF18,CLF18,19,1.0,0.0,False,False,0.04975,0.04977,-0.0004018485031143104,104.08550601,6.42312571978998e-05,104.58088098
2017-03-28,CLF18,CLF18,20,1.0,0.0,False,False,0.05017,0.04975,0.008442211055276427,104.96421782,2.1409960676344042e-05,105.46601392
2017-03-29,CLF18,CLF18,21,1.0,0.0,False,False,0.05104,0.05017,0.017341040462427904,106.78440657,2.1409960676344042e-05,107.29716236
2017-03-30,CLF18,CLF18,22,1.0,0.0,False,False,0.05178,0.05104,0.014498432601880884,108.33261309,2.1409960676344042e-05,108.85510026
2017-03-31,CLF18,CLF18,23,1.0,0.0,False,False,0.0521,0.05178,0.006179992275009649,109.0021078,2.1409960676344042e-05,109.53015452
2017-04-03,CLF18,CLJ18,1,1.0,0.0,False,True,0.05199,0.0521,-0.0021113243761995415,108.77196899,6.42312571978998e-05,109.30593609
2017-04-04,CLF18,CLJ18,2,1.0,0.0,False,True,0.05276,0.05199,0.014810540488555457,110.38294064,2.2523319511469353e-05,110.92727801
2017-04-05,CLF18,CLJ18,3,1.0,0.0,False,True,0.0528,0.05276,0.0007581501137223778,110.46662748,2.2523319511469353e-05,111.01387599
2017-04-06,CLF18,CLJ18,4,1.0,0.0,False,True,0.05321,0.0528,0.007765151515151558,111.32441758,2.2523319511469353e-05,111.87841596
2017-04-07,CLF18,CLJ18,5,1.0,0.0,False,True,0.0536,0.05321,0.007329449351625605,112.14036426,2.2523319511469353e-05,112.70094302
2017-04-10,CLF18,CLJ18,6,0.8,0.2,False,True,0.05442,0.0536,0.015298507462686572,113.85594446,6.75714804454497e-05,114.43271461
2017-04-11,CLF18,CLJ18,7,0.6,0.4,False,True,0.05474200000000001,0.05439000000000001,0.0064717779003493625,114.59279485,2.2523319511469353e-05,115.17587513
2017-04-12,CLF18,CLJ18,8,0.3999999999999999,0.6000000000000001,False,True,0.054678000000000004,0.054714000000000006,-0.0006579668823336604,114.51739659,2.2523319511469353e-05,115.10268737
2017-04-13,CLF18,CLJ18,9,0.19999999999999996,0.8,False,True,0.054751999999999995,0.054662,0.0016464820167574334,114.70594742,2.2523319511469353e-05,115.29479437
2017-04-17,CLF18,CLJ18,10,0.0,1.0,False,True,0.054394,0.054736,-0.006248173048816197,113.98924481,9.009632189105332e-05,114.58480018
2017-04-18,CLF18,CLJ18,11,0.0,1.0,False,True,0.054130000000000005,0.05439,-0.004780290494576178,113.44434311,2.2523319511469353e-05,114.03963238
2017-04-19,CLF18,CLJ18,12,0.0,1.0,False,True,0.052270000000000004,0.054130000000000005,-0.0343617217808978,109.54620015,2.2523319511469353e-05,110.12360281
2017-04-20,CLF18,CLJ18,13,0.0,1.0,False,True,0.05226,0.052270000000000004,-0.00019131432944330395,109.52524239,2.2523319511469353e-05,110.10501493
2017-04-21,CLF18,CLJ18,14,0.0,1.0,False,True,0.05145,0.05226,-0.015499425947187118,107.82766401,2.2523319511469353e-05,108.40093034
2017-04-24,CLF18,CLJ18,15,0.0,1.0,False,True,0.05111,0.05145,-0.006608357628765771,107.11510024,6.75714804454497e-05,107.69190303
2017-04-25,CLF18,CLJ18,16,0.0,1.0,False,True,0.05115,0.05111,0.0007826257092544697,107.19893127,2.2523319511469353e-05,107.77861106
2017-04-26,CLF18,CLJ18,17,0.0,1.0,False,True,0.05115,0.05115,0.0,107.19893127,2.2523319511469353e-05,107.78103859
2017-04-27,CLF18,CLJ18,18,0.0,1.0,False,True,0.05048,0.05115,-0.013098729227761563,105.7947615,2.2523319511469353e-05,106.37167154
2017-04-28,CLF18,CLJ18,19,0.0,1.0,False,True,0.05073,0.05048,0.0049524564183835995,106.31870545,2.2523319511469353e-05,106.90086845
2017-05-01,CLJ18,CLJ18,1,1.0,0.0,False,False,0.05035,0.05073,-0.0074906367041198685,105.52231065,6.75714804454497e-05,106.10733633
2017-05-02,CLJ18,CLJ18,2,1.0,0.0,False,False,0.04925,0.05035,-0.021847070506454735,103.21695729,2.5307215616221512e-05,103.79188715
2017-05-03,CLJ18,CLJ18,3,1.0,0.0,False,False,0.04949,0.04925,0.004873096446700531,103.71994348,2.5307215616221512e-05,104.30030171
2017-05-04,CLJ18,CLJ18,4,1.0,0.0,False,False,0.04758,0.04949,-0.0385936552838958,99.71701174,2.5307215616221512e-05,100.27761137
2017-05-05,CLJ18,CLJ18,5,1.0,0.0,False,False,0.048409999999999995,0.04758,0.017444304329550242,101.45650564,2.5307215616221512e-05,102.02942229
2017-05-08,CLJ18,CLJ18,6,1.0,0.0,False,False,0.04875,0.048409999999999995,0.007023342284652179,102.16906941,7.592356823016289e-05,102.75375629
2017-05-09,CLJ18,CLJ18,7,1.0,0.0,False,False,0.04825,0.04875,-0.01025641025641022,101.12118152,2.5307215616221512e-05,101.70247202
2017-05-10,CLJ18,CLJ18,8,1.0,0.0,False,False,0.04939,0.04825,0.023626943005181422,103.51036591,2.5307215616221512e-05,104.10796433
2017-05-11,CLJ18,CLJ18,9,1.0,0.0,False,False,0.04976,0.04939,0.00749139501923457,104.28580295,2.5307215616221512e-05,104.8905129
2017-05-12,CLJ18,CLJ18,10,1.0,0.0,False,False,0.04952,0.04976,-0.004823151125401881,103.78281676,2.5307215616221512e-05,104.38726459
2017-05-15,CLJ18,CLJ18,11,1.0,0.0,False,False,0.05015,0.04952,0.012722132471728598,105.1031555,7.592356823016289e-05,105.72321865
2017-05-16,CLJ18,CLJ18,12,1.0,0.0,False,False,0.05026,0.05015,0.00219341974077758,105.33369084,2.5307215616221512e-05,105.95778961
2017-05-17,CLJ18,CLJ18,13,1.0,0.0,False,False,0.05063,0.05026,0.007361719060883454,106.10912788,2.5307215616221512e-05,106.74050259
2017-05-18,CLJ18,CLJ18,14,1.0,0.0,False,False,0.05071,0.05063,0.0015800908552241477,106.27678994,2.5307215616221512e-05,106.91186358
2017-05-19,CLJ18,CLJ18,15,1.0,0.0,False,False,0.05156,0.05071,0.016761979885624223,108.05819936,2.5307215616221512e-05,108.70662373
2017-05-22,CLJ18,CLJ18,16,1.0,0.0,False,False,0.052020000000000004,0.05156,0.00892164468580292,109.02225622,7.592356823016289e-05,109.684719
2017-05-23,CLJ18,CLJ18,17,1.0,0.0,False,False,0.05221,0.052020000000000004,0.00365244136870424,109.42045362,2.5307215616221512e-05,110.08811182
2017-05-24,CLJ18,CLJ18,18,1.0,0.0,False,False,0.05193,0.05221,-0.005362957287875947,108.8336364,2.5307215616221512e-05,109.5005
2017-05-25,CLJ18,CLJ18,19,1.0,0.0,False,False,0.0498,0.05193,-0.04101675332177934,104.36963398,2.5307215616221512e-05,105.01191615
2017-05-26,CLJ18,CLJ18,20,1.0,0.0,False,False,0.05061,0.0498,0.01626506024096397,106.06721236,2.5307215616221512e-05,106.72259885
2017-05-30,CLJ18,CLJ18,21,1.0,0.0,False,False,0.05054,0.05061,-0.0013831258644536604,105.92050806,0.0001012327052605233,106.58579189
2017-05-31,CLJ18,CLJ18,22,1.0,0.0,False,False,0.049229999999999996,0.05054,-0.02592006331618535,103.17504178,2.5307215616221512e-05,103.8257788
2017-06-01,CLJ18,CLJ18,1,1.0,0.0,False,False,0.04935,0.049229999999999996,0.0024375380865326868,103.42653487,2.5307215616221512e-05,104.08148563
2017-06-02,CLJ18,CLJ18,2,1.0,0.0,False,False,0.0487,0.04935,-0.01317122593718334,102.06428061,2.781333186185897e-05,102.71349972
2017-06-05,CLJ18,CLJ18,3,1.0,0.0,False,False,0.04851,0.0487,-0.0039014373716632633,101.66608321,8.344231635160071e-05,102.32134008
2017-06-06,CLJ18,CLJ18,4,1.0,0.0,False,False,0.049030000000000004,0.04851,0.01071943929086805,102.75588662,2.781333186185897e-05,103.42101337
2017-06-07,CLJ18,CLJ18,5,1.0,0.0,False,False,0.04733,0.049030000000000004,-0.034672649398327704,99.19306779,2.781333186185897e-05,99.83800932
2017-06-08,CLJ18,CLJ18,6,1.0,0.0,False,False,0.047549999999999995,0.04733,0.0046482146630044685,99.65413846,2.781333186185897e-05,100.30485464
2017-06-09,CLJ18,CLJ18,7,1.0,0.0,False,False,0.04758,0.047549999999999995,0.0006309148264984632,99.71701173,2.781333186185897e-05,100.37092827
2017-06-12,CLJ18,CLJ18,8,1.0,0.0,False,False,0.04771,0.04758,0.002732240437158584,99.98946258,8.344231635160071e-05,100.65354096
2017-06-13,CLJ18,CLJ18,9,1.0,0.0,False,False,0.048,0.04771,0.006078390274575574,100.59723756,2.781333186185897e-05,101.26815198
2017-06-14,CLJ18,CLJ18,10,1.0,0.0,False,False,0.04654,0.048,-0.03041666666666676,97.53740492,2.781333186185897e-05,98.19072896
2017-06-15,CLJ18,CLJ18,11,1.0,0.0,False,False,0.046479999999999994,0.04654,-0.0012892135797164528,97.41165837,2.781333186185897e-05,98.06687115
2017-06-16,CLJ18,CLJ18,12,1.0,0.0,False,False,0.046729999999999994,0.046479999999999994,0.005378657487091321,97.93560232,2.781333186185897e-05,98.59706683
2017-06-19,CLJ18,CLJ18,13,1.0,0.0,False,False,0.04629,0.046729999999999994,-0.009415792852557114,97.01346098,8.344231635160071e-05,97.67692444
2017-06-20,CLJ18,CLJ18,14,1.0,0.0,False,False,0.04546,0.04629,-0.01793043853964138,95.27396708,2.781333186185897e-05,95.92825107
2017-06-21,CLJ18,CLJ18,15,1.0,0.0,False,False,0.04443,0.04546,-0.022657281126264972,93.11531802,2.781333186185897e-05,93.7574458
2017-06-22,CLJ18,CLJ18,16,1.0,0.0,False,False,0.04463,0.04443,0.004501462975467163,93.53447318,2.781333186185897e-05,94.18209918
2017-06-23,CLJ18,CLJ18,17,1.0,0.0,False,False,0.044950000000000004,0.04463,0.007170064978713864,94.20512143,2.781333186185897e-05,94.86001047
2017-06-26,CLJ18,CLJ18,18,1.0,0.0,False,False,0.045219999999999996,0.044950000000000004,0.006006674082313479,94.77098089,8.344231635160071e-05,95.43771897
2017-06-27,CLJ18,CLJ18,19,1.0,0.0,False,False,0.04611,0.045219999999999996,0.01968155683325956,96.63622134,2.781333186185897e-05,97.3187363
2017-06-28,CLJ18,CLJ18,20,1.0,0.0,False,False,0.046619999999999995,0.04611,0.011060507482107962,97.70506699,2.781333186185897e-05,98.39783767
2017-06-29,CLJ18,CLJ18,21,1.0,0.0,False,False,0.04685,0.046619999999999995,0.004933504933505084,98.18709542,2.781333186185897e-05,98.88602066
2017-06-30,CLJ18,CLJ18,22,1.0,0.0,False,False,0.047850000000000004,0.04685,0.02134471718249742,100.2828712,2.781333186185897e-05,100.99946515
2017-07-03,CLJ18,CLN18,1,1.0,0.0,False,True,0.04877,0.047850000000000004,0.019226750261232883,102.21098492,8.344231635160071e-05,102.94978427
2017-07-05,CLJ18,CLN18,2,1.0,0.0,False,True,0.046990000000000004,0.04877,-0.036497847037112896,98.48050403,6.008385432632046e-05,99.19852441
2017-07-06,CLJ18,CLN18,3,1.0,0.0,False,True,0.047229999999999994,0.046990000000000004,0.005107469674398679,98.98349022,3.0041475918007876e-05,99.70815794
2017-07-07,CLJ18,CLN18,4,1.0,0.0,False,True,0.04596,0.047229999999999994,-0.026889688757145702,96.32185498,3.0041475918007876e-05,97.03003199
2017-07-10,CLJ18,CLN18,5,1.0,0.0,False,True,0.04625,0.04596,0.006309834638816403,96.92962996,9.01271352520272e-05,97.65102049
2017-07-11,CLJ18,CLN18,6,0.8,0.2,False,True,0.04678,0.04625,0.011459459459459476,98.04039112,3.0041475918007876e-05,98.77298198
2017-07-12,CLJ18,CLN18,7,0.6,0.4,False,True,0.047020000000000006,0.04688200000000001,0.002943560428309455,98.32897894,3.0041475918007876e-05,99.06669351
2017-07-13,CLJ18,CLN18,8,0.3999999999999999,0.6000000000000001,False,True,0.047576,0.047099999999999996,0.010106157112526715,99.32270705,3.0041475918007876e-05,100.07085319
2017-07-14,CLJ18,CLN18,9,0.19999999999999996,0.8,False,True,0.048176,0.047644,0.011166148937956422,100.43175919,3.0041475918007876e-05,101.19126552
2017-07-17,CLJ18,CLN18,10,0.0,1.0,False,True,0.047942,0.048238,-0.0061362411376924,99.8154857,9.01271352520272e-05,100.57945159
2017-07-18,CLJ18,CLN18,11,0.0,1.0,False,True,0.04822,0.04801,0.004374088731514236,100.25208749,3.0041475918007876e-05,101.02241659
2017-07-19,CLJ18,CLN18,12,0.0,1.0,False,True,0.04887,0.04822,0.013479883865615827,101.60347399,3.0041475918007876e-05,102.3872219
2017-07-20,CLJ18,CLN18,13,0.0,1.0,False,True,0.04847,0.04887,-0.008184980560671073,100.77185153,3.0041475918007876e-05,101.55226034
2017-07-21,CLJ18,CLN18,14,0.0,1.0,False,True,0.047420000000000004,0.04847,-0.021662884258303983,98.58884257,3.0041475918007876e-05,99.35539625
2017-07-24,CLJ18,CLN18,15,0.0,1.0,False,True,0.047869999999999996,0.047420000000000004,0.00948966680725416,99.52441784,9.01271352520272e-05,100.30720048
2017-07-25,CLJ18,CLN18,16,0.0,1.0,False,True,0.049030000000000004,0.047869999999999996,0.02423229580112829,101.93612297,3.0041475918007876e-05,102.74088761
2017-07-26,CLJ18,CLN18,17,0.0,1.0,False,True,0.04951,0.049030000000000004,0.009789924535998251,102.93406992,3.0041475918007876e-05,103.74979963
2017-07-27,CLJ18,CLN18,18,0.0,1.0,False,True,0.04974,0.04951,0.004645526156332069,103.41225283,3.0041475918007876e-05,104.23488883
2017-07-28,CLJ18,CLN18,19,0.0,1.0,False,True,0.05005,0.04974,0.006232408524326383,104.05676024,3.0041475918007876e-05,104.88765461
2017-07-31,CLJ18,CLN18,20,0.0,1.0,False,True,0.05053,0.05005,0.009590409590409577,105.05470719,9.01271352520272e-05,105.9030234
2017-08-01,CLN18,CLN18,1,1.0,0.0,False,False,0.049890000000000004,0.05053,-0.012665743122897144,103.72411125,3.0041475918007876e-05,104.56486439
2017-08-02,CLN18,CLN18,2,1.0,0.0,False,False,0.05024,0.049890000000000004,0.007015433954700168,104.4517809,2.8370325058757473e-05,105.30139883
2017-08-03,CLN18,CLN18,3,1.0,0.0,False,False,0.04978,0.05024,-0.009156050955414052,103.49541507,2.8370325058757473e-05,104.34024129
2017-08-04,CLN18,CLN18,4,1.0,0.0,False,False,0.05028,0.04978,0.010044194455604671,104.53494314,2.8370325058757473e-05,105.39121513
2017-08-07,CLN18,CLN18,5,1.0,0.0,False,False,0.05028,0.05028,0.0,104.53494314,8.511338982519767e-05,105.40018533
2017-08-08,CLN18,CLN18,6,1.0,0.0,False,False,0.05002,0.05028,-0.0051710421638822,103.99438854,2.8370325058757473e-05,104.85814676
2017-08-09,CLN18,CLN18,7,1.0,0.0,False,False,0.05033,0.05002,0.006197520991603422,104.63889595,2.8370325058757473e-05,105.51098219
2017-08-10,CLN18,CLN18,8,1.0,0.0,False,False,0.049280000000000004,0.05033,-0.020862308762169546,102.45588699,2.8370325058757473e-05,103.31277288
2017-08-11,CLN18,CLN18,9,1.0,0.0,False,False,0.04955,0.049280000000000004,0.005478896103895847,103.01723215,2.8370325058757473e-05,103.88174385
2017-08-14,CLN18,CLN18,10,1.0,0.0,False,False,0.04856,0.04955,-0.019979818365287505,100.95896656,8.511338982519767e-05,101.8150472
2017-08-15,CLN18,CLN18,11,1.0,0.0,False,False,0.04847,0.04856,-0.0018533772652388203,100.77185151,2.8370325058757473e-05,101.62923404
2017-08-16,CLN18,CLN18,12,1.0,0.0,False,False,0.04784,0.04847,-0.012997730554982434,99.46204614,2.8370325058757473e-05,100.3111679
2017-08-17,CLN18,CLN18,13,1.0,0.0,False,False,0.047990000000000005,0.04784,0.0031354515050168175,99.77390456,2.8370325058757473e-05,100.62853456
2017-08-18,CLN18,CLN18,14,1.0,0.0,False,False,0.049280000000000004,0.047990000000000005,0.026880600125026133,102.45588699,2.8370325058757473e-05,103.33634482
2017-08-21,CLN18,CLN18,15,1.0,0.0,False,False,0.048159999999999994,0.049280000000000004,-0.02272727272727293,100.1273441,8.511338982519767e-05,100.99658683
2017-08-22,CLN18,CLN18,16,1.0,0.0,False,False,0.048799999999999996,0.048159999999999994,0.013289036544850585,101.45794003,2.8370325058757473e-05,102.34159946
2017-08-23,CLN18,CLN18,17,1.0,0.0,False,False,0.04942,0.048799999999999996,0.01270491803278695,102.74695484,2.8370325058757473e-05,103.64474456
2017-08-24,CLN18,CLN18,18,1.0,0.0,False,False,0.04871,0.04942,-0.014366653176851374,101.27082497,2.8370325058757473e-05,102.15865689
2017-08-25,CLN18,CLN18,19,1.0,0.0,False,False,0.04911,0.04871,0.008211866146581759,102.10244743,2.8370325058757473e-05,103.00046838
2017-08-28,CLN18,CLN18,20,1.0,0.0,False,False,0.04826,0.04911,-0.017308083893300852,100.3352497,8.511338982519767e-05,101.22649435
2017-08-29,CLN18,CLN18,21,1.0,0.0,False,False,0.04863,0.04826,0.00766680480729387,101.10450047,2.8370325058757473e-05,102.00544995
2017-08-30,CLN18,CLN18,22,1.0,0.0,False,False,0.048049999999999995,0.04863,-0.011926794159983656,99.8986479,2.8370325058757473e-05,100.79174587
2017-08-31,CLN18,CLN18,23,1.0,0.0,False,False,0.04987,0.048049999999999995,0.03787721123829346,103.68253009,2.8370325058757473e-05,104.61231562
2017-09-01,CLN18,CLN18,1,1.0,0.0,False,False,0.04995,0.04987,0.001604170844194952,103.84885458,2.8370325058757473e-05,104.78309953
2017-09-05,CLN18,CLN18,2,1.0,0.0,False,False,0.05052,0.04995,0.011411411411411443,105.03391658,0.00011571440803881394,105.9909475
2017-09-06,CLN18,CLN18,3,1.0,0.0,False,False,0.05083,0.05052,0.006136183689627872,105.67842399,2.8927346798379716e-05,106.64439346
2017-09-07,CLN18,CLN18,4,1.0,0.0,False,False,0.05086,0.05083,0.000590202636238546,105.74079567,2.8927346798379716e-05,106.7104202
2017-09-08,CLN18,CLN18,5,1.0,0.0,False,False,0.04981,0.05086,-0.02064490758946136,103.55778671,2.8927346798379716e-05,104.51048028
2017-09-11,CLN18,CLN18,6,1.0,0.0,False,False,0.05021,0.04981,0.008030515960650408,104.38940917,8.678455079369485e-05,105.35882326
2017-09-12,CLN18,CLN18,7,1.0,0.0,False,False,0.05023,0.05021,0.00039832702648867624,104.43099029,2.8927346798379716e-05,105.40383828
2017-09-13,CLN18,CLN18,8,1.0,0.0,False,False,0.0508,0.05023,0.011347800119450469,105.61605229,2.8927346798379716e-05,106.60298902
2017-09-14,CLN18,CLN18,9,1.0,0.0,False,False,0.05126,0.0508,0.009055118110236293,106.57241812,2.8927346798379716e-05,107.57137542
2017-09-15,CLN18,CLN18,10,1.0,0.0,False,False,0.05153,0.05126,0.005267264923917381,107.13376328,2.8927346798379716e-05,108.14109411
2017-09-18,CLN18,CLN18,11,1.0,0.0,False,False,0.0512,0.05153,-0.006404036483601772,106.44767475,8.678455079369485e-05,107.45793957
2017-09-19,CLN18,CLN18,12,1.0,0.0,False,False,0.05093,0.0512,-0.005273437499999978,105.88632959,2.8927346798379716e-05,106.89437531
2017-09-20,CLN18,CLN18,13,1.0,0.0,False,False,0.05153,0.05093,0.01178087571176123,107.13376328,2.8927346798379716e-05,108.15677683
2017-09-21,CLN18,CLN18,14,1.0,0.0,False,False,0.05148,0.05153,-0.0009703085581215243,107.02981047,2.8927346798379716e-05,108.05496007
2017-09-22,CLN18,CLN18,15,1.0,0.0,False,False,0.05153,0.05148,0.0009712509712509476,107.13376328,2.8927346798379716e-05,108.1630343
2017-09-25,CLN18,CLN18,16,1.0,0.0,False,False,0.052590000000000005,0.05153,0.020570541432175515,109.3375628,8.678455079369485e-05,110.39739336
2017-09-26,CLN18,CLN18,17,1.0,0.0,False,False,0.05237,0.052590000000000005,-0.004183304810800648,108.88017045,2.8927346798379716e-05,109.93876092
2017-09-27,CLN18,CLN18,18,1.0,0.0,False,False,0.052469999999999996,0.05237,0.001909490166125627,109.08807606,2.8927346798379716e-05,110.15186813
2017-09-28,CLN18,CLN18,19,1.0,0.0,False,False,0.05196,0.052469999999999996,-0.009719839908519101,108.02775742,2.8927346798379716e-05,109.084396
2017-09-29,CLN18,CLN18,20,1.0,0.0,False,False,0.05193,0.05196,-0.0005773672055428003,107.96538574,2.8927346798379716e-05,109.02456977
2017-10-02,CLN18,CLV18,1,1.0,0.0,False,True,0.05114,0.05193,-0.01521278644328905,106.32293138,8.678455079369485e-05,107.37546392
2017-10-03,CLN18,CLV18,2,1.0,0.0,False,True,0.05109,0.05114,-0.0009777082518575009,106.21897857,3.0320026041863457e-05,107.27373767
2017-10-04,CLN18,CLV18,3,1.0,0.0,False,True,0.05093,0.05109,-0.003131728322568028,105.88632959,3.0320026041863457e-05,106.94103801
2017-10-05,CLN18,CLV18,4,1.0,0.0,False,True,0.05174,0.05093,0.015904182210877638,107.57036507,3.0320026041863457e-05,108.64509022
2017-10-06,CLN18,CLV18,5,1.0,0.0,False,True,0.05038,0.05174,-0.026285272516428315,104.74284871,3.0320026041863457e-05,105.79261854
2017-10-09,CLN18,CLV18,6,0.8,0.2,False,True,0.05068,0.05038,0.005954743946010366,105.36656555,9.096283606502276e-05,106.43220969
2017-10-10,CLN18,CLV18,7,0.6,0.4,False,True,0.051626000000000005,0.05065600000000001,0.019148768161718177,107.38420549,3.0320026041863457e-05,108.47348243
2017-10-11,CLN18,CLV18,8,0.3999999999999999,0.6000000000000001,False,True,0.051921999999999996,0.051582,0.006591446628668729,108.09202275,3.0320026041863457e-05,109.19176852
2017-10-12,CLN18,CLV18,9,0.19999999999999996,0.8,False,True,0.051436,0.051877999999999994,-0.00851998920544339,107.17107988,3.0320026041863457e-05,108.26476653
2017-10-13,CLN18,CLV18,10,0.0,1.0,False,True,0.051977999999999996,0.051398000000000006,0.011284485777656617,108.38045041,3.0320026041863457e-05,109.48976134
2017-10-16,CLN18,CLV18,11,0.0,1.0,False,True,0.05214,0.05193,0.004043905257076874,108.81873068,9.096283606502276e-05,109.94248706
2017-10-17,CLN18,CLV18,12,0.0,1.0,False,True,0.05187,0.05214,-0.005178365937859586,108.25522747,3.0320026041863457e-05,109.37649809
2017-10-18,CLN18,CLV18,13,0.0,1.0,False,True,0.05207,0.05187,0.003855793329477608,108.67263725,3.0320026041863457e-05,109.80154756
2017-10-19,CLN18,CLV18,14,0.0,1.0,False,True,0.05151,0.05207,-0.01075475321682351,107.50388985,3.0320026041863457e-05,108.62398819
2017-10-20,CLN18,CLV18,15,0.0,1.0,False,True,0.05176,0.05151,0.004853426519122461,108.02565208,3.0320026041863457e-05,109.15448022
2017-10-23,CLN18,CLV18,16,0.0,1.0,False,True,0.05167,0.05176,-0.0017387944358577823,107.83781768,9.096283606502276e-05,108.97461202
2017-10-24,CLN18,CLV18,17,0.0,1.0,False,True,0.05225,0.05167,0.011225082252757757,109.04830605,3.0320026041863457e-05,110.20116511
2017-10-25,CLN18,CLV18,18,0.0,1.0,False,True,0.05219,0.05225,-0.0011483253588516762,108.92308311,3.0320026041863457e-05,110.07795961
2017-10-26,CLN18,CLV18,19,0.0,1.0,False,True,0.052469999999999996,0.05219,0.005365012454493057,109.50745681,3.0320026041863457e-05,110.6718668
2017-10-27,CLN18,CLV18,20,0.0,1.0,False,True,0.053259999999999995,0.052469999999999996,0.015056222603392344,111.15622546,3.0320026041863457e-05,112.34152264
2017-10-30,CLN18,CLV18,21,0.0,1.0,False,True,0.05342,0.053259999999999995,0.0030041306796846357,111.49015329,9.096283606502276e-05,112.68923016
2017-10-31,CLN18,CLV18,22,0.0,1.0,False,True,0.05343,0.05342,0.00018719580681381132,111.51102378,3.0320026041863457e-05,112.71374185
2017-11-01,CLV18,CLV18,1,1.0,0.0,False,False,0.053219999999999996,0.05343,-0.003930376193149954,111.07274351,3.0320026041863457e-05,112.27415193
2017-11-02,CLV18,CLV18,2,1.0,0.0,False,False,0.0535,0.053219999999999996,0.005261180007515964,111.65711721,3.477779907279377e-05,112.8687511
2017-11-03,CLV18,CLV18,3,1.0,0.0,False,False,0.05436,0.0535,0.016074766355140158,113.45197928,3.477779907279377e-05,114.68701523
2017-11-06,CLV18,CLV18,4,1.0,0.0,False,False,0.05576,0.05436,0.02575423105224428,116.37384777,0.00010433702574608184,117.65265722
2017-11-07,CLV18,CLV18,5,1.0,0.0,False,False,0.05584,0.05576,0.0014347202295552641,116.54081168,3.477779907279377e-05,117.82554756
2017-11-08,CLV18,CLV18,6,1.0,0.0,False,False,0.05582,0.05584,-0.0003581661891117749,116.4990707,3.477779907279377e-05,117.78744414
2017-11-09,CLV18,CLV18,7,1.0,0.0,False,False,0.056119999999999996,0.05582,0.005374417771407902,117.12518538,3.477779907279377e-05,118.42457947
2017-11-10,CLV18,CLV18,8,1.0,0.0,False,False,0.05604,0.056119999999999996,-0.0014255167498217203,116.95822147,3.477779907279377e-05,118.2598818
2017-11-13,CLV18,CLV18,9,1.0,0.0,False,False,0.05618,0.05604,0.0024982155603141543,117.25040832,0.00010433702574608184,118.56765936
2017-11-14,CLV18,CLV18,10,1.0,0.0,False,False,0.05507,0.05618,-0.01975792096831608,114.93378402,3.477779907279377e-05,116.22913244
2017-11-15,CLV18,CLV18,11,1.0,0.0,False,False,0.05478,0.05507,-0.005266025059015744,114.32853983,3.477779907279377e-05,115.62110911
2017-11-16,CLV18,CLV18,12,1.0,0.0,False,False,0.05457,0.05478,-0.00383351588170866,113.89025956,3.477779907279377e-05,115.1818948
2017-11-17,CLV18,CLV18,13,1.0,0.0,False,False,0.055439999999999996,0.05457,0.015942825728422205,115.70599212,3.477779907279377e-05,117.02222545
2017-11-20,CLV18,CLV18,14,1.0,0.0,False,False,0.055170000000000004,0.055439999999999996,-0.004870129870129691,115.14248891,0.00010433702574608184,116.46452176
2017-11-21,CLV18,CLV18,15,1.0,0.0,False,False,0.05526,0.055170000000000004,0.0016313213703098572,115.33032331,3.477779907279377e-05,116.6585632
2017-11-22,CLV18,CLV18,16,1.0,0.0,False,False,0.05579,0.05526,0.00959102424900471,116.43645924,3.477779907279377e-05,117.78149544
2017-11-24,CLV18,CLV18,17,1.0,0.0,False,False,0.05634,0.05579,0.009858397562287236,117.58433615,6.955680764075822e-05,118.95082476
2017-11-27,CLV18,CLV18,18,1.0,0.0,False,False,0.05615,0.05634,-0.003372381966631255,117.18779686,0.00010433702574608184,118.56208812
2017-11-28,CLV18,CLV18,19,1.0,0.0,False,False,0.05615,0.05615,0.0,117.18779686,3.477779907279377e-05,118.56621145
2017-11-29,CLV18,CLV18,20,1.0,0.0,False,False,0.05553,0.05615,-0.011041852181656209,115.89382653,3.477779907279377e-05,117.26114434
2017-11-30,CLV18,CLV18,21,1.0,0.0,False,False,0.055549999999999995,0.05553,0.00036016567621088846,115.93556751,3.477779907279377e-05,117.30745587
2017-12-01,CLV18,CLV18,1,1.0,0.0,False,False,0.05626,0.055549999999999995,0.012781278127812934,117.41737224,3.477779907279377e-05,118.81087478
2017-12-04,CLV18,CLV18,2,1.0,0.0,False,False,0.055659999999999994,0.05626,-0.010664770707429883,116.16514289,0.00011269874096520027,117.55717388
2017-12-05,CLV18,CLV18,3,1.0,0.0,False,False,0.05602,0.055659999999999994,0.0064678404599354256,116.9164805,3.756483585370951e-05,118.32193094
2017-12-06,CLV18,CLV18,4,1.0,0.0,False,False,0.054920000000000004,0.05602,-0.019635844341306607,114.62072669,3.756483585370951e-05,116.00302467
2017-12-07,CLV18,CLV18,5,1.0,0.0,False,False,0.05554,0.054920000000000004,0.0112891478514201,115.91469702,3.756483585370951e-05,117.3169576
2017-12-08,CLV18,CLV18,6,1.0,0.0,False,False,0.05618,0.05554,0.01152322650342108,117.25040833,3.756483585370951e-05,118.67323447
2017-12-11,CLV18,CLV18,7,1.0,0.0,False,False,0.056549999999999996,0.05618,0.0065859736561053595,118.02261643,0.00011269874096520027,119.46818759
2017-12-12,CLV18,CLV18,8,1.0,0.0,False,False,0.055670000000000004,0.056549999999999996,-0.015561450044208502,116.18601338,3.756483585370951e-05,117.61357716
2017-12-13,CLV18,CLV18,9,1.0,0.0,False,False,0.05489,0.055670000000000004,-0.014011137057661216,114.55811522,3.756483585370951e-05,115.97009534
2017-12-14,CLV18,CLV18,10,1.0,0.0,False,False,0.0555,0.05489,0.011113135361632276,115.83121506,3.756483585370951e-05,117.2632431
2017-12-15,CLV18,CLV18,11,1.0,0.0,False,False,0.05561,0.0555,0.0019819819819819617,116.06079044,3.756483585370951e-05,117.50006171
2017-12-18,CLV18,CLV18,12,1.0,0.0,False,False,0.05593,0.05561,0.00575436072648805,116.72864609,0.00011269874096520027,118.18944156
2017-12-19,CLV18,CLV18,13,1.0,0.0,False,False,0.05632,0.05593,0.006973001966744219,117.54259517,3.756483585370951e-05,119.01801654
2017-12-20,CLV18,CLV18,14,1.0,0.0,False,False,0.05671,0.05632,0.006924715909090828,118.35654425,3.756483585370951e-05,119.84665339
2017-12-21,CLV18,CLV18,15,1.0,0.0,False,False,0.05694,0.05671,0.004055722094868486,118.8365655,3.756483585370951e-05,120.33722013
2017-12-22,CLV18,CLV18,16,1.0,0.0,False,False,0.05725,0.05694,0.005444327362135626,119.48355067,3.756483585370951e-05,120.9968958
2017-12-26,CLV18,CLV18,17,1.0,0.0,False,False,0.05835,0.05725,0.019213973799126594,121.77930448,0.00015026781032867476,123.33990892
2017-12-27,CLV18,CLV18,18,1.0,0.0,False,False,0.0582,0.05835,-0.0025706940874035134,121.46624714,3.756483585370951e-05,123.02747299
2017-12-28,CLV18,CLV18,19,1.0,0.0,False,False,0.0583,0.0582,0.0017182130584192379,121.67495203,3.756483585370951e-05,123.24348191
2017-12-29,CLV18,CLV18,20,1.0,0.0,False,False,0.05872,0.0583,0.007204116638078961,122.55151258,3.756483585370951e-05,124.13597195
2018-01-02,CLV18,CLV18,1,1.0,0.0,False,False,0.05874,0.05872,0.00034059945504094635,122.59325356,0.00015026781032867476,124.19690624
2018-01-03,CLV18,CLV18,2,1.0,0.0,False,False,0.05945,0.05874,0.01208716377255703,124.07505829,3.9794979897811444e-05,125.703037
2018-01-04,CLV18,CLV18,3,1.0,0.0,False,False,0.05968,0.05945,0.0038687973086626304,124.55507954,3.9794979897811444e-05,126.19435892
2018-01-05,CLV18,CLV18,4,1.0,0.0,False,False,0.05958,0.05968,-0.0016756032171580948,124.34637465,3.9794979897811444e-05,125.98792915
2018-01-08,CLV18,CLV18,5,1.0,0.0,False,False,0.05999,0.05958,0.006881503860355798,125.20206471,0.00011938969067792904,126.86995723
2018-01-09,CLV18,CLV18,6,1.0,0.0,False,False,0.06079,0.05999,0.013335555925987563,126.87170385,3.9794979897811444e-05,128.56688743
2018-01-10,CLV18,CLV18,7,1.0,0.0,False,False,0.0611,0.06079,0.00509952294785343,127.51868902,3.9794979897811444e-05,129.22763354
2018-01-11,CLV18,CLV18,8,1.0,0.0,False,False,0.06125,0.0611,0.002454991816693841,127.83174636,3.9794979897811444e-05,129.55002894
2018-01-12,CLV18,CLV18,9,1.0,0.0,False,False,0.06173,0.06125,0.007836734693877467,128.83352984,3.9794979897811444e-05,130.57043359
2018-01-16,CLV18,CLV18,10,1.0,0.0,False,False,0.061380000000000004,0.06173,-0.005669852583832791,128.10306272,0.00015918942168613448,129.85090391
2018-01-17,CLV18,CLV18,11,1.0,0.0,False,False,0.0616,0.061380000000000004,0.0035842293906809264,128.56221348,3.9794979897811444e-05,130.32148675
2018-01-18,CLV18,CLV18,12,1.0,0.0,False,False,0.061630000000000004,0.0616,0.0004870129870129247,128.62482495,3.9794979897811444e-05,130.39014115
2018-01-19,CLV18,CLV18,13,1.0,0.0,False,False,0.06114,0.061630000000000004,-0.007950673373357198,127.60217098,3.9794979897811444e-05,129.3586406
2018-01-22,CLV18,CLV18,14,1.0,0.0,False,False,0.06142,0.06114,0.004579653254825011,128.18654468,0.00011938969067792904,129.96650241
2018-01-23,CLV18,CLV18,15,1.0,0.0,False,False,0.062119999999999995,0.06142,0.011396939107782389,129.64747892,3.9794979897811444e-05,131.45289473
2018-01-24,CLV18,CLV18,16,1.0,0.0,False,False,0.06255,0.062119999999999995,0.00692208628461044,130.54490996,3.9794979897811444e-05,132.36805418
2018-01-25,CLV18,CLV18,17,1.0,0.0,False,False,0.06274,0.06255,0.0030375699440450266,130.94144925,3.9794979897811444e-05,132.77539898
2018-01-26,CLV18,CLV18,18,1.0,0.0,False,False,0.06312,0.06274,0.006056742110296387,131.73452784,3.9794979897811444e-05,133.58486912
2018-01-29,CLV18,CLV18,19,1.0,0.0,False,False,0.06263,0.06312,-0.007762991128010044,130.71187387,0.00011938969067792904,132.56379962
2018-01-30,CLV18,CLV18,20,1.0,0.0,False,False,0.06178,0.06263,-0.013571770716908849,128.93788229,3.9794979897811444e-05,130.7699495
2018-01-31,CLV18,CLV18,21,1.0,0.0,False,False,0.06197,0.06178,0.0030754289414050007,129.33442158,3.9794979897811444e-05,131.17732717
2018-02-01,CLV18,CLV18,1,1.0,0.0,False,False,0.06263,0.06197,0.010650314668388061,130.71187387,3.9794979897811444e-05,132.57962718
2018-02-02,CLV18,CLV18,2,1.0,0.0,False,False,0.061770000000000005,0.06263,-0.01373143860769599,128.9170118,4.4256641097639715e-05,130.7649857
2018-02-05,CLV18,CLV18,3,1.0,0.0,False,False,0.060880000000000004,0.061770000000000005,-0.014408288813339887,127.05953826,0.0001327757993305756,128.89824844
2018-02-06,CLV18,CLV18,4,1.0,0.0,False,False,0.06017,0.060880000000000004,-0.011662286465177418,125.57773353,4.4256641097639715e-05,127.40070475
2018-02-07,CLV18,CLV18,5,1.0,0.0,False,False,0.05887,0.06017,-0.021605451221539007,122.86456993,4.4256641097639715e-05,124.65379336
2018-02-08,CLV18,CLV18,6,1.0,0.0,False,False,0.05845,0.05887,-0.007134363852556391,121.98800938,4.4256641097639715e-05,123.7699846
2018-02-09,CLV18,CLV18,7,1.0,0.0,False,False,0.05657,0.05845,-0.03216424294268605,118.06435741,4.4256641097639715e-05,119.79449439
2018-02-12,CLV18,CLV18,8,1.0,0.0,False,False,0.05659,0.05657,0.0003535442814213141,118.10609839,0.0001327757993305756,119.85275286
2018-02-13,CLV18,CLV18,9,1.0,0.0,False,False,0.05674,0.05659,0.0026506449902810036,118.41915573,4.4256641097639715e-05,120.17574424
2018-02-14,CLV18,CLV18,10,1.0,0.0,False,False,0.05805,0.05674,0.02308776876982721,121.15318982,4.4256641097639715e-05,122.95565261
2018-02-15,CLV18,CLV18,11,1.0,0.0,False,False,0.05812,0.05805,0.0012058570198105745,121.29928324,4.4256641097639715e-05,123.10936115
2018-02-16,CLV18,CLV18,12,1.0,0.0,False,False,0.05858,0.05812,0.00791465932553348,122.25932574,4.4256641097639715e-05,124.08917821
2018-02-20,CLV18,CLV18,13,1.0,0.0,False,False,0.05921,0.05858,0.010754523728234933,123.57416656,0.0001770383166392886,125.44566676
2018-02-21,CLV18,CLV18,14,1.0,0.0,False,False,0.0593,0.05921,0.0015200135112312108,123.76200096,4.4256641097639715e-05,125.64189767
2018-02-22,CLV18,CLV18,15,1.0,0.0,False,False,0.06017,0.0593,0.014671163575042279,125.57773352,4.4256641097639715e-05,127.49077099
2018-02-23,CLV18,CLV18,16,1.0,0.0,False,False,0.06106,0.06017,0.014791424297822875,127.43520706,4.4256641097639715e-05,129.38218339
2018-02-26,CLV18,CLV18,17,1.0,0.0,False,False,0.061380000000000004,0.06106,0.005240746806419949,128.10306271,0.0001327757993305756,130.07742147
2018-02-27,CLV18,CLV18,18,1.0,0.0,False,False,0.06064,0.061380000000000004,-0.012056044314108894,126.55864651,4.4256641097639715e-05,128.5149591
2018-02-28,CLV18,CLV18,19,1.0,0.0,False,False,0.05904,0.06064,-0.02638522427440626,123.21936824,4.4256641097639715e-05,125.12975072
2018-03-01,CLV18,CLV18,1,1.0,0.0,False,False,0.05842,0.05904,-0.010501355013550207,121.92539791,4.4256641097639715e-05,123.82125661
2018-03-02,CLV18,CLV18,2,1.0,0.0,False,False,0.05887,0.05842,0.007702841492639445,122.86456992,4.7883089752120966e-05,124.78096106
2018-03-05,CLV18,CLV18,3,1.0,0.0,False,False,0.060039999999999996,0.05887,0.019874299303550114,125.30641716,0.00014365614773725888,127.27882078
2018-03-06,CLV18,CLV18,4,1.0,0.0,False,False,0.06018,0.060039999999999996,0.0023317788141239415,125.59860401,4.7883089752120966e-05,127.58170134
2018-03-07,CLV18,CLV18,5,1.0,0.0,False,False,0.05897,0.06018,-0.020106347623795262,123.07327482,4.7883089752120966e-05,125.02260831
2018-03-08,CLV18,CLV18,6,1.0,0.0,False,False,0.05841,0.05897,-0.009496354078345037,121.90452742,4.7883089752120966e-05,123.84133582
2018-03-09,CLV18,CLV18,7,1.0,0.0,False,False,0.05995,0.05841,0.026365348399246757,125.11858276,4.7883089752120966e-05,127.11238569
2018-03-12,CLV18,CLV18,8,1.0,0.0,False,False,0.05963,0.05995,-0.005337781484570536,124.45072711,0.00014365614773725888,126.45214803
2018-03-13,CLV18,CLV18,9,1.0,0.0,False,False,0.05927,0.05963,-0.006037229582424919,123.6993895,4.7883089752120966e-05,125.6947823
2018-03-14,CLV18,CLV18,10,1.0,0.0,False,False,0.05949,0.05927,0.0037118272313143574,124.15854026,4.7883089752120966e-05,126.16735827
2018-03-15,CLV18,CLV18,11,1.0,0.0,False,False,0.05962,0.05949,0.0021852412170111357,124.42985662,4.7883089752120966e-05,126.44910566
2018-03-16,CLV18,CLV18,12,1.0,0.0,False,False,0.06055,0.05962,0.01559879235155992,126.37081212,4.7883089752120966e-05,128.42761378
2018-03-19,CLV18,CLV18,13,1.0,0.0,False,False,0.06019,0.06055,-0.005945499587118097,125.61947451,0.00014365614773725888,127.68249687
2018-03-20,CLV18,CLV18,14,1.0,0.0,False,False,0.06129,0.06019,0.018275461040039742,127.91522832,4.7883089752120966e-05,130.0220672
2018-03-21,CLV18,CLV18,15,1.0,0.0,False,False,0.06282,0.06129,0.02496328928046987,131.10841317,4.7883089752120966e-05,133.27407154
2018-03-22,CLV18,CLV18,16,1.0,0.0,False,False,0.062299999999999994,0.06282,-0.008277618592804958,130.02314773,4.7883089752120966e-05,132.17726118
2018-03-23,CLV18,CLV18,17,1.0,0.0,False,False,0.06356,0.062299999999999994,0.020224719101123778,132.65282937,4.7883089752120966e-05,134.85683822
2018-03-26,CLV18,CLV18,18,1.0,0.0,False,False,0.06333,0.06356,-0.003618628067967422,132.17280812,0.00014365614773725888,134.3882145
2018-03-27,CLV18,CLV18,19,1.0,0.0,False,False,0.0633,0.06333,-0.000473709142586487,132.11019665,4.7883089752120966e-05,134.33098849
2018-03-28,CLV18,CLV18,20,1.0,0.0,False,False,0.06254,0.0633,-0.012006319115323794,130.52403947,4.7883089752120966e-05,132.72459996
2018-03-29,CLV18,CLV18,21,1.0,0.0,False,False,0.06292,0.06254,0.006076111288775277,131.31711806,4.7883089752120966e-05,133.53740466
2018-04-02,CLV18,CLG19,1,1.0,0.0,False,True,0.06124,0.06292,-0.026700572155117674,127.81087587,0.0001915461161896559,129.99745812
2018-04-03,CLV18,CLG19,2,1.0,0.0,False,True,0.06178,0.06124,0.008817766165904573,128.93788229,4.955724342714518e-05,131.15018763
2018-04-04,CLV18,CLG19,3,1.0,0.0,False,True,0.06174,0.06178,-0.0006474587245063335,128.85440033,4.955724342714518e-05,131.07177274
2018-04-05,CLV18,CLG19,4,1.0,0.0,False,True,0.062119999999999995,0.06174,0.006154842889536605,129.64747892,4.955724342714518e-05,131.88499446
2018-04-06,CLV18,CLG19,5,1.0,0.0,False,True,0.06087,0.062119999999999995,-0.020122343850611624,127.03866777,4.955724342714518e-05,129.23769511
2018-04-09,CLV18,CLG19,6,0.8,0.2,False,True,0.062079999999999996,0.06087,0.01987842943978957,129.56399696,0.0001486790981641839,131.82595245
2018-04-10,CLV18,CLG19,7,0.6,0.4,False,True,0.06319200000000001,0.061756,0.023252801347237728,132.57672284,4.955724342714518e-05,134.89780806
2018-04-11,CLV18,CLG19,8,0.3999999999999999,0.6000000000000001,False,True,0.063926,0.062784,0.018189347604484984,134.98820694,4.955724342714518e-05,137.35819635
2018-04-12,CLV18,CLG19,9,0.19999999999999996,0.8,False,True,0.06349199999999999,0.063504,-0.00018896447467897648,134.96269896,4.955724342714518e-05,137.33904762
2018-04-13,CLV18,CLG19,10,0.0,1.0,False,True,0.063446,0.063056,0.006184978431870158,135.79744034,4.955724342714518e-05,138.19529281
2018-04-16,CLV18,CLG19,11,0.0,1.0,False,True,0.06236,0.063,-0.010158730158730145,134.41791079,0.0001486790981641839,136.81195088
2018-04-17,CLV18,CLG19,12,0.0,1.0,False,True,0.06266,0.06236,0.004810776138550299,135.06456527,4.955724342714518e-05,137.47690257
2018-04-18,CLV18,CLG19,13,0.0,1.0,False,True,0.06384000000000001,0.06266,0.018831790616023136,137.60807288,4.955724342714518e-05,140.07265179
2018-04-19,CLV18,CLG19,14,0.0,1.0,False,True,0.06395,0.06384000000000001,0.001723057644110293,137.84517952,4.955724342714518e-05,140.32094666
2018-04-20,CLV18,CLG19,15,0.0,1.0,False,True,0.06412000000000001,0.06395,0.0026583268178264063,138.21161706,4.955724342714518e-05,140.70091952
2018-04-23,CLV18,CLG19,16,0.0,1.0,False,True,0.06452,0.06412000000000001,0.006238303181534288,139.07382303,0.0001486790981641839,141.5995738
2018-04-24,CLV18,CLG19,17,0.0,1.0,False,True,0.06384000000000001,0.06452,-0.010539367637941499,137.60807288,4.955724342714518e-05,140.11422112
2018-04-25,CLV18,CLG19,18,0.0,1.0,False,True,0.06419,0.06384000000000001,0.005482456140350811,138.3625031,4.955724342714518e-05,140.88933486
2018-04-26,CLV18,CLG19,19,0.0,1.0,False,True,0.0644,0.06419,0.0032715376226826187,138.81516123,4.955724342714518e-05,141.3572417
2018-04-27,CLV18,CLG19,20,0.0,1.0,False,True,0.06426000000000001,0.0644,-0.0021739130434780263,138.51338914,4.955724342714518e-05,141.05694862
2018-04-30,CLV18,CLG19,21,0.0,1.0,False,True,0.0648,0.06426000000000001,0.008403361344537563,139.6773672,0.0001486790981641839,142.26327335
2018-05-01,CLG19,CLG19,1,1.0,0.0,False,False,0.06367,0.0648,-0.01743827160493816,137.24163533,4.955724342714518e-05,139.78949792
2018-05-02,CLG19,CLG19,2,1.0,0.0,False,False,0.06406,0.06367,0.006125333752159623,138.08228615,5.2348072665964196e-05,140.65307296
2018-05-03,CLG19,CLG19,3,1.0,0.0,False,False,0.06448999999999999,0.06406,0.006712457071495148,139.00915757,5.2348072665964196e-05,141.60456359
2018-05-04,CLG19,CLG19,4,1.0,0.0,False,False,0.06587,0.06448999999999999,0.021398666459916393,141.98376817,5.2348072665964196e-05,144.64212514
2018-05-07,CLG19,CLG19,5,1.0,0.0,False,False,0.06701,0.06587,0.017306816456656993,144.44105519,0.00015705243910346667,147.16813625
2018-05-08,CLG19,CLG19,6,1.0,0.0,False,False,0.06559000000000001,0.06701,-0.0211908670347708,141.380224,5.2348072665964196e-05,144.05721982
2018-05-09,CLG19,CLG19,7,1.0,0.0,False,False,0.06756999999999999,0.06559000000000001,0.030187528586674617,145.64814355,5.2348072665964196e-05,148.41349238
2018-05-10,CLG19,CLG19,8,1.0,0.0,False,False,0.06812,0.06756999999999999,0.00813970697054911,146.83367676,5.2348072665964196e-05,149.62930388
2018-05-11,CLG19,CLG19,9,1.0,0.0,False,False,0.06781999999999999,0.06812,-0.00440399295361138,146.18702228,5.2348072665964196e-05,148.97817028
2018-05-14,CLG19,CLG19,10,1.0,0.0,False,False,0.06819,0.06781999999999999,0.005455617811854996,146.9845628,0.00015705243910346667,149.81433562
2018-05-15,CLG19,CLG19,11,1.0,0.0,False,False,0.06829,0.06819,0.00146649068778415,147.20011429,5.2348072665964196e-05,150.04187944
2018-05-16,CLG19,CLG19,12,1.0,0.0,False,False,0.06851,0.06829,0.0032215551325229796,147.67432757,5.2348072665964196e-05,150.53310203
2018-05-17,CLG19,CLG19,13,1.0,0.0,False,False,0.06838,0.06851,-0.00189753320683117,147.39411063,5.2348072665964196e-05,150.25534059
2018-05-18,CLG19,CLG19,14,1.0,0.0,False,False,0.06811,0.06838,-0.003948522959929646,146.8121216,5.2348072665964196e-05,149.66991951
2018-05-21,CLG19,CLG19,15,1.0,0.0,False,False,0.0689,0.06811,0.011598884157979716,148.51497839,0.00015705243910346667,151.42942959
2018-05-22,CLG19,CLG19,16,1.0,0.0,False,False,0.06898,0.0689,0.0011611030478955175,148.68741958,5.2348072665964196e-05,151.6131818
2018-05-23,CLG19,CLG19,17,1.0,0.0,False,False,0.06886,0.06898,-0.0017396346767177828,148.42875779,5.2348072665964196e-05,151.35736691
2018-05-24,CLG19,CLG19,18,1.0,0.0,False,False,0.06785,0.06886,-0.014667441185013175,146.25168771,5.2348072665964196e-05,149.14526489
2018-05-25,CLG19,CLG19,19,1.0,0.0,False,False,0.06558,0.06785,-0.03345615327929252,141.35866883,5.2348072665964196e-05,144.16324552
2018-05-29,CLG19,CLG19,20,1.0,0.0,False,False,0.0645,0.06558,-0.016468435498627643,139.03071271,0.00020940873316188657,141.81929145
2018-05-30,CLG19,CLG19,21,1.0,0.0,False,False,0.06568,0.0645,0.018294573643410805,141.57422032,5.2348072665964196e-05,144.42123889
2018-05-31,CLG19,CLG19,22,1.0,0.0,False,False,0.06489,0.06568,-0.012028014616321525,139.87136353,5.2348072665964196e-05,142.69169829
2018-06-01,CLG19,CLV18,1,1.0,0.0,False,True,0.06423999999999999,0.06489,-0.010016951764524773,138.47027883,5.2348072665964196e-05,141.26983207
2018-06-04,CLG19,CLV18,2,1.0,0.0,False,True,0.06342,0.06423999999999999,-0.012764632627646155,136.70275659,0.0001595648697680918,139.48911626
2018-06-05,CLG19,CLV18,3,1.0,0.0,False,True,0.06391,0.06342,0.007726269315673218,137.7589589,5.3185461179161564e-05,140.57426553
2018-06-06,CLG19,CLV18,4,1.0,0.0,False,True,0.06347,0.06391,-0.0068846815834766595,136.81053233,5.3185461179161564e-05,139.61393298
2018-06-07,CLG19,CLV18,5,1.0,0.0,False,True,0.06444,0.06347,0.01528281077674487,138.90138181,5.3185461179161564e-05,141.75505173
2018-06-08,CLG19,CLV18,6,0.8,0.2,False,True,0.06425,0.06444,-0.002948479205462373,138.49183397,5.3185461179161564e-05,141.34462921
2018-06-11,CLG19,CLV18,7,0.6,0.4,False,True,0.064664,0.064412,0.003912314475563505,139.03365758,0.0001595648697680918,141.92016749
2018-06-12,CLG19,CLV18,8,0.3999999999999999,0.6000000000000001,False,True,0.06504,0.06483799999999999,0.003115456985101517,139.46681096,5.3185461179161564e-05,142.36986176
2018-06-13,CLG19,CLV18,9,0.19999999999999996,0.8,False,True,0.06554000000000001,0.06522,0.004906470407850527,140.15110074,5.3185461179161564e-05,143.07596728
2018-06-14,CLG19,CLV18,10,0.0,1.0,False,True,0.06559000000000001,0.06569000000000001,-0.001522301720200958,139.93774848,5.3185461179161564e-05,142.86577205
2018-06-15,CLG19,CLV18,11,0.0,1.0,False,True,0.06394,0.06579,-0.028119775041799744,136.00273047,5.3185461179161564e-05,138.85601706
2018-06-18,CLG19,CLV18,12,0.0,1.0,False,True,0.06481,0.06394,0.01360650609946834,137.85325245,0.0001595648697680918,140.76751884
2018-06-19,CLG19,CLV18,13,0.0,1.0,False,True,0.06412999999999999,0.06481,-0.010492207992593983,136.40686745,5.3185461179161564e-05,139.29804354
2018-06-20,CLG19,CLV18,14,0.0,1.0,False,True,0.06472,0.06412999999999999,0.009200062373304396,137.66181914,5.3185461179161564e-05,140.58700286
2018-06-21,CLG19,CLV18,15,0.0,1.0,False,True,0.06419,0.06472,-0.008189122373300384,136.53448966,5.3185461179161564e-05,139.44319588
2018-06-22,CLG19,CLV18,16,0.0,1.0,False,True,0.06679,0.06419,0.040504751518928295,142.06478524,5.3185461179161564e-05,145.09872423
2018-06-25,CLG19,CLV18,17,0.0,1.0,False,True,0.06618,0.06679,-0.009133103758047656,140.76729282,0.0001595648697680918,143.79667519
2018-06-26,CLG19,CLV18,18,0.0,1.0,False,True,0.06816,0.06618,0.029918404351767736,144.97882561,5.3185461179161564e-05,148.10649016
2018-06-27,CLG19,CLV18,19,0.0,1.0,False,True,0.06996,0.06816,0.02640845070422526,148.80749178,5.3185461179161564e-05,152.02563022
2018-06-28,CLG19,CLV18,20,0.0,1.0,False,True,0.07034,0.06996,0.005431675242996148,149.61576575,5.3185461179161564e-05,152.85946963
2018-06-29,CLG19,CLV18,21,0.0,1.0,False,True,0.07092,0.07034,0.008245663918111878,150.84944707,5.3185461179161564e-05,154.12802734
2018-07-02,CLV18,CLV18,1,1.0,0.0,False,False,0.0693,0.07092,-0.02284263959390853,147.40364752,0.0001595648697680918,150.63192978
2018-07-03,CLV18,CLV18,2,1.0,0.0,False,False,0.06884,0.0693,-0.006637806637806665,146.42521061,5.486043175695343e-05,149.64032789
2018-07-05,CLV18,CLV18,3,1.0,0.0,False,False,0.06846,0.06884,-0.005520046484602026,145.61693664,0.000109723873181089,148.83072544
2018-07-06,CLV18,CLV18,4,1.0,0.0,False,False,0.06914000000000001,0.06846,0.00993280747881986,147.06332164,5.486043175695343e-05,150.3171973
2018-07-09,CLV18,CLV18,5,1.0,0.0,False,False,0.06985,0.06914000000000001,0.010269019380966027,148.57351774,0.00016459032443694177,151.88554827
2018-07-10,CLV18,CLV18,6,1.0,0.0,False,False,0.07062,0.06985,0.011023622047244164,150.21133605,5.486043175695343e-05,153.56820966
2018-07-11,CLV18,CLV18,7,1.0,0.0,False,False,0.06709999999999999,0.07062,-0.04984423676012473,142.72416665,5.486043175695343e-05,145.92214428
2018-07-12,CLV18,CLV18,8,1.0,0.0,False,False,0.06806999999999999,0.06709999999999999,0.0144560357675112,144.78739231,5.486043175695343e-05,148.03960537
2018-07-13,CLV18,CLV18,9,1.0,0.0,False,False,0.06855,0.06806999999999999,0.00705156456588818,145.80836996,5.486043175695343e-05,149.09163773
2018-07-16,CLV18,CLV18,10,1.0,0.0,False,False,0.06566,0.06855,-0.042159008023340716,139.66123372,0.00016459032443694177,142.83062122
2018-07-17,CLV18,CLV18,11,1.0,0.0,False,False,0.06584000000000001,0.06566,0.002741395065489094,140.04410034,5.486043175695343e-05,143.23001213
2018-07-18,CLV18,CLV18,12,1.0,0.0,False,False,0.06638,0.06584000000000001,0.008201701093559999,141.19270019,5.486043175695343e-05,144.41259954
2018-07-19,CLV18,CLV18,13,1.0,0.0,False,False,0.06653,0.06638,0.0022597167821634123,141.5117557,5.486043175695343e-05,144.74685365
2018-07-20,CLV18,CLV18,14,1.0,0.0,False,False,0.06664,0.06653,0.0016533894483692357,141.74572974,5.486043175695343e-05,144.99411744
2018-07-23,CLV18,CLV18,15,1.0,0.0,False,False,0.06675,0.06664,0.0016506602641055412,141.97970378,0.00016459032443694177,145.25731809
2018-07-24,CLV18,CLV18,16,1.0,0.0,False,False,0.06719,0.06675,0.006591760299625493,142.91559995,5.486043175695343e-05,146.22278839
2018-07-25,CLV18,CLV18,17,1.0,0.0,False,False,0.06801,0.06719,0.012204197053133026,144.65977009,5.486043175695343e-05,148.01534195
2018-07-26,CLV18,CLV18,18,1.0,0.0,False,False,0.06843,0.06801,0.006175562417291669,145.55312553,5.486043175695343e-05,148.93754012
2018-07-27,CLV18,CLV18,19,1.0,0.0,False,False,0.06773,0.06843,-0.010229431535876188,144.0641998,5.486043175695343e-05,147.42216453
2018-07-30,CLV18,CLV18,20,1.0,0.0,False,False,0.06895,0.06773,0.018012697475269457,146.65918465,0.00016459032443694177,150.10189964
2018-07-31,CLV18,CLV18,21,1.0,0.0,False,False,0.06763,0.06895,-0.01914430746918061,143.85149613,5.486043175695343e-05,147.23653738
2018-08-01,CLV18,CLV18,1,1.0,0.0,False,False,0.0665,0.06763,-0.016708561289368484,141.44794459,5.486043175695343e-05,144.78450413
2018-08-02,CLV18,CLV18,2,1.0,0.0,False,False,0.06766,0.0665,0.01744360902255626,143.91530723,5.681489035591625e-05,147.31829433
2018-08-03,CLV18,CLV18,3,1.0,0.0,False,False,0.06735,0.06766,-0.004581732190363619,143.25592583,5.681489035591625e-05,146.65169123
2018-08-06,CLV18,CLV18,4,1.0,0.0,False,False,0.06794,0.06735,0.008760207869339398,144.51087752,0.0001704543550467008,147.96138795
2018-08-07,CLV18,CLV18,5,1.0,0.0,False,False,0.06833,0.06794,0.005740359140417928,145.34042186,5.681489035591625e-05,148.81914587
2018-08-08,CLV18,CLV18,6,1.0,0.0,False,False,0.06625,0.06833,-0.030440509293136242,140.9161854,5.681489035591625e-05,144.29747042
2018-08-09,CLV18,CLV18,7,1.0,0.0,False,False,0.06614,0.06625,-0.0016603773584905612,140.68221136,5.681489035591625e-05,144.06608042
2018-08-10,CLV18,CLV18,8,1.0,0.0,False,False,0.06694,0.06614,0.012095554883580162,142.38384077,5.681489035591625e-05,145.8168247
2018-08-13,CLV18,CLV18,9,1.0,0.0,False,False,0.06656999999999999,0.06694,-0.005527337914550512,141.59683717,0.0001704543550467008,145.03570095
2018-08-14,CLV18,CLV18,10,1.0,0.0,False,False,0.06633,0.06656999999999999,-0.0036052275799908218,141.08634835,5.681489035591625e-05,144.52105443
2018-08-15,CLV18,CLV18,11,1.0,0.0,False,False,0.06445999999999999,0.06633,-0.02819237147595377,137.10878961,5.681489035591625e-05,140.45487413
2018-08-16,CLV18,CLV18,12,1.0,0.0,False,False,0.06488,0.06445999999999999,0.0065156686317096035,138.00214505,5.681489035591625e-05,141.37801148
2018-08-17,CLV18,CLV18,13,1.0,0.0,False,False,0.06520999999999999,0.06488,0.005086313193588099,138.70406718,5.681489035591625e-05,142.1051367
2018-08-20,CLV18,CLV18,14,1.0,0.0,False,False,0.06542,0.06520999999999999,0.003220364974697354,139.1507449,0.0001704543550467008,142.58698954
2018-08-21,CLV18,CLV18,15,1.0,0.0,False,False,0.06584000000000001,0.06542,0.006420055029043192,140.04410034,5.681489035591625e-05,143.51050692
2018-08-22,CLV18,CLV18,16,1.0,0.0,False,False,0.06786,0.06584000000000001,0.030680437424058127,144.3407146,5.681489035591625e-05,147.92162558
2018-08-23,CLV18,CLV18,17,1.0,0.0,False,False,0.06783,0.06786,-0.0004420866489832642,144.2769035,5.681489035591625e-05,147.86463556
2018-08-24,CLV18,CLV18,18,1.0,0.0,False,False,0.06872,0.06783,0.013121037888839782,146.16996622,5.681489035591625e-05,149.81317396
2018-08-27,CLV18,CLV18,19,1.0,0.0,False,False,0.06887,0.06872,0.0021827706635622057,146.48902173,0.0001704543550467008,150.16571806
2018-08-28,CLV18,CLV18,20,1.0,0.0,False,False,0.06853000000000001,0.06887,-0.004936837519965098,145.76582923,5.681489035591625e-05,149.43290596
2018-08-29,CLV18,CLV18,21,1.0,0.0,False,False,0.06951,0.06853000000000001,0.01430030643513791,147.85032526,5.681489035591625e-05,151.57833233
2018-08-30,CLV18,CLV18,22,1.0,0.0,False,False,0.07025,0.06951,0.010645950222989642,149.42433246,5.681489035591625e-05,153.20063961
2018-08-31,CLV18,CLV18,23,1.0,0.0,False,False,0.0698,0.07025,-0.006405693950177982,148.46716592,5.681489035591625e-05,152.22798728
2018-09-04,CLV18,CLQ19,1,1.0,0.0,False,True,0.06987,0.0698,0.0010028653295128809,148.61605849,0.00022727892974816477,152.41524966
2018-09-05,CLV18,CLQ19,2,1.0,0.0,False,True,0.06872,0.06987,-0.016459138399885442,146.16996621,5.9328282167925295e-05,149.9156685
2018-09-06,CLV18,CLQ19,3,1.0,0.0,False,True,0.06777,0.06872,-0.013824214202561191,144.14928129,5.9328282167925295e-05,147.85209643
2018-09-07,CLV18,CLQ19,4,1.0,0.0,False,True,0.06775,0.06777,-0.0002951158329643766,144.10674055,5.9328282167925295e-05,147.81723474
2018-09-10,CLV18,CLQ19,5,1.0,0.0,False,True,0.06754,0.06775,-0.0030996309963099433,143.66006283,0.00017799540624796606,147.38536665
2018-09-11,CLV18,CLQ19,6,0.8,0.2,False,True,0.06925,0.06754,0.025318329878590617,147.29729569,5.9328282167925295e-05,151.1256621
2018-09-12,CLV18,CLQ19,7,0.6,0.4,False,True,0.06991,0.06881200000000001,0.01595651921176522,149.64764782,5.9328282167925295e-05,153.54606766
2018-09-13,CLV18,CLQ19,8,0.3999999999999999,0.6000000000000001,False,True,0.06785,0.06945,-0.023038156947444266,146.20004182,5.9328282167925295e-05,150.01775888
2018-09-14,CLV18,CLQ19,9,0.19999999999999996,0.8,False,True,0.067814,0.06748,0.0049496147006520275,146.9236757,5.9328282167925295e-05,150.76918928
2018-09-17,CLV18,CLQ19,10,0.0,1.0,False,True,0.067414,0.067422,-0.00011865563169277671,146.90624238,0.00017799540624796606,150.77813589
2018-09-18,CLV18,CLQ19,11,0.0,1.0,False,True,0.06773,0.06704,0.010292362768496321,148.41825472,5.9328282167925295e-05,152.33894457
2018-09-19,CLV18,CLQ19,12,0.0,1.0,False,True,0.06837,0.06773,0.009449283921452833,149.82070095,5.9328282167925295e-05,153.78747652
2018-09-20,CLV18,CLQ19,13,0.0,1.0,False,True,0.06814,0.06837,-0.003364048559309607,149.31669684,5.9328282167925295e-05,153.27925193
2018-09-21,CLV18,CLQ19,14,0.0,1.0,False,True,0.06824,0.06814,0.0014675667742880538,149.53582906,5.9328282167925295e-05,153.51329326
2018-09-24,CLV18,CLQ19,15,0.0,1.0,False,True,0.06967,0.06824,0.020955451348182885,152.66941985,0.00017799540624796606,156.75755827
2018-09-25,CLV18,CLQ19,16,0.0,1.0,False,True,0.07012,0.06967,0.006459021099469053,153.65551485,5.9328282167925295e-05,157.7793588
2018-09-26,CLV18,CLQ19,17,0.0,1.0,False,True,0.06966,0.07012,-0.00656018254420998,152.64750662,5.9328282167925295e-05,156.75365818
2018-09-27,CLV18,CLQ19,18,0.0,1.0,False,True,0.07018,0.06966,0.007464829170255705,153.78699418,5.9328282167925295e-05,157.93309739
2018-09-28,CLV18,CLQ19,19,0.0,1.0,False,True,0.07116,0.07018,0.013964092333998313,155.93448997,5.9328282167925295e-05,160.14785965
2018-10-01,CLQ19,CLQ19,1,1.0,0.0,False,False,0.0733,0.07116,0.03007307476110177,160.62391954,0.00017799540624796606,164.99250378
2018-10-02,CLQ19,CLQ19,2,1.0,0.0,False,False,0.07341,0.0733,0.0015006821282401717,160.86496499,6.268037550505312e-05,165.25044688
2018-10-03,CLQ19,CLQ19,3,1.0,0.0,False,False,0.0746,0.07341,0.016210325568723594,163.47263845,6.268037550505312e-05,167.93956839
2018-10-04,CLQ19,CLQ19,4,1.0,0.0,False,False,0.0729,0.0746,-0.02278820375335111,159.74739066,6.268037550505312e-05,164.12305381
2018-10-05,CLQ19,CLQ19,5,1.0,0.0,False,False,0.07307999999999999,0.0729,0.0024691358024688803,160.14182866,6.268037550505312e-05,164.53858321
2018-10-08,CLQ19,CLQ19,6,1.0,0.0,False,False,0.07297,0.07307999999999999,-0.0015051997810617834,159.90078321,0.00018805291324941464,164.32186173
2018-10-09,CLQ19,CLQ19,7,1.0,0.0,False,False,0.07363,0.07297,0.009044812936823465,161.34705588,6.268037550505312e-05,165.81842198
2018-10-10,CLQ19,CLQ19,8,1.0,0.0,False,False,0.07213,0.07363,-0.02037213092489476,158.06007253,6.268037550505312e-05,162.45074094
2018-10-11,CLQ19,CLQ19,9,1.0,0.0,False,False,0.06998,0.07213,-0.02980729238874258,153.34872973,6.268037550505312e-05,157.61870668
2018-10-12,CLQ19,CLQ19,10,1.0,0.0,False,False,0.07031,0.06998,0.004715633038010925,154.07186607,6.268037550505312e-05,158.37185826
2018-10-15,CLQ19,CLQ19,11,1.0,0.0,False,False,0.07068,0.07031,0.005262409330109685,154.8826553,0.00018805291324941464,159.2350581
2018-10-16,CLQ19,CLQ19,12,1.0,0.0,False,False,0.07101,0.07068,0.004668930390492321,155.60579164,6.268037550505312e-05,159.98849642
2018-10-17,CLQ19,CLQ19,13,1.0,0.0,False,False,0.06937,0.07101,-0.02309533868469238,152.01202318,6.268037550505312e-05,156.30353605
2018-10-18,CLQ19,CLQ19,14,1.0,0.0,False,False,0.06848,0.06937,-0.012829753495747442,150.06174639,6.268037550505312e-05,154.30799737
2018-10-19,CLQ19,CLQ19,15,1.0,0.0,False,False,0.06915,0.06848,0.009783878504672883,151.52993228,6.268037550505312e-05,155.82740015
2018-10-22,CLQ19,CLQ19,16,1.0,0.0,False,False,0.06962,0.06915,0.006796818510484526,152.55985373,0.00018805291324941464,156.91583451
2018-10-23,CLQ19,CLQ19,17,1.0,0.0,False,False,0.06694,0.06962,-0.03849468543521983,146.68711015,6.268037550505312e-05,150.88524436
2018-10-24,CLQ19,CLQ19,18,1.0,0.0,False,False,0.06713,0.06694,0.002838362712877185,147.10346137,6.268037550505312e-05,151.32296895
2018-10-25,CLQ19,CLQ19,19,1.0,0.0,False,False,0.06753,0.06713,0.0059585878146881655,147.97999026,6.268037550505312e-05,152.23412513
2018-10-26,CLQ19,CLQ19,20,1.0,0.0,False,False,0.06786,0.06753,0.004886717014660036,148.7031266,6.268037550505312e-05,152.98759232
2018-10-29,CLQ19,CLQ19,21,1.0,0.0,False,False,0.06764,0.06786,-0.003241968759210123,148.22103571,0.00018805291324941464,152.52038109
2018-10-30,CLQ19,CLQ19,22,1.0,0.0,False,False,0.06667000000000001,0.06764,-0.014340626848018956,146.09545315,6.268037550505312e-05,150.34270326
2018-10-31,CLQ19,CLQ19,23,1.0,0.0,False,False,0.06601,0.06667000000000001,-0.0098995050247489,144.64918048,6.268037550505312e-05,148.86380845
2018-11-01,CLQ19,CLX19,1,1.0,0.0,False,True,0.06437000000000001,0.06601,-0.024844720496894235,141.05541202,6.268037550505312e-05,145.17465958
2018-11-02,CLQ19,CLX19,2,1.0,0.0,False,True,0.06398,0.06437000000000001,-0.006058723007612454,140.20079635,6.51951240451254e-05,144.30455121
2018-11-05,CLQ19,CLX19,3,1.0,0.0,False,True,0.06394,0.06398,-0.0006251953735542104,140.11314346,0.0001955981236252402,144.24255837
2018-11-06,CLQ19,CLX19,4,1.0,0.0,False,True,0.06321,0.06394,-0.011416953393806661,138.51347823,6.51951240451254e-05,142.60515171
2018-11-07,CLQ19,CLX19,5,1.0,0.0,False,True,0.06323,0.06321,0.000316405632020178,138.55730467,6.51951240451254e-05,142.65956994
2018-11-08,CLQ19,CLX19,6,0.8,0.2,False,True,0.062329999999999997,0.06323,-0.01423374980230896,136.58511466,6.51951240451254e-05,140.63829002
2018-11-09,CLQ19,CLX19,7,0.6,0.4,False,True,0.061626000000000014,0.062376,-0.012023855328972433,134.942835,6.51951240451254e-05,138.9564445
2018-11-12,CLQ19,CLX19,8,0.3999999999999999,0.6000000000000001,False,True,0.061374,0.06166200000000001,-0.004670623722876521,134.31256779,0.0001955981236252402,138.33461085
2018-11-13,CLQ19,CLX19,9,0.19999999999999996,0.8,False,True,0.057338,0.061406,-0.06624759795459734,125.4146828,6.51951240451254e-05,129.17929391
2018-11-14,CLQ19,CLX19,10,0.0,1.0,False,True,0.058,0.057394,0.010558594975084601,126.73888564,6.51951240451254e-05,130.55166761
2018-11-15,CLQ19,CLX19,11,0.0,1.0,False,True,0.05801,0.05806,-0.0008611780916293332,126.62974089,6.51951240451254e-05,130.44775071
2018-11-16,CLQ19,CLX19,12,0.0,1.0,False,True,0.05794,0.05801,-0.001206688501982467,126.47693824,6.51951240451254e-05,130.29884547
2018-11-19,CLQ19,CLX19,13,0.0,1.0,False,True,0.05796,0.05794,0.00034518467380051376,126.52059614,0.0001955981236252402,130.36930884
2018-11-20,CLQ19,CLX19,14,0.0,1.0,False,True,0.054119999999999994,0.05796,-0.06625258799171851,118.13827921,6.51951240451254e-05,121.74050418
2018-11-21,CLQ19,CLX19,15,0.0,1.0,False,True,0.055490000000000005,0.054119999999999994,0.025314116777531703,121.12884541,6.51951240451254e-05,124.83019441
2018-11-23,CLQ19,CLX19,16,0.0,1.0,False,True,0.051590000000000004,0.055490000000000005,-0.07028293386195716,112.61555478,0.00013039449849450158,116.07303928
2018-11-26,CLQ19,CLX19,17,0.0,1.0,False,True,0.05266,0.051590000000000004,0.020740453576274298,114.95125247,0.0001955981236252402,118.50315044
2018-11-27,CLQ19,CLX19,18,0.0,1.0,False,True,0.052719999999999996,0.05266,0.0011393847322445083,115.08222617,6.51951240451254e-05,118.64589695
2018-11-28,CLQ19,CLX19,19,0.0,1.0,False,True,0.05174,0.052719999999999996,-0.018588770864946813,112.94298904,6.51951240451254e-05,116.44815069
2018-11-29,CLQ19,CLX19,20,0.0,1.0,False,True,0.052700000000000004,0.05174,0.018554310011596575,115.03856827,6.51951240451254e-05,118.61635763
2018-11-30,CLQ19,CLX19,21,0.0,1.0,False,True,0.051840000000000004,0.052700000000000004,-0.016318785578747663,113.16127854,6.51951240451254e-05,116.68841593
2018-12-03,CLX19,CLX19,1,1.0,0.0,False,False,0.05407,0.051840000000000004,0.04301697530864179,118.02913446,0.0001955981236252402,121.73082267
2018-12-04,CLX19,CLX19,2,1.0,0.0,False,False,0.05467,0.05407,0.011096726465692708,119.33887148,6.687194633392401e-05,123.08977669
2018-12-05,CLX19,CLX19,3,1.0,0.0,False,False,0.05447,0.05467,-0.003658313517468592,118.90229247,6.687194633392401e-05,122.64770695
2018-12-06,CLX19,CLX19,4,1.0,0.0,False,False,0.05337,0.05447,-0.02019460253350458,116.50110793,6.687194633392401e-05,120.17908694
2018-12-07,CLX19,CLX19,5,1.0,0.0,False,False,0.054310000000000004,0.05337,0.017612891137343212,118.55302926,6.687194633392401e-05,122.30382472
2018-12-10,CLX19,CLX19,6,1.0,0.0,False,False,0.05267,0.054310000000000004,-0.030197017123918313,114.97308141,0.00020062925487218664,118.63515176
2018-12-11,CLX19,CLX19,7,1.0,0.0,False,False,0.05299,0.05267,0.006075564837668468,115.67160782,6.687194633392401e-05,119.36386068
2018-12-12,CLX19,CLX19,8,1.0,0.0,False,False,0.05298,0.05299,-0.00018871485185889547,115.64977887,6.687194633392401e-05,119.34931704
2018-12-13,CLX19,CLX19,9,1.0,0.0,False,False,0.05436,0.05298,0.026047565118912708,118.66217402,6.687194633392401e-05,122.46605727
2018-12-14,CLX19,CLX19,10,1.0,0.0,False,False,0.053329999999999995,0.05436,-0.01894775570272267,116.41379214,6.687194633392401e-05,120.15378988
2018-12-17,CLX19,CLX19,11,1.0,0.0,False,False,0.052590000000000005,0.053329999999999995,-0.013875867241702422,114.79844982,0.00020062925487218664,118.51065821
2018-12-18,CLX19,CLX19,12,1.0,0.0,False,False,0.049159999999999995,0.052590000000000005,-0.06522152500475398,107.31111985,6.687194633392401e-05,110.78913739
2018-12-19,CLX19,CLX19,13,1.0,0.0,False,False,0.05056,0.049159999999999995,0.028478437754271946,110.3671729,6.687194633392401e-05,113.95164763
2018-12-20,CLX19,CLX19,14,1.0,0.0,False,False,0.04839,0.05056,-0.04291930379746833,105.63029068,6.687194633392401e-05,109.06854242
2018-12-21,CLX19,CLX19,15,1.0,0.0,False,False,0.04801,0.04839,-0.007852862161603746,104.80079057,6.687194633392401e-05,108.21933582
2018-12-24,CLX19,CLX19,16,1.0,0.0,False,False,0.04512,0.04801,-0.06019579254322005,98.49222392,0.00020062925487218664,101.72669909
2018-12-26,CLX19,CLX19,17,1.0,0.0,False,False,0.04872,0.04512,0.07978723404255317,106.35064604,0.00013374836452495487,109.85679682
2018-12-27,CLX19,CLX19,18,1.0,0.0,False,False,0.04725,0.04872,-0.030172413793103425,103.14179034,6.687194633392401e-05,106.54949843
2018-12-28,CLX19,CLX19,19,1.0,0.0,False,False,0.047630000000000006,0.04725,0.008042328042328073,103.97129045,6.687194633392401e-05,107.41352962
2018-12-31,CLX19,CLX19,20,1.0,0.0,False,False,0.04822,0.047630000000000006,0.012387150955280202,105.25919852,0.00020062925487218664,108.76562752
2019-01-02,CLX19,CLX19,1,1.0,0.0,False,False,0.0495,0.04822,0.02654500207382826,108.05330416,0.00013374836452495487,111.66735855
2019-01-03,CLX19,CLX19,2,1.0,0.0,False,False,0.05011,0.0495,0.012323232323232292,109.38487013,6.687194633392401e-05,113.05092877
2019-01-04,CLX19,CLX19,3,1.0,0.0,False,False,0.05094,0.05011,0.016563560167631053,111.19667301,6.687194633392401e-05,114.93101457
2019-01-07,CLX19,CLX19,4,1.0,0.0,False,False,0.05135,0.05094,0.00804868472712994,112.09165997,0.00020062925487218664,115.87911659
2019-01-08,CLX19,CLX19,5,1.0,0.0,False,False,0.05264,0.05135,0.025121713729308714,114.90759456,6.687194633392401e-05,118.79794764
2019-01-09,CLX19,CLX19,6,1.0,0.0,False,False,0.05507,0.05264,0.04616261398176302,120.21202949,6.687194633392401e-05,124.28991569
2019-01-10,CLX19,CLX19,7,1.0,0.0,False,False,0.05529,0.05507,0.003994915562012036,120.6922664,6.687194633392401e-05,124.79475492
2019-01-11,CLX19,CLX19,8,1.0,0.0,False,False,0.05416,0.05529,-0.020437692168565724,118.22559501,6.687194633392401e-05,122.2525834
2019-01-14,CLX19,CLX19,9,1.0,0.0,False,False,0.05298,0.05416,-0.02178729689807979,115.64977887,0.00020062925487218664,119.61355751
2019-01-15,CLX19,CLX19,10,1.0,0.0,False,False,0.05432,0.05298,0.02529256323140805,118.57485821,6.687194633392401e-05,122.64688976
2019-01-16,CLX19,CLX19,11,1.0,0.0,False,False,0.05465999999999999,0.05432,0.006259204712812938,119.31704252,6.687194633392401e-05,123.42276339
2019-01-17,CLX19,CLX19,12,1.0,0.0,False,False,0.054439999999999995,0.05465999999999999,-0.004024881083058873,118.83680561,6.687194633392401e-05,122.93425496
2019-01-18,CLX19,CLX19,13,1.0,0.0,False,False,0.05551,0.054439999999999995,0.01965466568699492,121.1725033,6.687194633392401e-05,125.3587075
2019-01-22,CLX19,CLX19,14,1.0,0.0,False,False,0.054939999999999996,0.05551,-0.010268420104485698,119.92825313,0.00026751461767493545,124.10500691
2019-01-23,CLX19,CLX19,15,1.0,0.0,False,False,0.05467,0.054939999999999996,-0.004914452129595737,119.33887147,6.687194633392401e-05,123.50339794
2019-01-24,CLX19,CLX19,16,1.0,0.0,False,False,0.054880000000000005,0.05467,0.003841229193341844,119.79727943,6.687194633392401e-05,123.98606171
2019-01-25,CLX19,CLX19,17,1.0,0.0,False,False,0.05532,0.054880000000000005,0.008017492711370089,120.75775324,6.687194633392401e-05,124.98841024
2019-01-28,CLX19,CLX19,18,1.0,0.0,False,False,0.05385,0.05532,-0.026572668112798237,117.54889754,0.00020062925487218664,121.69221103
2019-01-29,CLX19,CLX19,19,1.0,0.0,False,False,0.055009999999999996,0.05385,0.021541318477251492,120.08105578,6.687194633392401e-05,124.3217595
2019-01-30,CLX19,CLX19,20,1.0,0.0,False,False,0.055420000000000004,0.055009999999999996,0.007453190329031134,120.97604274,6.687194633392401e-05,125.25666687
2019-01-31,CLX19,CLX19,21,1.0,0.0,False,False,0.055049999999999995,0.055420000000000004,-0.006676290147961228,120.16837158,6.687194633392401e-05,124.42879318
2019-02-01,CLX19,CLG20,1,1.0,0.0,False,True,0.05676,0.055049999999999995,0.031062670299727646,123.90112209,6.687194633392401e-05,128.30220456
2019-02-04,CLX19,CLG20,2,1.0,0.0,False,True,0.05658,0.05676,-0.003171247357293905,123.50820098,0.00020062925487218664,127.9210677
2019-02-05,CLX19,CLG20,3,1.0,0.0,False,True,0.056170000000000005,0.05658,-0.007246376811594124,122.61321402,6.687194633392401e-05,127.00265778
2019-02-06,CLX19,CLG20,4,1.0,0.0,False,True,0.056549999999999996,0.056170000000000005,0.006765177140822365,123.44271413,6.687194633392401e-05,127.87034617
2019-02-07,CLX19,CLG20,5,1.0,0.0,False,True,0.055310000000000005,0.056549999999999996,-0.021927497789566597,120.73592429,6.687194633392401e-05,125.07502038
2019-02-08,CLX19,CLG20,6,0.8,0.2,False,True,0.05534,0.055310000000000005,0.0005423973964924222,120.80141114,6.687194633392401e-05,125.15122475
2019-02-11,CLX19,CLG20,7,0.6,0.4,False,True,0.055170000000000004,0.05534200000000001,-0.003107946948068485,120.42596676,0.00020062925487218664,124.78737038
2019-02-12,CLX19,CLG20,8,0.3999999999999999,0.6000000000000001,False,True,0.055866,0.05517999999999999,0.01243204059441827,121.92310727,6.687194633392401e-05,126.34707681
2019-02-13,CLX19,CLG20,9,0.19999999999999996,0.8,False,True,0.056674,0.055864,0.014499498782758247,123.69093122,6.687194633392401e-05,128.18749518
2019-02-14,CLX19,CLG20,10,0.0,1.0,False,True,0.057048,0.056662,0.006812325720941814,124.53355413,6.687194633392401e-05,129.0693223
2019-02-15,CLX19,CLG20,11,0.0,1.0,False,True,0.05835,0.05702,0.02332514907050154,127.43831784,6.687194633392401e-05,132.0885146
2019-02-19,CLX19,CLG20,12,0.0,1.0,False,True,0.05862,0.05835,0.004627249357326502,128.02800671,0.00026751461767493545,132.7350567
2019-02-20,CLX19,CLG20,13,0.0,1.0,False,True,0.05898,0.05862,0.0061412487205732,128.81425854,6.687194633392401e-05,133.55909195
2019-02-21,CLX19,CLG20,14,0.0,1.0,False,True,0.05898,0.05898,0.0,128.81425854,6.687194633392401e-05,133.56802331
2019-02-22,CLX19,CLG20,15,0.0,1.0,False,True,0.05917,0.05898,0.003221430993557206,129.22922478,6.687194633392401e-05,134.00723543
2019-02-25,CLX19,CLG20,16,0.0,1.0,False,True,0.05751,0.05917,-0.028054757478451986,125.60373022,0.00020062925487218664,130.27458071
2019-02-26,CLX19,CLG20,17,0.0,1.0,False,True,0.05784,0.05751,0.005738132498696036,126.32446107,6.687194633392401e-05,131.03082523
2019-02-27,CLX19,CLG20,18,0.0,1.0,False,True,0.05888,0.05784,0.017980636237897585,128.59585525,6.687194633392401e-05,133.39560512
2019-02-28,CLX19,CLG20,19,0.0,1.0,False,True,0.05888,0.05888,0.0,128.59585525,6.687194633392401e-05,133.40452554
2019-03-01,CLG20,CLG20,1,1.0,0.0,False,False,0.05779,0.05888,-0.018512228260869623,126.21525942,6.687194633392401e-05,130.94383153
2019-03-04,CLG20,CLG20,2,1.0,0.0,False,False,0.05863,0.05779,0.014535386745111678,128.04984703,0.00020146785384556054,132.87353174
2019-03-05,CLG20,CLG20,3,1.0,0.0,False,False,0.05863,0.05863,0.0,128.04984703,6.71514418646435e-05,132.88245439
2019-03-06,CLG20,CLG20,4,1.0,0.0,False,False,0.0585,0.05863,-0.0022172949002217113,127.76592276,6.71514418646435e-05,132.59673805
2019-03-07,CLG20,CLG20,5,1.0,0.0,False,False,0.05874,0.0585,0.004102564102564044,128.29009065,6.71514418646435e-05,133.14962873
2019-03-08,CLG20,CLG20,6,1.0,0.0,False,False,0.05815,0.05874,-0.010044262853251662,127.00151126,6.71514418646435e-05,131.82118005
2019-03-11,CLG20,CLG20,7,1.0,0.0,False,False,0.05869,0.05815,0.009286328460877069,128.18088901,0.00020146785384556054,133.07187256
2019-03-12,CLG20,CLG20,8,1.0,0.0,False,False,0.05874,0.05869,0.000851933889930212,128.29009065,6.71514418646435e-05,133.19417696
2019-03-13,CLG20,CLG20,9,1.0,0.0,False,False,0.0597,0.05874,0.01634320735444339,130.3867622,6.71514418646435e-05,135.37994119
2019-03-14,CLG20,CLG20,10,1.0,0.0,False,False,0.05964,0.0597,-0.0010050251256281673,130.25572023,6.71514418646435e-05,135.25297191
2019-03-15,CLG20,CLG20,11,1.0,0.0,False,False,0.05957,0.05964,-0.0011737089201877549,130.10283793,6.71514418646435e-05,135.10330672
2019-03-18,CLG20,CLG20,12,1.0,0.0,False,False,0.05978,0.05957,0.003525264394829586,130.56148483,0.00020146785384556054,135.60680057
2019-03-19,CLG20,CLG20,13,1.0,0.0,False,False,0.05985,0.05978,0.0011709601873537423,130.71436713,6.71514418646435e-05,135.77469693
2019-03-20,CLG20,CLG20,14,1.0,0.0,False,False,0.0605,0.05985,0.010860484544695126,132.13398849,6.71514418646435e-05,137.25839339
2019-03-21,CLG20,CLG20,15,1.0,0.0,False,False,0.06012,0.0605,-0.0062809917355372,131.304056,6.71514418646435e-05,136.40549165
2019-03-22,CLG20,CLG20,16,1.0,0.0,False,False,0.05938,0.06012,-0.012308715901530265,129.68787168,6.71514418646435e-05,134.73567503
2019-03-25,CLG20,CLG20,17,1.0,0.0,False,False,0.05933,0.05938,-0.0008420343550017417,129.57867004,0.00020146785384556054,134.64936787
2019-03-26,CLG20,CLG20,18,1.0,0.0,False,False,0.0597,0.05933,0.006236305410416421,130.3867622,6.71514418646435e-05,135.49812435
2019-03-27,CLG20,CLG20,19,1.0,0.0,False,False,0.0594,0.0597,-0.005025125628140725,129.73155234,6.71514418646435e-05,134.82632815
2019-03-28,CLG20,CLG20,20,1.0,0.0,False,False,0.0593,0.0594,-0.0016835016835017313,129.51314905,6.71514418646435e-05,134.60840158
2019-03-29,CLG20,CLG20,21,1.0,0.0,False,False,0.0598,0.0593,0.008431703204047292,130.60516548,6.71514418646435e-05,135.75241882
2019-04-01,CLG20,CLG20,1,1.0,0.0,False,False,0.060759999999999995,0.0598,0.016053511705685475,132.70183703,0.00020146785384556054,137.95907161
2019-04-02,CLG20,CLG20,2,1.0,0.0,False,False,0.06112,0.060759999999999995,0.00592495062541154,133.48808886,6.63129768301296e-05,138.78562077
2019-04-03,CLG20,CLG20,3,1.0,0.0,False,False,0.06116,0.06112,0.0006544502617800152,133.57545017,6.63129768301296e-05,138.88565234
2019-04-04,CLG20,CLG20,4,1.0,0.0,False,False,0.061130000000000004,0.06116,-0.0004905166775669434,133.50992918,6.63129768301296e-05,138.82673653
2019-04-05,CLG20,CLG20,5,1.0,0.0,False,False,0.06167,0.061130000000000004,0.008833633240634686,134.68930693,6.63129768301296e-05,140.06228702
2019-04-08,CLG20,CLG20,6,1.0,0.0,False,False,0.062090000000000006,0.06167,0.006810442678774287,135.60660073,0.00019895212301501708,141.04403888
2019-04-09,CLG20,CLG20,7,1.0,0.0,False,False,0.06189,0.062090000000000006,-0.0032211306168465903,135.16979416,6.63129768301296e-05,140.59907066
2019-04-10,CLG20,CLG20,8,1.0,0.0,False,False,0.06269,0.06189,0.012926159314913477,136.91702045,6.63129768301296e-05,142.42580019
2019-04-11,CLG20,CLG20,9,1.0,0.0,False,False,0.06217,0.06269,-0.008294783857074384,135.78132336,6.63129768301296e-05,141.25385364
2019-04-12,CLG20,CLG20,10,1.0,0.0,False,False,0.06251,0.06217,0.005468875663503292,136.52389453,6.63129768301296e-05,142.03572036
2019-04-15,CLG20,CLG20,11,1.0,0.0,False,False,0.06242,0.06251,-0.0014397696368579904,136.32733157,0.00019895212301501708,141.85947995
2019-04-16,CLG20,CLG20,12,1.0,0.0,False,False,0.06277,0.06242,0.0056071771867991504,137.09174307,6.63129768301296e-05,142.66431831
2019-04-17,CLG20,CLG20,13,1.0,0.0,False,False,0.06267,0.06277,-0.001593117731400362,136.87333978,6.63129768301296e-05,142.44649775
2019-04-18,CLG20,CLG20,14,1.0,0.0,False,False,0.06257,0.06267,-0.0015956598053294968,136.65493649,6.63129768301296e-05,142.22864765
2019-04-22,CLG20,CLG20,15,1.0,0.0,False,False,0.06329,0.06257,0.011507112034521372,138.22744015,0.00026527829295264205,143.9030188
2019-04-23,CLG20,CLG20,16,1.0,0.0,False,False,0.06378,0.06329,0.007742139358508426,139.29761625,6.63129768301296e-05,145.02667866
2019-04-24,CLG20,CLG20,17,1.0,0.0,False,False,0.06368,0.06378,-0.0015678896205707504,139.07921296,6.63129768301296e-05,144.80890998
2019-04-25,CLG20,CLG20,18,1.0,0.0,False,False,0.06341,0.06368,-0.004239949748743865,138.48952409,6.63129768301296e-05,144.20453019
2019-04-26,CLG20,CLG20,19,1.0,0.0,False,False,0.06178,0.06341,-0.025705724649108808,134.92955052,6.63129768301296e-05,140.50721088
2019-04-29,CLG20,CLG20,20,1.0,0.0,False,False,0.06196,0.06178,0.002913564260278445,135.32267644,0.00019895212301501708,140.94454188
2019-04-30,CLG20,CLG20,21,1.0,0.0,False,False,0.06235,0.06196,0.006294383473208542,136.17444926,6.63129768301296e-05,141.84104733
2019-05-01,CLG20,CLH20,1,1.0,0.0,False,True,0.062240000000000004,0.06235,-0.001764234161988787,135.93420564,6.63129768301296e-05,141.60021241
2019-05-02,CLG20,CLH20,2,1.0,0.0,False,True,0.060719999999999996,0.062240000000000004,-0.024421593830334265,132.61447568,6.547457646455257e-05,138.15138075
2019-05-03,CLG20,CLH20,3,1.0,0.0,False,True,0.06074,0.060719999999999996,0.000329380764163556,132.65815634,6.547457646455257e-05,138.20593056
2019-05-06,CLG20,CLH20,4,1.0,0.0,False,True,0.061090000000000005,0.06074,0.005762265393480348,133.42256784,0.00019643659043500072,139.02945851
2019-05-07,CLG20,CLH20,5,1.0,0.0,False,True,0.060149999999999995,0.061090000000000005,-0.015387133737109315,131.36957695,6.547457646455257e-05,136.89929654
2019-05-08,CLG20,CLH20,6,0.8,0.2,False,True,0.06091,0.060149999999999995,0.01263507896924354,133.02944193,6.547457646455257e-05,138.63799339
2019-05-09,CLG20,CLH20,7,0.6,0.4,False,True,0.06055200000000001,0.060838,-0.00470100923764738,132.40406929,6.547457646455257e-05,137.99533216
2019-05-10,CLG20,CLH20,8,0.3999999999999999,0.6000000000000001,False,True,0.06045400000000001,0.060484,-0.0004959989418688027,132.33839701,6.547457646455257e-05,137.93592181
2019-05-13,CLG20,CLH20,9,0.19999999999999996,0.8,False,True,0.059986,0.060385999999999995,-0.006624051932567099,131.4617806,0.00019643659043500072,137.04932277
2019-05-14,CLG20,CLH20,10,0.0,1.0,False,True,0.06076,0.059918,0.014052538469241371,133.30915233,6.547457646455257e-05,138.9841869
2019-05-15,CLG20,CLH20,11,0.0,1.0,False,True,0.06116,0.06069,0.007744274180260247,134.34153496,6.547457646455257e-05,140.06961848
2019-05-16,CLG20,CLH20,12,0.0,1.0,False,True,0.06171,0.06116,0.008992805755395628,135.54964229,6.547457646455257e-05,141.33840835
2019-05-17,CLG20,CLH20,13,0.0,1.0,False,True,0.061340000000000006,0.06171,-0.0059957867444497825,134.73691554,6.547457646455257e-05,140.50022747
2019-05-20,CLG20,CLH20,14,0.0,1.0,False,True,0.06161,0.061340000000000006,0.004401695467883826,135.32998641,0.00019643659043500072,141.14626607
2019-05-21,CLG20,CLH20,15,0.0,1.0,False,True,0.06164,0.06161,0.000486933939295664,135.39588317,6.547457646455257e-05,141.22423647
2019-05-22,CLG20,CLH20,16,0.0,1.0,False,True,0.06006,0.06164,-0.025632706035042196,131.9253203,6.547457646455257e-05,137.61352373
2019-05-23,CLG20,CLH20,17,0.0,1.0,False,True,0.05682,0.06006,-0.053946053946053896,124.80846985,6.547457646455257e-05,130.19882734
2019-05-24,CLG20,CLH20,18,0.0,1.0,False,True,0.05765,0.05682,0.01460753255895808,126.63161364,6.547457646455257e-05,132.10923567
2019-05-28,CLG20,CLH20,19,0.0,1.0,False,True,0.05852,0.05765,0.015091066782306983,128.54261978,0.000261924028502003,134.13750755
2019-05-29,CLG20,CLH20,20,0.0,1.0,False,True,0.05798,0.05852,-0.009227614490772473,127.35647804,6.547457646455257e-05,132.90852094
2019-05-30,CLG20,CLH20,21,0.0,1.0,False,True,0.05595,0.05798,-0.035012073128665055,122.89746372,6.547457646455257e-05,128.26382022
2019-05-31,CLG20,CLH20,22,0.0,1.0,False,True,0.05307,0.05595,-0.05147453083109921,116.57137443,6.547457646455257e-05,121.66989827
2019-06-03,CLH20,CLH20,1,1.0,0.0,False,False,0.05285,0.05307,-0.00414546824948181,116.0881315,0.00019643659043500072,121.18941999
2019-06-04,CLH20,CLH20,2,1.0,0.0,False,False,0.05307,0.05285,0.0041627246925259875,116.57137443,6.12835443227766e-05,121.7013251
2019-06-05,CLH20,CLH20,3,1.0,0.0,False,False,0.05136,0.05307,-0.03222159412097225,112.81525892,6.12835443227766e-05,117.78737269
2019-06-06,CLH20,CLH20,4,1.0,0.0,False,False,0.05221,0.05136,0.01654984423675998,114.68233388,6.12835443227766e-05,119.74395379
2019-06-07,CLH20,CLH20,5,1.0,0.0,False,False,0.053630000000000004,0.05221,0.027197854817085032,117.80144735,6.12835443227766e-05,123.0080708
2019-06-10,CLH20,CLH20,6,1.0,0.0,False,False,0.05325,0.053630000000000004,-0.007085586425508161,116.96675501,0.00018386190021679738,122.15910298
2019-06-11,CLH20,CLH20,7,1.0,0.0,False,False,0.053520000000000005,0.05325,0.005070422535211394,117.55982588,6.12835443227766e-05,122.78598759
2019-06-12,CLH20,CLH20,8,1.0,0.0,False,False,0.05154,0.053520000000000005,-0.036995515695067316,113.2106395,6.12835443227766e-05,118.25098142
2019-06-13,CLH20,CLH20,9,1.0,0.0,False,False,0.05257,0.05154,0.019984478075281364,115.47309504,6.12835443227766e-05,120.6214124
2019-06-14,CLH20,CLH20,10,1.0,0.0,False,False,0.05266,0.05257,0.0017120030435608946,115.67078533,6.12835443227766e-05,120.83530873
2019-06-17,CLH20,CLH20,11,1.0,0.0,False,False,0.052090000000000004,0.05266,-0.010824154956323495,114.41874683,0.00018386190021679738,119.54958564
2019-06-18,CLH20,CLH20,12,1.0,0.0,False,False,0.05356,0.052090000000000004,0.028220387790362844,117.64768824,6.12835443227766e-05,122.93064773
2019-06-19,CLH20,CLH20,13,1.0,0.0,False,False,0.053380000000000004,0.05356,-0.003360716952949927,117.25230766,6.12835443227766e-05,122.52504624
2019-06-20,CLH20,CLH20,14,1.0,0.0,False,False,0.055979999999999995,0.053380000000000004,0.04870738104158834,122.96336049,6.12835443227766e-05,128.50042913
2019-06-21,CLH20,CLH20,15,1.0,0.0,False,False,0.05625,0.055979999999999995,0.004823151125401992,123.55643136,6.12835443227766e-05,129.12808108
2019-06-24,CLH20,CLH20,16,1.0,0.0,False,False,0.05658,0.05625,0.005866666666666687,124.28129576,0.00018386190021679738,129.90937423
2019-06-25,CLH20,CLH20,17,1.0,0.0,False,False,0.056729999999999996,0.05658,0.002651113467656341,124.61077958,6.12835443227766e-05,130.26174003
2019-06-26,CLH20,CLH20,18,1.0,0.0,False,False,0.05802,0.056729999999999996,0.022739291380222237,127.44434041,6.12835443227766e-05,133.2317826
2019-06-27,CLH20,CLH20,19,1.0,0.0,False,False,0.05804,0.05802,0.00034470872113057105,127.48827159,6.12835443227766e-05,133.28587368
2019-06-28,CLH20,CLH20,20,1.0,0.0,False,False,0.05712,0.05804,-0.015851137146795424,125.46743751,6.12835443227766e-05,131.18130924
2019-07-01,CLH20,CLZ19,1,1.0,0.0,False,True,0.05773,0.05712,0.010679271708683435,126.80733837,0.00018386190021679738,132.60634933
2019-07-02,CLH20,CLZ19,2,1.0,0.0,False,True,0.05536,0.05773,-0.041053178589987804,121.60149406,5.9048987711030065e-05,127.17026746
2019-07-03,CLH20,CLZ19,3,1.0,0.0,False,True,0.056670000000000005,0.05536,0.023663294797688028,124.47898606,5.9048987711030065e-05,130.18704426
2019-07-05,CLH20,CLZ19,4,1.0,0.0,False,True,0.05671,0.056670000000000005,0.0007058408328921573,124.56684841,0.00011810146220492257,130.29431087
2019-07-08,CLH20,CLZ19,5,1.0,0.0,False,True,0.05687,0.05671,0.002821371892082425,124.91829781,0.0001771574236877349,130.68500218
2019-07-09,CLH20,CLZ19,6,0.8,0.2,False,True,0.05711,0.05687,0.004220151222085633,125.44547192,5.9048987711030065e-05,131.24422947
2019-07-10,CLH20,CLZ19,7,0.6,0.4,False,True,0.05859600000000001,0.056754000000000006,0.03245586214187557,129.51691286,5.9048987711030065e-05,135.51162392
2019-07-11,CLH20,CLZ19,8,0.3999999999999999,0.6000000000000001,False,True,0.0574,0.057852,-0.007813040171471997,128.50499202,5.9048987711030065e-05,134.46086799
2019-07-12,CLH20,CLZ19,9,0.19999999999999996,0.8,False,True,0.056246,0.056569999999999995,-0.005727417359024156,127.7689903,5.9048987711030065e-05,133.69869426
2019-07-15,CLH20,CLZ19,10,0.0,1.0,False,True,0.054916000000000006,0.055288000000000004,-0.006728403993633281,126.90930892,0.0001771574236877349,132.82280115
2019-07-16,CLH20,CLZ19,11,0.0,1.0,False,True,0.05323,0.05403,-0.01480658893207476,125.03021495,5.9048987711030065e-05,130.86399158
2019-07-17,CLH20,CLZ19,12,0.0,1.0,False,True,0.05371,0.05323,0.009017471350742046,126.15767133,5.9048987711030065e-05,132.05178126
2019-07-18,CLH20,CLZ19,13,0.0,1.0,False,True,0.05288,0.05371,-0.015453360640476532,124.20811134,5.9048987711030065e-05,130.01893499
2019-07-19,CLH20,CLZ19,14,0.0,1.0,False,True,0.053770000000000005,0.05288,0.016830559757942565,126.29860338,5.9048987711030065e-05,132.21490393
2019-07-22,CLH20,CLZ19,15,0.0,1.0,False,True,0.05415,0.053770000000000005,0.007067137809187107,127.19117302,0.0001771574236877349,133.17270773
2019-07-23,CLH20,CLZ19,16,0.0,1.0,False,True,0.05364,0.05415,-0.009418282548476431,125.99325061,5.9048987711030065e-05,131.92631325
2019-07-24,CLH20,CLZ19,17,0.0,1.0,False,True,0.05314,0.05364,-0.009321401938851559,124.81881688,5.9048987711030065e-05,130.70436517
2019-07-25,CLH20,CLZ19,18,0.0,1.0,False,True,0.05343,0.05314,0.005457282649604878,125.49998844,5.9048987711030065e-05,131.42537379
2019-07-26,CLH20,CLZ19,19,0.0,1.0,False,True,0.053939999999999995,0.05343,0.009545199326221221,126.69791085,5.9048987711030065e-05,132.68761572
2019-07-29,CLH20,CLZ19,20,0.0,1.0,False,True,0.05342,0.053939999999999995,-0.00964034111976253,125.47649977,0.0001771574236877349,131.43196844
2019-07-30,CLH20,CLZ19,21,0.0,1.0,False,True,0.05367,0.05342,0.0046798951703481695,126.06371664,5.9048987711030065e-05,132.0548172
2019-07-31,CLH20,CLZ19,22,0.0,1.0,False,True,0.05385,0.05367,0.003353828954723248,126.48651278,5.9048987711030065e-05,132.50550417
2019-08-01,CLZ19,CLF20,1,1.0,0.0,False,True,0.05233,0.05385,-0.028226555246053886,122.91623424,5.9048987711030065e-05,128.77315455
2019-08-02,CLZ19,CLF20,2,1.0,0.0,False,True,0.05403,0.05233,0.032486145614370354,126.90930892,5.4302079553369964e-05,132.96349065
2019-08-05,CLZ19,CLF20,3,1.0,0.0,False,True,0.054240000000000003,0.05403,0.0038867295946696245,127.40257109,0.00016291508496801832,133.50194555
2019-08-06,CLZ19,CLF20,4,1.0,0.0,False,True,0.053770000000000005,0.054240000000000003,-0.008665191740412914,126.29860338,5.4302079553369964e-05,132.35237502
2019-08-07,CLZ19,CLF20,5,1.0,0.0,False,True,0.054,0.053770000000000005,0.00427747814766577,126.8388429,5.4302079553369964e-05,132.92569643
2019-08-08,CLZ19,CLF20,6,0.8,0.2,False,True,0.05396,0.054,-0.0007407407407407085,126.7448882,5.4302079553369964e-05,132.83445109
2019-08-09,CLZ19,CLF20,7,0.6,0.4,False,True,0.054444,0.05354400000000001,0.016808606006275095,128.87529309,5.4302079553369964e-05,135.07442623
2019-08-12,CLZ19,CLF20,8,0.3999999999999999,0.6000000000000001,False,True,0.05436999999999999,0.054197999999999996,0.003173548839440432,129.28428513,0.00016291508496801832,135.52509718
2019-08-13,CLZ19,CLF20,9,0.19999999999999996,0.8,False,True,0.056198,0.05418999999999999,0.037054807159992764,134.07488938,5.4302079553369964e-05,140.55431281
2019-08-14,CLZ19,CLF20,10,0.0,1.0,False,True,0.05444,0.056193999999999994,-0.0312132967932518,129.88997007,5.4302079553369964e-05,136.17478173
2019-08-15,CLZ19,CLF20,11,0.0,1.0,False,True,0.053329999999999995,0.054329999999999996,-0.018406037180195067,127.49921045,5.4302079553369964e-05,133.67573821
2019-08-16,CLZ19,CLF20,12,0.0,1.0,False,True,0.05356,0.053329999999999995,0.004312769548096895,128.04908516,5.4302079553369964e-05,134.25950973
2019-08-19,CLZ19,CLF20,13,0.0,1.0,False,True,0.05471,0.05356,0.02147124719940252,130.79845872,0.00016291508496801832,137.16410175
2019-08-20,CLZ19,CLF20,14,0.0,1.0,False,True,0.054880000000000005,0.05471,0.003107292999451783,131.20488786,5.4302079553369964e-05,137.5977591
2019-08-21,CLZ19,CLF20,15,0.0,1.0,False,True,0.05482,0.054880000000000005,-0.0010932944606414363,131.06144228,5.4302079553369964e-05,137.45479607
2019-08-22,CLZ19,CLF20,16,0.0,1.0,False,True,0.054520000000000006,0.05482,-0.005472455308281554,130.34421439,5.4302079553369964e-05,136.71004492
2019-08-23,CLZ19,CLF20,17,0.0,1.0,False,True,0.05341,0.054520000000000006,-0.020359501100513655,127.69047121,5.4302079553369964e-05,133.93412025
2019-08-26,CLZ19,CLF20,18,0.0,1.0,False,True,0.05291,0.05341,-0.009361542782250543,126.4950914,0.00016291508496801832,132.70211014
2019-08-27,CLZ19,CLF20,19,0.0,1.0,False,True,0.054090000000000006,0.05291,0.022302022302022495,129.31618775,5.4302079553369964e-05,135.66884156
2019-08-28,CLZ19,CLF20,20,0.0,1.0,False,True,0.05486,0.054090000000000006,0.014235533370308584,131.15707266,5.4302079553369964e-05,137.60752699
2019-08-29,CLZ19,CLF20,21,0.0,1.0,False,True,0.05561,0.05486,0.013671162960262606,132.95014237,5.4302079553369964e-05,139.49625429
2019-08-30,CLZ19,CLF20,22,0.0,1.0,False,True,0.05416,0.05561,-0.026074447041898985,129.48354092,5.4302079553369964e-05,135.86654153
2019-09-03,CLF20,CLZ19,1,1.0,0.0,False,True,0.053130000000000004,0.05416,-0.019017725258493323,127.02105851,0.000217226011149263,133.31218271
2019-09-04,CLF20,CLZ19,2,1.0,0.0,False,True,0.05543,0.053130000000000004,0.043290043290043156,132.51980563,5.3185461179161564e-05,139.09036314
2019-09-05,CLF20,CLZ19,3,1.0,0.0,False,True,0.05553,0.05543,0.0018040772145049289,132.75888159,5.3185461179161564e-05,139.34869048
2019-09-06,CLF20,CLZ19,4,1.0,0.0,False,True,0.05582,0.05553,0.005222402305060214,133.45220188,5.3185461179161564e-05,140.08383673
2019-09-09,CLF20,CLZ19,5,1.0,0.0,False,True,0.057030000000000004,0.05582,0.021676818344679383,136.34502102,0.0001595648697680918,143.14276107
2019-09-10,CLF20,CLZ19,6,0.8,0.2,False,True,0.056600000000000004,0.057030000000000004,-0.007539891285288425,135.31699438,5.3185461179161564e-05,142.07109332
2019-09-11,CLF20,CLZ19,7,0.6,0.4,False,True,0.054877999999999996,0.056144000000000006,-0.022549159304645405,132.26570992,5.3185461179161564e-05,138.87506572
2019-09-12,CLF20,CLZ19,8,0.3999999999999999,0.6000000000000001,False,True,0.05425000000000001,0.054636,-0.0070649388681454095,131.33126077,5.3185461179161564e-05,137.90130801
2019-09-13,CLF20,CLZ19,9,0.19999999999999996,0.8,False,True,0.053616000000000004,0.05409,-0.008763172490293902,130.18038228,5.3185461179161564e-05,136.70018941
2019-09-16,CLF20,CLZ19,10,0.0,1.0,False,True,0.055737999999999996,0.053398,0.04382186598749005,135.88512955,0.0001595648697680918,142.71245934
2019-09-17,CLF20,CLZ19,11,0.0,1.0,False,True,0.053880000000000004,0.05439,-0.009376723662437914,134.61097224,5.3185461179161564e-05,141.38187427
2019-09-18,CLF20,CLZ19,12,0.0,1.0,False,True,0.05317,0.053880000000000004,-0.013177431328879052,132.8371454,5.3185461179161564e-05,139.52634379
2019-09-19,CLF20,CLZ19,13,0.0,1.0,False,True,0.05288,0.05317,-0.005454203498213239,132.11262458,5.3185461179161564e-05,138.77275949
2019-09-20,CLF20,CLZ19,14,0.0,1.0,False,True,0.05306,0.05288,0.0034039334341906535,132.56232716,5.3185461179161564e-05,139.25251342
2019-09-23,CLF20,CLZ19,15,0.0,1.0,False,True,0.0538,0.05306,0.013946475687900417,134.41110443,0.0001595648697680918,141.21681502
2019-09-24,CLF20,CLZ19,16,0.0,1.0,False,True,0.05316,0.0538,-0.011895910780669205,132.81216192,5.3185461179161564e-05,139.54442307
2019-09-25,CLF20,CLZ19,17,0.0,1.0,False,True,0.053200000000000004,0.05316,0.0007524454477052522,132.91209583,5.3185461179161564e-05,139.65684437
2019-09-26,CLF20,CLZ19,18,0.0,1.0,False,True,0.05331,0.053200000000000004,0.0020676691729322183,133.18691407,5.3185461179161564e-05,139.95303623
2019-09-27,CLF20,CLZ19,19,0.0,1.0,False,True,0.05323,0.05331,-0.0015006565372350789,132.98704626,5.3185461179161564e-05,139.75045826
2019-09-30,CLF20,CLZ19,20,0.0,1.0,False,True,0.052829999999999995,0.05323,-0.007514559458951853,131.98770719,0.0001595648697680918,138.72259439
2019-10-01,CLZ19,CLF20,1,1.0,0.0,False,True,0.05299,0.052829999999999995,0.0030285822449367394,132.38744282,5.3185461179161564e-05,139.15010521
2019-10-02,CLZ19,CLF20,2,1.0,0.0,False,True,0.05304,0.05299,0.0009435742592940333,132.5123602,4.5651285867975844e-05,139.28775605
2019-10-03,CLZ19,CLF20,3,1.0,0.0,False,True,0.052520000000000004,0.05304,-0.009803921568627305,131.21321941,4.5651285867975844e-05,137.92854848
2019-10-04,CLZ19,CLF20,4,1.0,0.0,False,True,0.053439999999999994,0.052520000000000004,0.017517136329017413,133.51169926,4.5651285867975844e-05,140.35095828
2019-10-07,CLZ19,CLF20,5,1.0,0.0,False,True,0.05324,0.053439999999999994,-0.0037425149700597293,133.01202973,0.00013696010981911755,139.8449152
2019-10-08,CLZ19,CLF20,6,0.8,0.2,False,True,0.05318,0.05324,-0.001126972201352494,132.86212887,4.5651285867975844e-05,139.69369797
2019-10-09,CLZ19,CLF20,7,0.6,0.4,False,True,0.05291200000000001,0.053042,-0.0024508879755663626,132.53649868,4.5651285867975844e-05,139.35770157
2019-10-10,CLZ19,CLF20,8,0.3999999999999999,0.6000000000000001,False,True,0.052888,0.052804000000000004,0.0015907885766228702,132.74733623,4.5651285867975844e-05,139.58575207
2019-10-11,CLZ19,CLF20,9,0.19999999999999996,0.8,False,True,0.05366,0.053062,0.011269835287022856,134.24337684,4.5651285867975844e-05,141.16523277
2019-10-14,CLZ19,CLF20,10,0.0,1.0,False,True,0.053363999999999995,0.05419,-0.015242664698283948,132.19715006,0.00013696010981911755,139.03283247
2019-10-15,CLZ19,CLF20,11,0.0,1.0,False,True,0.05291,0.05366,-0.01397689153932169,130.34944483,4.5651285867975844e-05,137.09593268
2019-10-16,CLZ19,CLF20,12,0.0,1.0,False,True,0.05347,0.05291,0.010584010584010484,131.72906473,4.5651285867975844e-05,138.55321608
2019-10-17,CLZ19,CLF20,13,0.0,1.0,False,True,0.054009999999999996,0.05347,0.010099121002431266,133.05941249,4.5651285867975844e-05,139.9588069
2019-10-18,CLZ19,CLF20,14,0.0,1.0,False,True,0.05382,0.054009999999999996,-0.0035178670616551333,132.59132717,4.5651285867975844e-05,139.47283973
2019-10-21,CLZ19,CLF20,15,0.0,1.0,False,True,0.05354,0.05382,-0.005202526941657459,131.90151722,0.00013696010981911755,138.76633074
2019-10-22,CLZ19,CLF20,16,0.0,1.0,False,True,0.0545,0.05354,0.01793051923795308,134.26657991,4.5651285867975844e-05,141.26081796
2019-10-23,CLZ19,CLF20,17,0.0,1.0,False,True,0.055990000000000005,0.0545,0.027339449541284422,137.9373543,4.5651285867975844e-05,145.12925971
2019-10-24,CLZ19,CLF20,18,0.0,1.0,False,True,0.05627,0.055990000000000005,0.005000893016610108,138.62716425,4.5651285867975844e-05,145.86166095
2019-10-25,CLZ19,CLF20,19,0.0,1.0,False,True,0.05671,0.05627,0.007819441976186337,139.71115132,4.5651285867975844e-05,147.00887652
2019-10-28,CLZ19,CLF20,20,0.0,1.0,False,True,0.0559,0.05671,-0.014283195203667831,137.71562967,0.00013696010981911755,144.92925439
2019-10-29,CLZ19,CLF20,21,0.0,1.0,False,True,0.05568,0.0559,-0.003935599284436431,137.17363614,4.5651285867975844e-05,144.36548713
2019-10-30,CLZ19,CLF20,22,0.0,1.0,False,True,0.0551,0.05568,-0.01041666666666663,135.7447441,4.5651285867975844e-05,142.86827045
2019-10-31,CLZ19,CLF20,23,0.0,1.0,False,True,0.05425,0.0551,-0.015426497277676976,133.65067817,4.5651285867975844e-05,140.67083558
2019-11-01,CLF20,CLM20,1,1.0,0.0,False,True,0.05627,0.05425,0.037235023041474635,138.62716425,4.5651285867975844e-05,145.91513919
2019-11-04,CLF20,CLM20,2,1.0,0.0,False,True,0.056600000000000004,0.05627,0.005864581482139863,139.44015455,0.00012942874583310449,146.78975603
2019-11-05,CLF20,CLM20,3,1.0,0.0,False,True,0.05729,0.056600000000000004,0.012190812720848099,141.14004336,4.314105410041513e-05,148.58557512
2019-11-06,CLF20,CLM20,4,1.0,0.0,False,True,0.05638,0.05729,-0.015884098446500294,138.89816102,4.314105410041513e-05,146.23183736
2019-11-07,CLF20,CLM20,5,1.0,0.0,False,True,0.05715,0.05638,0.013657325292657063,140.79513839,4.314105410041513e-05,148.23528173
2019-11-08,CLF20,CLM20,6,0.8,0.2,False,True,0.05726,0.05715,0.0019247594050744166,141.06613516,4.314105410041513e-05,148.52699401
2019-11-11,CLF20,CLM20,7,0.6,0.4,False,True,0.056594000000000005,0.056918,-0.005692399592396091,140.26313035,0.00012942874583310449,147.70074267
2019-11-12,CLF20,CLM20,8,0.3999999999999999,0.6000000000000001,False,True,0.05629000000000001,0.056288,3.553155201840852e-05,140.26811412,4.314105410041513e-05,147.71236268
2019-11-13,CLF20,CLM20,9,0.19999999999999996,0.8,False,True,0.05631799999999999,0.056010000000000004,0.005499018032494085,141.03945101,4.314105410041513e-05,148.53100809
2019-11-14,CLF20,CLM20,10,0.0,1.0,False,True,0.05568000000000001,0.056024,-0.00614022561759231,140.17343696,4.314105410041513e-05,147.62540197
2019-11-15,CLF20,CLM20,11,0.0,1.0,False,True,0.05613,0.055380000000000006,0.01354279523293589,142.07177711,4.314105410041513e-05,149.63103127
2019-11-18,CLF20,CLM20,12,0.0,1.0,False,True,0.05546,0.05613,-0.011936575806164251,140.37592657,0.00012942874583310449,147.86431568
2019-11-19,CLF20,CLM20,13,0.0,1.0,False,True,0.05399,0.05546,-0.026505589614136293,136.65517987,4.314105410041513e-05,143.95146383
2019-11-20,CLF20,CLM20,14,0.0,1.0,False,True,0.05543,0.05399,0.02667160585293571,140.29999297,4.314105410041513e-05,147.79709076
2019-11-21,CLF20,CLM20,15,0.0,1.0,False,True,0.05664,0.05543,0.02182933429550782,143.36264842,4.314105410041513e-05,151.02977899
2019-11-22,CLF20,CLM20,16,0.0,1.0,False,True,0.056119999999999996,0.05664,-0.009180790960452101,142.04646591,4.314105410041513e-05,149.64972174
2019-11-25,CLF20,CLM20,17,0.0,1.0,False,True,0.05644,0.056119999999999996,0.005702066999287325,142.85642438,0.00012942874583310449,150.52240346
2019-11-26,CLF20,CLM20,18,0.0,1.0,False,True,0.05687,0.05644,0.007618710134656315,143.94480607,4.314105410041513e-05,151.67568372
2019-11-27,CLF20,CLM20,19,0.0,1.0,False,True,0.05677,0.05687,-0.0017583963425354954,143.69169405,4.314105410041513e-05,151.4155212
2019-11-29,CLF20,CLM20,20,0.0,1.0,False,True,0.0541,0.05677,-0.04703188303681516,136.9336031,8.628396935139726e-05,144.30722885
2019-12-02,CLM20,CLM20,1,1.0,0.0,False,False,0.05484000000000001,0.0541,0.013678373382624898,138.80663205,0.00012942874583310449,146.29979451
2019-12-03,CLM20,CLM20,2,1.0,0.0,False,False,0.05486,0.05484000000000001,0.0003646973012398913,138.85725445,4.286217523952196e-05,146.35942037
2019-12-04,CLM20,CLM20,3,1.0,0.0,False,False,0.05677,0.05486,0.034815895005468445,143.69169404,4.286217523952196e-05,151.46132786
2019-12-05,CLM20,CLM20,4,1.0,0.0,False,False,0.05682,0.05677,0.0008807468733487145,143.81825005,4.286217523952196e-05,151.60121891
2019-12-06,CLM20,CLM20,5,1.0,0.0,False,False,0.05743,0.05682,0.010735656458993326,145.36223338,4.286217523952196e-05,153.23525548
2019-12-09,CLM20,CLM20,6,1.0,0.0,False,False,0.05743,0.05743,0.0,145.36223338,0.00012859203729553847,153.25496031
2019-12-10,CLM20,CLM20,7,1.0,0.0,False,False,0.05772,0.05743,0.005049625631203147,146.09625824,4.286217523952196e-05,154.03540933
2019-12-11,CLM20,CLM20,8,1.0,0.0,False,False,0.05715,0.05772,-0.009875259875259945,144.65351972,4.286217523952196e-05,152.52087192
2019-12-12,CLM20,CLM20,9,1.0,0.0,False,False,0.05753,0.05715,0.006649168853893217,145.6153454,4.286217523952196e-05,153.54154633
2019-12-13,CLM20,CLM20,10,1.0,0.0,False,False,0.05833,0.05753,0.013905788284373388,147.64024156,4.286217523952196e-05,155.68324369
2019-12-16,CLM20,CLM20,11,1.0,0.0,False,False,0.05856,0.05833,0.00394308246185493,148.22239921,0.00012859203729553847,156.31713519
2019-12-17,CLM20,CLM20,12,1.0,0.0,False,False,0.059090000000000004,0.05856,0.009050546448087449,149.56389292,4.286217523952196e-05,157.73859078
2019-12-18,CLM20,CLM20,13,1.0,0.0,False,False,0.059179999999999996,0.059090000000000004,0.0015231003553899392,149.79169374,4.286217523952196e-05,157.9856035
2019-12-19,CLM20,CLM20,14,1.0,0.0,False,False,0.05943,0.059179999999999996,0.0042244001351807725,150.42447379,4.286217523952196e-05,158.65976951
2019-12-20,CLM20,CLM20,15,1.0,0.0,False,False,0.05907,0.05943,-0.006057546693589044,149.51327052,4.286217523952196e-05,157.70548105
2019-12-23,CLM20,CLM20,16,1.0,0.0,False,False,0.0592,0.05907,0.00220077873709168,149.84231615,0.00012859203729553847,158.07283559
2019-12-24,CLM20,CLM20,17,1.0,0.0,False,False,0.05978,0.0592,0.00979729729729728,151.31036587,4.286217523952196e-05,159.6282975
2019-12-26,CLM20,CLM20,18,1.0,0.0,False,False,0.06021,0.05978,0.007193041150886481,152.39874756,8.572618764524087e-05,160.79019474
2019-12-27,CLM20,CLM20,19,1.0,0.0,False,False,0.06028,0.06021,0.0011625975751536899,152.57592597,4.286217523952196e-05,160.98402084
2019-12-30,CLM20,CLM20,20,1.0,0.0,False,False,0.06014,0.06028,-0.002322495023225013,152.22156914,0.00012859203729553847,160.63083751
2019-12-31,CLM20,CLM20,21,1.0,0.0,False,False,0.05944,0.06014,-0.011639507815098038,150.449785,4.286217523952196e-05,158.76805861
2020-01-02,CLM20,CLU20,1,1.0,0.0,False,True,0.059770000000000004,0.05944,0.005551816958277334,151.28505467,8.572618764524087e-05,159.66312039
2020-01-03,CLM20,CLU20,2,1.0,0.0,False,True,0.06146,0.059770000000000004,0.02827505437510447,155.56264782,4.258330353335005e-05,164.18440279
2020-01-06,CLM20,CLU20,3,1.0,0.0,False,True,0.06168,0.06146,0.0035795639440285854,156.11949427,0.00012775535069065036,164.7930868
2020-01-07,CLM20,CLU20,4,1.0,0.0,False,True,0.06132,0.06168,-0.005836575875486361,155.208291,4.258330353335005e-05,163.83827688
2020-01-08,CLM20,CLU20,5,1.0,0.0,False,True,0.05852,0.06132,-0.045662100456621,148.12115442,4.258330353335005e-05,156.36405379
2020-01-09,CLM20,CLU20,6,0.8,0.2,False,True,0.05863,0.05852,0.001879699248120259,148.39957764,4.258330353335005e-05,156.66462968
2020-01-10,CLM20,CLU20,7,0.6,0.4,False,True,0.058056,0.058344,-0.004936240230357769,147.66704167,4.258330353335005e-05,155.89796672
2020-01-13,CLM20,CLU20,8,0.3999999999999999,0.6000000000000001,False,True,0.05708,0.057791999999999996,-0.012320044296788457,145.84777718,0.00012775535069065036,153.99721367
2020-01-14,CLM20,CLU20,9,0.19999999999999996,0.8,False,True,0.057034,0.05684,0.0034130893736805668,146.34556868,4.258330353335005e-05,154.52937764
2020-01-15,CLM20,CLU20,10,0.0,1.0,False,True,0.056332,0.056792,-0.008099732356669942,145.16020874,4.258330353335005e-05,153.28431141
2020-01-16,CLM20,CLU20,11,0.0,1.0,False,True,0.056530000000000004,0.05609,0.007844535567837374,146.29892316,4.258330353335005e-05,154.49328299
2020-01-17,CLM20,CLU20,12,0.0,1.0,False,True,0.05659,0.056530000000000004,0.001061383336281585,146.4542024,4.258330353335005e-05,154.66383842
2020-01-21,CLM20,CLU20,13,0.0,1.0,False,True,0.05661,0.05659,0.00035341933203736353,146.50596215,0.00017034409446892163,154.74484569
2020-01-22,CLM20,CLU20,14,0.0,1.0,False,True,0.055310000000000005,0.05661,-0.022964140611199335,143.14157863,4.258330353335005e-05,151.19785284
2020-01-23,CLM20,CLU20,15,0.0,1.0,False,True,0.054270000000000006,0.055310000000000005,-0.018803109745073154,140.45007182,4.258330353335005e-05,148.36130153
2020-01-24,CLM20,CLU20,16,0.0,1.0,False,True,0.05285,0.054270000000000006,-0.026165468951538706,136.77512983,4.258330353335005e-05,144.48567622
2020-01-27,CLM20,CLU20,17,0.0,1.0,False,True,0.05211,0.05285,-0.014001892147587625,134.86001921,0.00012775535069065036,142.48106218
2020-01-28,CLM20,CLU20,18,0.0,1.0,False,True,0.052450000000000004,0.05211,0.006524659374400388,135.7399349,4.258330353335005e-05,143.41676989
2020-01-29,CLM20,CLU20,19,0.0,1.0,False,True,0.05248,0.052450000000000004,0.0005719733079121436,135.81757452,4.258330353335005e-05,143.50490761
2020-01-30,CLM20,CLU20,20,0.0,1.0,False,True,0.05165,0.05248,-0.015815548780487743,133.66954504,4.258330353335005e-05,141.24140965
2020-01-31,CLM20,CLU20,21,0.0,1.0,False,True,0.05139,0.05165,-0.005033881897386294,132.99666834,4.258330353335005e-05,140.5364316
2020-02-03,CLU20,CLG21,1,1.0,0.0,False,True,0.0504,0.05139,-0.019264448336252182,130.43456089,0.00012775535069065036,137.84702905
2020-02-04,CLU20,CLG21,2,1.0,0.0,False,True,0.05017,0.0504,-0.004563492063492047,129.83932381,4.286217523952196e-05,137.22387365
2020-02-05,CLU20,CLG21,3,1.0,0.0,False,True,0.05126,0.05017,0.021726131154076178,132.66022999,4.286217523952196e-05,140.21109924
2020-02-06,CLU20,CLG21,4,1.0,0.0,False,True,0.05173,0.05126,0.009168942645337408,133.87658403,4.286217523952196e-05,141.50269652
2020-02-07,CLU20,CLG21,5,1.0,0.0,False,True,0.05133,0.05173,-0.007732456988207903,132.8413891,4.286217523952196e-05,140.41459812
2020-02-10,CLU20,CLG21,6,0.8,0.2,False,True,0.05069,0.05133,-0.012468342100136365,131.18507722,0.00012859203729553847,138.68191708
2020-02-11,CLU20,CLG21,7,0.6,0.4,False,True,0.051056000000000004,0.050702000000000004,0.006981973097708094,132.1010079,4.286217523952196e-05,139.6561347
2020-02-12,CLU20,CLG21,8,0.3999999999999999,0.6000000000000001,False,True,0.051946000000000006,0.051042,0.017710904745112055,134.44063627,4.286217523952196e-05,142.13555717
2020-02-13,CLU20,CLG21,9,0.19999999999999996,0.8,False,True,0.052006,0.051874,0.002544627366310559,134.78273759,4.286217523952196e-05,142.50333144
2020-02-14,CLU20,CLG21,10,0.0,1.0,False,True,0.052282,0.051918,0.007011055895835838,135.7277069,4.286217523952196e-05,143.50853827
2020-02-18,CLU20,CLG21,11,0.0,1.0,False,True,0.05233,0.05216,0.0032592024539876974,136.17007098,0.0001714597242696847,144.00086759
2020-02-19,CLU20,CLG21,12,0.0,1.0,False,True,0.05304,0.05233,0.013567743168354518,138.01759153,4.286217523952196e-05,145.96080657
2020-02-20,CLU20,CLG21,13,0.0,1.0,False,True,0.052969999999999996,0.05304,-0.0013197586726998445,137.83544162,4.286217523952196e-05,145.77442973
2020-02-21,CLU20,CLG21,14,0.0,1.0,False,True,0.05244,0.052969999999999996,-0.01000566358316024,136.45630656,4.286217523952196e-05,144.32210803
2020-02-24,CLU20,CLG21,15,0.0,1.0,False,True,0.05143,0.05244,-0.01926010678871093,133.82814352,0.00012859203729553847,141.56100749
2020-02-25,CLU20,CLG21,16,0.0,1.0,False,True,0.04985,0.05143,-0.030721368850865183,129.71675976,4.286217523952196e-05,137.21812718
2020-02-26,CLU20,CLG21,17,0.0,1.0,False,True,0.04904,0.04985,-0.016248746238716083,127.60902505,4.286217523952196e-05,134.99438612
2020-02-27,CLU20,CLG21,18,0.0,1.0,False,True,0.04904,0.04904,0.0,127.60902505,4.286217523952196e-05,135.00017227
2020-02-28,CLU20,CLG21,19,0.0,1.0,False,True,0.046090000000000006,0.04904,-0.060154975530179344,119.93270727,4.286217523952196e-05,126.88502661
2020-03-02,CLG21,CLG21,1,1.0,0.0,False,False,0.04759,0.046090000000000006,0.032545020611846276,123.8359197,0.00012859203729553847,131.03081882
2020-03-03,CLG21,CLG21,2,1.0,0.0,False,False,0.04779,0.04759,0.004202563563773909,124.35634802,1.0560684166716072e-05,131.58286794
2020-03-04,CLG21,CLG21,3,1.0,0.0,False,False,0.047689999999999996,0.04779,-0.0020924879681942787,124.09613386,1.0560684166716072e-05,131.30892198
2020-03-05,CLG21,CLG21,4,1.0,0.0,False,False,0.046979999999999994,0.047689999999999996,-0.014887817152442917,122.24861331,1.0560684166716072e-05,129.35540547
2020-03-06,CLG21,CLG21,5,1.0,0.0,False,False,0.04407,0.046979999999999994,-0.06194125159642394,114.6763812,1.0560684166716072e-05,121.34433584
2020-03-09,CLG21,CLG21,6,1.0,0.0,False,False,0.0365,0.04407,-0.17177218062173816,94.97816914,3.168238708539661e-05,100.50459915
2020-03-10,CLG21,CLG21,7,1.0,0.0,False,False,0.039020000000000006,0.0365,0.0690410958904113,101.53556602,1.0560684166716072e-05,107.44460821
2020-03-11,CLG21,CLG21,8,1.0,0.0,False,False,0.038329999999999996,0.039020000000000006,-0.017683239364428727,99.7400883,1.0560684166716072e-05,105.54577417
2020-03-12,CLG21,CLG21,9,1.0,0.0,False,False,0.03757,0.038329999999999996,-0.019827811114009886,97.76246067,1.0560684166716072e-05,103.45414713
2020-03-13,CLG21,CLG21,10,1.0,0.0,False,False,0.0371,0.03757,-0.012509981368112766,96.53945411,1.0560684166716072e-05,102.16103023
2020-03-16,CLG21,CLG21,11,1.0,0.0,False,False,0.03462,0.0371,-0.06684636118598386,90.08614289,3.168238708539661e-05,95.33517381
2020-03-17,CLG21,CLG21,12,1.0,0.0,False,False,0.03405,0.03462,-0.016464471403812908,88.60292217,1.0560684166716072e-05,93.76653738
2020-03-18,CLG21,CLG21,13,1.0,0.0,False,False,0.029589999999999998,0.03405,-0.13098384728340673,76.99737054,1.0560684166716072e-05,81.4856258
2020-03-19,CLG21,CLG21,14,1.0,0.0,False,False,0.03289,0.029589999999999998,0.11152416356877337,85.58443789,1.0560684166716072e-05,90.57410261
2020-03-20,CLG21,CLG21,15,1.0,0.0,False,False,0.031190000000000002,0.03289,-0.051687442991790844,81.16079714,1.0560684166716072e-05,85.89351537
2020-03-23,CLG21,CLG21,16,1.0,0.0,False,False,0.032490000000000005,0.031190000000000002,0.041680025649246666,84.54358125,3.168238708539661e-05,89.47628061
2020-03-24,CLG21,CLG21,17,1.0,0.0,False,False,0.03314,0.032490000000000005,0.020006155740227793,86.2349733,1.0560684166716072e-05,91.26730194
2020-03-25,CLG21,CLG21,18,1.0,0.0,False,False,0.03434,0.03314,0.03621001810500912,89.35754324,1.0560684166716072e-05,94.57305644
2020-03-26,CLG21,CLG21,19,1.0,0.0,False,False,0.03364,0.03434,-0.02038439138031445,87.53604411,1.0560684166716072e-05,92.646241
2020-03-27,CLG21,CLG21,20,1.0,0.0,False,False,0.03438,0.03364,0.02199762187871568,89.46162891,1.0560684166716072e-05,94.68521639
2020-03-30,CLG21,CLG21,21,1.0,0.0,False,False,0.03461,0.03438,0.006689936009307784,90.06012148,3.168238708539661e-05,95.32165428
2020-03-31,CLG21,CLG21,22,1.0,0.0,False,False,0.03464,0.03461,0.0008668015024557718,90.13818573,1.0560684166716072e-05,95.4052859
2020-04-01,CLG21,CLG21,1,1.0,0.0,False,False,0.03327,0.03464,-0.03954965357967655,86.57325171,1.0560684166716072e-05,91.63304744
2020-04-02,CLG21,CLG21,2,1.0,0.0,False,False,0.03388,0.03327,0.01833483618875853,88.1605581,4.445353332771518e-06,93.3135317
2020-04-03,CLG21,CLG21,3,1.0,0.0,False,False,0.03459,0.03388,0.02095631641086193,90.00807865,4.445353332771518e-06,95.26945441
2020-04-06,CLG21,CLG21,4,1.0,0.0,False,False,0.03479,0.03459,0.005782017924255589,90.52850697,1.3336119282003622e-05,95.82157462
2020-04-07,CLG21,CLG21,5,1.0,0.0,False,False,0.03526,0.03479,0.013509629203794171,91.75151353,4.445353332771518e-06,97.11651452
2020-04-08,CLG21,CLG21,6,1.0,0.0,False,False,0.03545,0.03526,0.005388542257515727,92.24592044,4.445353332771518e-06,97.64026268
2020-04-09,CLG21,CLG21,7,1.0,0.0,False,False,0.03529,0.03545,-0.004513399153737718,91.82957778,4.445353332771518e-06,97.20000725
2020-04-13,CLG21,CLG21,8,1.0,0.0,False,False,0.03678,0.03529,0.04222159251912716,95.70676879,1.7781531898686254e-05,101.30567471
2020-04-14,CLG21,CLG21,9,1.0,0.0,False,False,0.03685,0.03678,0.0019032082653616111,95.8889187,4.445353332771518e-06,101.49893084
2020-04-15,CLG21,CLG21,10,1.0,0.0,False,False,0.03461,0.03685,-0.06078697421981005,90.06012147,4.445353332771518e-06,95.32956915
2020-04-16,CLG21,CLG21,11,1.0,0.0,False,False,0.03434,0.03461,-0.00780121352210339,89.35754323,4.445353332771518e-06,94.5863066
2020-04-17,CLG21,CLG21,12,1.0,0.0,False,False,0.03465,0.03434,0.009027373325567689,90.16420713,4.445353332771518e-06,95.44059297
2020-04-20,CLG21,CLG21,13,1.0,0.0,False,False,0.033530000000000004,0.03465,-0.0323232323232322,87.24980852,1.3336119282003622e-05,92.35691732
2020-04-21,CLG21,CLG21,14,1.0,0.0,False,False,0.028390000000000002,0.033530000000000004,-0.15329555621831203,73.87480059,4.445353332771518e-06,78.19942286
2020-04-22,CLG21,CLG21,15,1.0,0.0,False,False,0.030440000000000002,0.028390000000000002,0.07220852412821421,79.20919091,4.445353332771518e-06,83.8464354
2020-04-23,CLG21,CLG21,16,1.0,0.0,False,False,0.02997,0.030440000000000002,-0.015440210249671571,77.98618435,4.445353332771518e-06,82.55220154
2020-04-24,CLG21,CLG21,17,1.0,0.0,False,False,0.02974,0.02997,-0.00767434100767439,77.38769178,4.445353332771518e-06,81.91903477
2020-04-27,CLG21,CLG21,18,1.0,0.0,False,False,0.029,0.02974,-0.024882313382649568,75.46210698,1.3336119282003622e-05,79.88179216
2020-04-28,CLG21,CLG21,19,1.0,0.0,False,False,0.02907,0.029,0.0024137931034482474,75.64425689,4.445353332771518e-06,80.07496538
2020-04-29,CLG21,CLG21,20,1.0,0.0,False,False,0.02943,0.02907,0.012383900928792713,76.58102787,4.445353332771518e-06,81.06696178
2020-04-30,CLG21,CLG21,21,1.0,0.0,False,False,0.03107,0.02943,0.05572545022086306,80.84854013,4.445353332771518e-06,85.5848151
2020-05-01,CLG21,CLK21,1,1.0,0.0,False,True,0.02998,0.03107,-0.035082072738976566,78.01220576,4.445353332771518e-06,82.58270284
2020-05-04,CLG21,CLK21,2,1.0,0.0,False,True,0.03046,0.02998,0.016010673782521634,79.26123374,1.0001566988826482e-05,83.90573351
2020-05-05,CLG21,CLK21,3,1.0,0.0,False,True,0.032729999999999995,0.03046,0.07452396585686127,85.16809522,3.3338445484254464e-06,90.15900126
2020-05-06,CLG21,CLK21,4,1.0,0.0,False,True,0.03151,0.032729999999999995,-0.037274671555147965,81.99348244,3.3338445484254464e-06,86.79865467
2020-05-07,CLG21,CLK21,5,1.0,0.0,False,True,0.03118,0.03151,-0.01047286575690265,81.13477571,3.3338445484254464e-06,85.88991339
2020-05-08,CLG21,CLK21,6,0.8,0.2,False,True,0.032979999999999995,0.03118,0.05772931366260403,85.81863063,3.3338445484254464e-06,90.84856549
2020-05-11,CLG21,CLK21,7,0.6,0.4,False,True,0.031862,0.033198,-0.040243388155912885,82.36499817,1.0001566988826482e-05,87.19342004
2020-05-12,CLG21,CLK21,8,0.3999999999999999,0.6000000000000001,False,True,0.031952,0.032084,-0.004114200224410891,82.02613208,3.3338445484254464e-06,86.83497955
2020-05-13,CLG21,CLK21,9,0.19999999999999996,0.8,False,True,0.031868,0.032158,-0.009017973754586683,81.28642257,3.3338445484254464e-06,86.05219347
2020-05-14,CLG21,CLK21,10,0.0,1.0,False,True,0.032882,0.032104,0.02423374034388237,83.25629663,3.3338445484254464e-06,88.13784687
2020-05-15,CLG21,CLK21,11,0.0,1.0,False,True,0.03372,0.033100000000000004,0.018731117824773325,84.81578013,3.3338445484254464e-06,89.7890611
2020-05-18,CLG21,CLK21,12,0.0,1.0,False,True,0.03567,0.03372,0.057829181494661874,89.72060727,1.0001566988826482e-05,94.98238704
2020-05-19,CLG21,CLK21,13,0.0,1.0,False,True,0.035679999999999996,0.03567,0.00028034763106243865,89.74576023,3.3338445484254464e-06,95.00933178
2020-05-20,CLG21,CLK21,14,0.0,1.0,False,True,0.03642,0.035679999999999996,0.020739910313901433,91.60707925,3.3338445484254464e-06,96.98013355
2020-05-21,CLG21,CLK21,15,0.0,1.0,False,True,0.036770000000000004,0.03642,0.009610104338275693,92.48743284,3.3338445484254464e-06,97.91244607
2020-05-22,CLG21,CLK21,16,0.0,1.0,False,True,0.03644,0.036770000000000004,-0.008974707642099622,91.65738517,3.3338445484254464e-06,97.03403692
2020-05-26,CLG21,CLK21,17,0.0,1.0,False,True,0.037509999999999995,0.03644,0.02936333699231608,94.34875186,1.3335444880802072e-05,99.88457404
2020-05-27,CLG21,CLK21,18,0.0,1.0,False,True,0.03643,0.037509999999999995,-0.028792322047453967,91.63223221,3.3338445484254464e-06,97.00899821
2020-05-28,CLG21,CLK21,19,0.0,1.0,False,True,0.036969999999999996,0.03643,0.014822948119681545,92.99049203,3.3338445484254464e-06,98.44728097
2020-05-29,CLG21,CLK21,20,0.0,1.0,False,True,0.03821,0.036969999999999996,0.03354070868271575,96.10945903,3.3338445484254464e-06,101.74960075
2020-06-01,CLK21,CLK21,1,1.0,0.0,False,False,0.038130000000000004,0.03821,-0.0020936927505887937,95.90823535,1.0001566988826482e-05,101.537586
2020-06-02,CLK21,CLK21,2,1.0,0.0,False,False,0.038869999999999995,0.038130000000000004,0.019407290847101688,97.76955437,4.445353332771518e-06,103.50860684
2020-06-03,CLK21,CLK21,3,1.0,0.0,False,False,0.039409999999999994,0.038869999999999995,0.013892462052997212,99.12781419,4.445353332771518e-06,104.94705636
2020-06-04,CLK21,CLK21,4,1.0,0.0,False,False,0.039689999999999996,0.039409999999999994,0.007104795737122638,99.83209706,4.445353332771518e-06,105.69315028
2020-06-05,CLK21,CLK21,5,1.0,0.0,False,False,0.041030000000000004,0.039689999999999996,0.033761652809272125,103.20259366,4.445353332771518e-06,109.26199557
2020-06-08,CLK21,CLK21,6,1.0,0.0,False,False,0.03982,0.041030000000000004,-0.029490616621983934,100.15908554,1.3336119282003622e-05,106.04124908
2020-06-09,CLK21,CLK21,7,1.0,0.0,False,False,0.0405,0.03982,0.017076845806127672,101.8694868,4.445353332771518e-06,107.85257053
2020-06-10,CLK21,CLK21,8,1.0,0.0,False,False,0.0409,0.0405,0.00987654320987641,102.87560519,4.445353332771518e-06,108.91826055
2020-06-11,CLK21,CLK21,9,1.0,0.0,False,False,0.03839,0.0409,-0.06136919315403422,96.5622123,4.445353332771518e-06,102.23451896
2020-06-12,CLK21,CLK21,10,1.0,0.0,False,False,0.03841,0.03839,0.0005209690023444402,96.61251822,4.445353332771518e-06,102.28823444
2020-06-15,CLK21,CLK21,11,1.0,0.0,False,False,0.039420000000000004,0.03841,0.02629523561572511,99.15296715,1.3336119282003622e-05,104.97929179
2020-06-16,CLK21,CLK21,12,1.0,0.0,False,False,0.04036,0.039420000000000004,0.0238457635717908,101.51734536,4.445353332771518e-06,107.48306983
2020-06-17,CLK21,CLK21,13,1.0,0.0,False,False,0.039670000000000004,0.04036,-0.017096134786917627,99.78179114,4.445353332771518e-06,105.64600258
2020-06-18,CLK21,CLK21,14,1.0,0.0,False,False,0.040229999999999995,0.039670000000000004,0.014116460801613107,101.19035688,4.445353332771518e-06,107.13781986
2020-06-19,CLK21,CLK21,15,1.0,0.0,False,False,0.040619999999999996,0.040229999999999995,0.009694258016405666,102.17132231,4.445353332771518e-06,108.1769178
2020-06-22,CLK21,CLK21,16,1.0,0.0,False,False,0.04144,0.040619999999999996,0.020187099950763177,104.23386501,1.3336119282003622e-05,110.36213872
2020-06-23,CLK21,CLK21,17,1.0,0.0,False,False,0.04114,0.04144,-0.007239382239382142,103.47927622,4.445353332771518e-06,109.56367561
2020-06-24,CLK21,CLK21,18,1.0,0.0,False,False,0.039380000000000005,0.04114,-0.04278074866310155,99.05235531,4.445353332771518e-06,104.87694659
2020-06-25,CLK21,CLK21,19,1.0,0.0,False,False,0.040060000000000005,0.039380000000000005,0.017267648552564685,100.76275657,4.445353332771518e-06,106.68839106
2020-06-26,CLK21,CLK21,20,1.0,0.0,False,False,0.03972,0.040060000000000005,-0.008487269096355665,99.90755594,4.445353332771518e-06,105.78337224
2020-06-29,CLK21,CLK21,21,1.0,0.0,False,False,0.04075,0.03972,0.025931520644511652,102.49831079,1.3336119282003622e-05,108.52790668
2020-06-30,CLK21,CLK21,22,1.0,0.0,False,False,0.04075,0.04075,0.0,102.49831079,4.445353332771518e-06,108.52838912
2020-07-01,CLK21,CLK21,1,1.0,0.0,False,False,0.04082,0.04075,0.0017177914110428905,102.67438151,4.445353332771518e-06,108.7153007
2020-07-02,CLK21,CLK21,2,1.0,0.0,False,False,0.04149,0.04082,0.016413522782949386,104.35962981,3.6117110888689297e-06,110.50009441
2020-07-06,CLK21,CLK21,3,1.0,0.0,False,False,0.0416,0.04149,0.0026512412629549065,104.63631237,1.4446922622646241e-05,110.79465321
2020-07-07,CLK21,CLK21,4,1.0,0.0,False,False,0.04164,0.0416,0.0009615384615386802,104.73692421,3.6117110888689297e-06,110.90158669
2020-07-08,CLK21,CLK21,5,1.0,0.0,False,False,0.04205,0.04164,0.009846301633045007,105.76819556,3.6117110888689297e-06,111.99395771
2020-07-09,CLK21,CLK21,6,1.0,0.0,False,False,0.04125,0.04205,-0.01902497027348382,103.75595878,3.6117110888689297e-06,109.86368048
2020-07-10,CLK21,CLK21,7,1.0,0.0,False,False,0.041979999999999996,0.04125,0.017696969696969544,105.59212484,3.6117110888689297e-06,111.8083315
2020-07-13,CLK21,CLK21,8,1.0,0.0,False,False,0.04157,0.041979999999999996,-0.009766555502620178,104.56085349,1.083517240019205e-05,110.71756069
2020-07-14,CLK21,CLK21,9,1.0,0.0,False,False,0.04178,0.04157,0.005051719990377457,105.08906564,3.6117110888689297e-06,111.27727468
2020-07-15,CLK21,CLK21,10,1.0,0.0,False,False,0.04239,0.04178,0.01460028721876494,106.62339618,3.6117110888689297e-06,112.90235675
2020-07-16,CLK21,CLK21,11,1.0,0.0,False,False,0.04206,0.04239,-0.007784854918612805,105.79334851,3.6117110888689297e-06,112.02383605
2020-07-17,CLK21,CLK21,12,1.0,0.0,False,False,0.04202,0.04206,-0.0009510223490251102,105.69273667,3.6117110888689297e-06,111.91770347
2020-07-20,CLK21,CLK21,13,1.0,0.0,False,False,0.042140000000000004,0.04202,0.002855782960495157,105.99457219,1.083517240019205e-05,112.23852879
2020-07-21,CLK21,CLK21,14,1.0,0.0,False,False,0.04277,0.042140000000000004,0.014950166112956742,107.57920865,3.6117110888689297e-06,113.91691881
2020-07-22,CLK21,CLK21,15,1.0,0.0,False,False,0.04284,0.04277,0.0016366612111293755,107.75527937,3.6117110888689297e-06,114.10377365
2020-07-23,CLK21,CLK21,16,1.0,0.0,False,False,0.04223,0.04284,-0.01423902894491147,106.22094883,3.6117110888689297e-06,112.47945883
2020-07-24,CLK21,CLK21,17,1.0,0.0,False,False,0.04267,0.04223,0.010419133317546736,107.32767906,3.6117110888689297e-06,113.65180355
2020-07-27,CLK21,CLK21,18,1.0,0.0,False,False,0.04306,0.04267,0.00913991094445743,108.30864449,1.083517240019205e-05,114.69180235
2020-07-28,CLK21,CLK21,19,1.0,0.0,False,False,0.04271,0.04306,-0.008128193218764568,107.4282909,3.6117110888689297e-06,113.75997945
2020-07-29,CLK21,CLK21,20,1.0,0.0,False,False,0.043,0.04271,0.006789978927651541,108.15772673,3.6117110888689297e-06,114.53281818
2020-07-30,CLK21,CLK21,21,1.0,0.0,False,False,0.04207,0.043,-0.021627906976743994,105.81850148,3.6117110888689297e-06,112.0561267
2020-07-31,CLK21,CLK21,22,1.0,0.0,False,False,0.042409999999999996,0.04207,0.008081768481102758,106.67370211,3.6117110888689297e-06,112.96214309
2020-08-03,CLK21,CLQ21,1,1.0,0.0,False,True,0.0433,0.042409999999999996,0.020985616599858536,108.91231552,1.083517240019205e-05,115.33394728
2020-08-04,CLK21,CLQ21,2,1.0,0.0,False,True,0.04369,0.0433,0.009006928406466441,109.89328095,2.778132776271036e-06,116.3730723
2020-08-05,CLK21,CLQ21,3,1.0,0.0,False,True,0.04419,0.04369,0.011444266422522276,111.15092894,2.778132776271036e-06,117.70520005
2020-08-06,CLK21,CLQ21,4,1.0,0.0,False,True,0.04418,0.04419,-0.00022629554197783897,111.12577598,2.778132776271036e-06,117.67889089
2020-08-07,CLK21,CLQ21,5,1.0,0.0,False,True,0.04346,0.04418,-0.01629696695337257,109.31476288,2.778132776271036e-06,115.76140882
2020-08-10,CLK21,CLQ21,6,0.8,0.2,False,True,0.04398,0.04346,0.011965025310630484,110.62271678,8.334421482736332e-06,117.14746181
2020-08-11,CLK21,CLQ21,7,0.6,0.4,False,True,0.04377600000000001,0.044056,-0.006355547485018764,109.91964885,2.778132776271036e-06,116.403251
2020-08-12,CLK21,CLQ21,8,0.3999999999999999,0.6000000000000001,False,True,0.04471800000000001,0.043852,0.019748244093770184,112.09036891,2.778132776271036e-06,118.7023342
2020-08-13,CLK21,CLQ21,9,0.19999999999999996,0.8,False,True,0.044534000000000004,0.044782,-0.00553793935063196,111.46961925,2.778132776271036e-06,118.04529765
2020-08-14,CLK21,CLQ21,10,0.0,1.0,False,True,0.044528,0.044602,-0.0016591184251828484,111.28467795,2.778132776271036e-06,117.84977447
2020-08-17,CLK21,CLQ21,11,0.0,1.0,False,True,0.045259999999999995,0.0446,0.014798206278026749,112.93149157,8.334421482736332e-06,119.59472195
2020-08-18,CLK21,CLQ21,12,0.0,1.0,False,True,0.04528,0.045259999999999995,0.0004418912947417031,112.98139501,2.778132776271036e-06,119.64790206
2020-08-19,CLK21,CLQ21,13,0.0,1.0,False,True,0.0453,0.04528,0.0004416961130742081,113.03129845,2.778132776271036e-06,119.70108247
2020-08-20,CLK21,CLQ21,14,0.0,1.0,False,True,0.0451,0.0453,-0.004415011037527616,112.53226402,2.778132776271036e-06,119.17293342
2020-08-21,CLK21,CLQ21,15,0.0,1.0,False,True,0.04467,0.0451,-0.009534368070953425,111.45933999,2.778132776271036e-06,118.03702588
2020-08-24,CLK21,CLQ21,16,0.0,1.0,False,True,0.04514,0.04467,0.01052160286545778,112.6320709,8.334421482736332e-06,119.27994836
2020-08-25,CLK21,CLQ21,17,0.0,1.0,False,True,0.045590000000000006,0.04514,0.009968985378821626,113.75489837,2.778132776271036e-06,120.4693798
2020-08-26,CLK21,CLQ21,18,0.0,1.0,False,True,0.045590000000000006,0.045590000000000006,0.0,113.75489837,2.778132776271036e-06,120.46971448
2020-08-27,CLK21,CLQ21,19,0.0,1.0,False,True,0.045149999999999996,0.045590000000000006,-0.009651239306865733,112.65702262,2.778132776271036e-06,119.30736711
2020-08-28,CLK21,CLQ21,20,0.0,1.0,False,True,0.045380000000000004,0.045149999999999996,0.0050941306755261095,113.23091221,2.778132776271036e-06,119.91546588
2020-08-31,CLK21,CLQ21,21,0.0,1.0,False,True,0.044899999999999995,0.045380000000000004,-0.01057734684883227,112.03322958,8.334421482736332e-06,118.64807783
2020-09-01,CLQ21,CLQ21,1,1.0,0.0,False,False,0.04523,0.044899999999999995,0.007349665924276216,112.85663639,2.778132776271036e-06,119.52043118
2020-09-02,CLQ21,CLQ21,2,1.0,0.0,False,False,0.04438,0.04523,-0.01879283661286746,110.73574006,3.05598511096683e-06,117.2746685
2020-09-03,CLQ21,CLQ21,3,1.0,0.0,False,False,0.04441,0.04438,0.0006759801712481472,110.81059522,3.05598511096683e-06,117.35430224
2020-09-04,CLQ21,CLQ21,4,1.0,0.0,False,False,0.0433,0.04441,-0.024994370637243857,108.04095413,3.05598511096683e-06,114.42146394
2020-09-08,CLQ21,CLQ21,5,1.0,0.0,False,False,0.04079,0.0433,-0.05796766743648962,101.77807203,1.2223996478155641e-05,107.79011726
2020-09-09,CLQ21,CLQ21,6,1.0,0.0,False,False,0.041710000000000004,0.04079,0.02255454768325582,104.07363041,3.05598511096683e-06,110.22160401
2020-09-10,CLQ21,CLQ21,7,1.0,0.0,False,False,0.041210000000000004,0.041710000000000004,-0.011987532965715642,102.82604433,3.05598511096683e-06,108.90065573
2020-09-11,CLQ21,CLQ21,8,1.0,0.0,False,False,0.04109,0.041210000000000004,-0.0029119145838388816,102.52662367,3.05598511096683e-06,108.58387912
2020-09-14,CLQ21,CLQ21,9,1.0,0.0,False,False,0.04107,0.04109,-0.00048673643222196805,102.47672023,9.16798335004465e-06,108.53202289
2020-09-15,CLQ21,CLQ21,10,1.0,0.0,False,False,0.041890000000000004,0.04107,0.01996591185780372,104.52276139,3.05598511096683e-06,110.69929536
2020-09-16,CLQ21,CLQ21,11,1.0,0.0,False,False,0.04311,0.041890000000000004,0.029123895917880116,107.56687141,3.05598511096683e-06,113.92362841
2020-09-17,CLQ21,CLQ21,12,1.0,0.0,False,False,0.04363,0.04311,0.012062166550684372,108.86436093,3.05598511096683e-06,115.29814234
2020-09-18,CLQ21,CLQ21,13,1.0,0.0,False,False,0.04355,0.04363,-0.0018336007334404103,108.66474716,3.05598511096683e-06,115.08708393
2020-09-21,CLQ21,CLQ21,14,1.0,0.0,False,False,0.04202,0.04355,-0.03513203214695748,104.84713377,9.16798335004465e-06,111.04489591
2020-09-22,CLQ21,CLQ21,15,1.0,0.0,False,False,0.04221,0.04202,0.004521656354117054,105.32121648,3.05598511096683e-06,111.54734212
2020-09-23,CLQ21,CLQ21,16,1.0,0.0,False,False,0.04231,0.04221,0.0023691068467188714,105.5707337,3.05598511096683e-06,111.81195058
2020-09-24,CLQ21,CLQ21,17,1.0,0.0,False,False,0.04272,0.04231,0.009690380524698616,106.59375428,3.05598511096683e-06,112.89579262
2020-09-25,CLQ21,CLQ21,18,1.0,0.0,False,False,0.042570000000000004,0.04272,-0.003511235955056091,106.21947846,3.05598511096683e-06,112.49973386
2020-09-28,CLQ21,CLQ21,19,1.0,0.0,False,False,0.04291,0.042570000000000004,0.00798684519614734,107.06783699,9.16798335004465e-06,113.39928321
2020-09-29,CLQ21,CLQ21,20,1.0,0.0,False,False,0.04174,0.04291,-0.027266371475180518,104.14848557,3.05598511096683e-06,110.30764277
2020-09-30,CLQ21,CLQ21,21,1.0,0.0,False,False,0.04264,0.04174,0.021562050790608467,106.39414051,3.05598511096683e-06,112.68643887
2020-10-01,CLQ21,CLQ21,1,1.0,0.0,False,False,0.04151,0.04264,-0.026500938086303938,103.57459598,3.05598511096683e-06,109.7004869
2020-10-02,CLQ21,CLQ21,2,1.0,0.0,False,False,0.04003,0.04151,-0.035654059262828164,99.8817412,2.778132776271036e-06,105.789524
2020-10-05,CLQ21,CLQ21,3,1.0,0.0,False,False,0.04197,0.04003,0.0484636522608044,104.72237517,8.334421482736332e-06,110.9173524
2020-10-06,CLQ21,CLQ21,4,1.0,0.0,False,False,0.04306,0.04197,0.025970931617822268,107.44211281,2.778132776271036e-06,113.79828751
2020-10-07,CLQ21,CLQ21,5,1.0,0.0,False,False,0.04239,0.04306,-0.015559684161635001,105.77034747,2.778132776271036e-06,112.02793825
2020-10-08,CLQ21,CLQ21,6,1.0,0.0,False,False,0.04332,0.04239,0.021939136588818187,108.09085757,2.778132776271036e-06,114.48604572
2020-10-09,CLQ21,CLQ21,7,1.0,0.0,False,False,0.04281,0.04332,-0.011772853185595511,106.81831977,2.778132776271036e-06,113.13853637
2020-10-12,CLQ21,CLQ21,8,1.0,0.0,False,False,0.04194,0.04281,-0.020322354590049163,104.64752,8.334421482736332e-06,110.84023786
2020-10-13,CLQ21,CLQ21,9,1.0,0.0,False,False,0.04253,0.04194,0.014067715784453982,106.11967157,2.778132776271036e-06,112.39981475
2020-10-14,CLQ21,CLQ21,10,1.0,0.0,False,False,0.0431,0.04253,0.013402304255819342,107.5419197,2.778132776271036e-06,113.90654353
2020-10-15,CLQ21,CLQ21,11,1.0,0.0,False,False,0.04289,0.0431,-0.004872389791183318,107.01793355,2.778132776271036e-06,113.3518629
2020-10-16,CLQ21,CLQ21,12,1.0,0.0,False,False,0.04273,0.04289,-0.0037304733038003857,106.61870601,2.778132776271036e-06,112.92932171
2020-10-19,CLQ21,CLQ21,13,1.0,0.0,False,False,0.04273,0.04273,0.0,106.61870601,8.334421482736332e-06,112.93026291
2020-10-20,CLQ21,CLQ21,14,1.0,0.0,False,False,0.04329,0.04273,0.013105546454481809,108.01600241,2.778132776271036e-06,114.41058945
2020-10-21,CLQ21,CLQ21,15,1.0,0.0,False,False,0.04183,0.04329,-0.03372603372603378,104.37305107,2.778132776271036e-06,110.5522919
2020-10-22,CLQ21,CLQ21,16,1.0,0.0,False,False,0.04238,0.04183,0.01314845804446585,105.74539575,2.778132776271036e-06,112.0061912
2020-10-23,CLQ21,CLQ21,17,1.0,0.0,False,False,0.04163,0.04238,-0.01769702689948094,103.87401664,2.778132776271036e-06,110.02432579
2020-10-26,CLQ21,CLQ21,18,1.0,0.0,False,False,0.04059,0.04163,-0.024981984146048464,101.2790376,8.334421482736332e-06,107.27661681
2020-10-27,CLQ21,CLQ21,19,1.0,0.0,False,False,0.0414,0.04059,0.019955654101995624,103.30012704,2.778132776271036e-06,109.41768989
2020-10-28,CLQ21,CLQ21,20,1.0,0.0,False,False,0.03968,0.0414,-0.04154589371980677,99.00843094,2.778132776271036e-06,104.87213815
2020-10-29,CLQ21,CLQ21,21,1.0,0.0,False,False,0.03861,0.03968,-0.026965725806451624,96.33859674,2.778132776271036e-06,102.04447618
2020-10-30,CLQ21,CLQ21,22,1.0,0.0,False,False,0.038579999999999996,0.03861,-0.0007770007770008247,96.26374158,2.778132776271036e-06,101.96547104
2020-11-02,CLQ21,CLV21,1,1.0,0.0,False,True,0.03979,0.038579999999999996,0.03136340072576482,99.28289988,8.334421482736332e-06,105.16430479
2020-11-03,CLQ21,CLV21,2,1.0,0.0,False,True,0.04032,0.03979,0.013319929630560612,100.60534112,2.5002875438939753e-06,106.56534887
2020-11-04,CLQ21,CLV21,3,1.0,0.0,False,True,0.04156,0.04032,0.030753968253968145,103.69935459,2.5002875438939753e-06,109.84292267
2020-11-05,CLQ21,CLV21,4,1.0,0.0,False,True,0.0412,0.04156,-0.008662175168431152,102.80109262,2.5002875438939753e-06,108.89171868
2020-11-06,CLQ21,CLV21,5,1.0,0.0,False,True,0.0399,0.0412,-0.031553398058252524,99.55736882,2.5002875438939753e-06,105.45608719
2020-11-09,CLQ21,CLV21,6,0.8,0.2,False,True,0.0424,0.0399,0.06265664160401019,105.7952992,7.500881385791303e-06,112.06440247
2020-11-10,CLQ21,CLV21,7,0.6,0.4,False,True,0.043096,0.042442,0.015409264407897805,107.42552694,2.5002875438939753e-06,113.79151267
2020-11-11,CLQ21,CLV21,8,0.3999999999999999,0.6000000000000001,False,True,0.043318,0.043121999999999994,0.004545243727100079,107.91380214,2.5002875438939753e-06,114.30900734
2020-11-12,CLQ21,CLV21,9,0.19999999999999996,0.8,False,True,0.04303,0.043342,-0.007198560287942413,107.13697813,2.5002875438939753e-06,113.48643287
2020-11-13,CLQ21,CLV21,10,0.0,1.0,False,True,0.0422,0.04306,-0.019972131908964186,104.99722427,2.5002875438939753e-06,111.22015061
2020-11-16,CLQ21,CLV21,11,0.0,1.0,False,True,0.04302,0.04224,0.01846590909090917,106.93609347,7.500881385791303e-06,113.27476605
2020-11-17,CLQ21,CLV21,12,0.0,1.0,False,True,0.04307,0.04302,0.00116225011622495,107.06037996,2.5002875438939753e-06,113.40670288
2020-11-18,CLQ21,CLV21,13,0.0,1.0,False,True,0.04337,0.04307,0.006965405154399917,107.80609888,2.5002875438939753e-06,114.19691006
2020-11-19,CLQ21,CLV21,14,0.0,1.0,False,True,0.04315,0.04337,-0.005072630850818438,107.25923834,2.5002875438939753e-06,113.61791682
2020-11-20,CLQ21,CLV21,15,0.0,1.0,False,True,0.04345,0.04315,0.006952491309385911,108.00495726,2.5002875438939753e-06,114.40812847
2020-11-23,CLQ21,CLV21,16,0.0,1.0,False,True,0.04383,0.04345,0.00874568469505177,108.94953456,7.500881385791303e-06,115.40956405
2020-11-24,CLQ21,CLV21,17,0.0,1.0,False,True,0.04516,0.04383,0.030344512890714048,112.25555512,2.5002875438939753e-06,118.91189962
2020-11-25,CLQ21,CLV21,18,0.0,1.0,False,True,0.045810000000000003,0.04516,0.014393268379096602,113.87127945,2.5002875438939753e-06,120.62372782
2020-11-27,CLQ21,CLV21,19,0.0,1.0,False,True,0.045770000000000005,0.045810000000000003,-0.0008731717965508867,113.77185026,5.000581339231758e-06,120.51900577
2020-11-30,CLQ21,CLV21,20,0.0,1.0,False,True,0.04547,0.045770000000000005,-0.0065545116888793276,113.02613134,7.500881385791303e-06,119.72996654
2020-12-01,CLV21,CLV21,1,1.0,0.0,False,False,0.04476,0.04547,-0.01561469100505819,111.26126322,2.5002875438939753e-06,117.86071946
2020-12-02,CLV21,CLV21,2,1.0,0.0,False,False,0.045200000000000004,0.04476,0.009830205540661385,112.35498431,2.5002875438939753e-06,119.01960925
2020-12-03,CLV21,CLV21,3,1.0,0.0,False,False,0.04532,0.045200000000000004,0.0026548672566371057,112.65327188,2.5002875438939753e-06,119.3358881
2020-12-04,CLV21,CLV21,4,1.0,0.0,False,False,0.04599,0.04532,0.014783759929391183,114.31871081,2.5002875438939753e-06,121.1004196
2020-12-07,CLV21,CLV21,5,1.0,0.0,False,False,0.04582,0.04599,-0.003696455751250327,113.89613675,7.500881385791303e-06,120.65368561
2020-12-08,CLV21,CLV21,6,1.0,0.0,False,False,0.045840000000000006,0.04582,0.00043649061545192325,113.94585134,2.5002875438939753e-06,120.70665148
2020-12-09,CLV21,CLV21,7,1.0,0.0,False,False,0.04578,0.045840000000000006,-0.0013089005235602524,113.79670756,2.5002875438939753e-06,120.54896029
2020-12-10,CLV21,CLV21,8,1.0,0.0,False,False,0.04667,0.04578,0.019440803844473553,116.00900703,2.5002875438939753e-06,122.89283039
2020-12-11,CLV21,CLV21,9,1.0,0.0,False,False,0.046490000000000004,0.04667,-0.003856867366616612,115.56157568,2.5002875438939753e-06,122.41915631
2020-12-14,CLV21,CLV21,10,1.0,0.0,False,False,0.0469,0.046490000000000004,0.008819100881909847,116.58072487,7.500881385791303e-06,123.49970145
2020-12-15,CLV21,CLV21,11,1.0,0.0,False,False,0.04734,0.0469,0.009381663113006367,117.67444596,2.5002875438939753e-06,124.65864283
2020-12-16,CLV21,CLV21,12,1.0,0.0,False,False,0.04758,0.04734,0.005069708491761693,118.2710211,2.5002875438939753e-06,125.29093749
2020-12-17,CLV21,CLV21,13,1.0,0.0,False,False,0.04822,0.04758,0.01345102984447255,119.86188813,2.5002875438939753e-06,126.97654289
2020-12-18,CLV21,CLV21,14,1.0,0.0,False,False,0.04871,0.04822,0.010161758606387572,121.0798957,2.5002875438939753e-06,128.26716534
2020-12-21,CLV21,CLV21,15,1.0,0.0,False,False,0.047659999999999994,0.04871,-0.021556148634777395,118.46987947,7.500881385791303e-06,125.50318137
2020-12-22,CLV21,CLV21,16,1.0,0.0,False,False,0.04692,0.047659999999999994,-0.015526647083508038,116.63043946,2.5002875438939753e-06,123.55485156
2020-12-23,CLV21,CLV21,17,1.0,0.0,False,False,0.04786,0.04692,0.020034100596760362,118.96702542,2.5002875438939753e-06,126.03047081
2020-12-24,CLV21,CLV21,18,1.0,0.0,False,False,0.047920000000000004,0.04786,0.001253656498119593,119.1161692,2.5002875438939753e-06,126.18878484
2020-12-28,CLV21,CLV21,19,1.0,0.0,False,False,0.04753,0.047920000000000004,-0.008138564273789672,118.1467346,1.0001187684016699e-05,125.16305134
2020-12-29,CLV21,CLV21,20,1.0,0.0,False,False,0.04784,0.04753,0.00652219650746888,118.91731082,2.5002875438939753e-06,125.9797023
2020-12-30,CLV21,CLV21,21,1.0,0.0,False,False,0.047990000000000005,0.04784,0.0031354515050168175,119.29017028,2.5002875438939753e-06,126.37502053
2020-12-31,CLV21,CLV21,22,1.0,0.0,False,False,0.04801,0.047990000000000005,0.0004167534903103398,119.33988487,2.5002875438939753e-06,126.42800373
2021-01-04,CLV21,CLV21,1,1.0,0.0,False,False,0.04746,0.04801,-0.011455946677775386,117.97273351,1.0001187684016699e-05,124.98091569
2021-01-05,CLV21,CLV21,2,1.0,0.0,False,False,0.04912,0.04746,0.034976822587441836,122.09904488,2.5002875438939753e-06,129.35266349
2021-01-06,CLV21,CLV21,3,1.0,0.0,False,False,0.04937,0.04912,0.005089576547231189,122.72047732,2.5002875438939753e-06,130.0113372
2021-01-07,CLV21,CLV21,4,1.0,0.0,False,False,0.04955,0.04937,0.003645938829248463,123.16790867,2.5002875438939753e-06,130.48567564
2021-01-08,CLV21,CLV21,5,1.0,0.0,False,False,0.05058,0.04955,0.02078708375378402,125.7282103,2.5002875438939753e-06,133.19841856
2021-01-11,CLV21,CLV21,6,1.0,0.0,False,False,0.05071,0.05058,0.0025701858442070957,126.05135517,7.500881385791303e-06,133.54176236
2021-01-12,CLV21,CLV21,7,1.0,0.0,False,False,0.05156,0.05071,0.016761979885624223,128.16422545,2.5002875438939753e-06,135.78052059
2021-01-13,CLV21,CLV21,8,1.0,0.0,False,False,0.051609999999999996,0.05156,0.0009697439875870906,128.28851194,2.5002875438939753e-06,135.91253243
2021-01-14,CLV21,CLV21,9,1.0,0.0,False,False,0.05196,0.051609999999999996,0.006781631466770133,129.15851735,2.5002875438939753e-06,136.83458096
2021-01-15,CLV21,CLV21,10,1.0,0.0,False,False,0.05104,0.05196,-0.01770592763664347,126.87164599,2.5002875438939753e-06,134.4121399
2021-01-19,CLV21,CLV21,11,1.0,0.0,False,False,0.05131,0.05104,0.005289968652037569,127.54279302,1.0001187684016699e-05,135.12452019
2021-01-20,CLV21,CLV21,12,1.0,0.0,False,False,0.05139,0.05131,0.0015591502631064902,127.7416514,2.5002875438939753e-06,135.33553747
2021-01-21,CLV21,CLV21,13,1.0,0.0,False,False,0.051340000000000004,0.05139,-0.0009729519361741934,127.61736491,2.5002875438939753e-06,135.20420087
2021-01-22,CLV21,CLV21,14,1.0,0.0,False,False,0.05061,0.051340000000000004,-0.014218932606155033,125.8027822,2.5002875438939753e-06,133.2820795
2021-01-25,CLV21,CLV21,15,1.0,0.0,False,False,0.05101,0.05061,0.00790357636830663,126.7970741,7.500881385791303e-06,134.33648433
2021-01-26,CLV21,CLV21,16,1.0,0.0,False,False,0.05083,0.05101,-0.0035287198588511703,126.34964275,2.5002875438939753e-06,133.86278439
2021-01-27,CLV21,CLV21,17,1.0,0.0,False,False,0.05097,0.05083,0.0027542789691128444,126.69764491,2.5002875438939753e-06,134.23181453
2021-01-28,CLV21,CLV21,18,1.0,0.0,False,False,0.0505,0.05097,-0.009221110457131587,125.52935193,2.5002875438939753e-06,132.99438376
2021-01-29,CLV21,CLV21,19,1.0,0.0,False,False,0.05034,0.0505,-0.003168316831683171,125.13163517,2.5002875438939753e-06,132.57334794
2021-02-01,CLV21,CLV21,1,1.0,0.0,False,False,0.05151,0.05034,0.023241954707985624,128.03993897,7.500881385791303e-06,135.65560611
2021-02-02,CLV21,CLV21,2,1.0,0.0,False,False,0.05246,0.05151,0.018443020772665575,130.40138222,1.1111679050213041e-06,138.157656
2021-02-03,CLV21,CLV21,3,1.0,0.0,False,False,0.053219999999999996,0.05246,0.014487228364468141,132.29053682,1.1111679050213041e-06,140.15933103
2021-02-04,CLV21,CLV21,4,1.0,0.0,False,False,0.0536,0.053219999999999996,0.007140172867343253,133.23511412,1.1111679050213041e-06,141.16024862
2021-02-05,CLV21,CLV21,5,1.0,0.0,False,False,0.0541,0.0536,0.009328358208955168,134.47797899,1.1111679050213041e-06,142.47719884
2021-02-08,CLV21,CLV21,6,1.0,0.0,False,False,0.0551,0.0541,0.01848428835489835,136.96370873,3.3335074194340564e-06,145.11126342
2021-02-09,CLV21,CLV21,7,1.0,0.0,False,False,0.055439999999999996,0.0551,0.006170598911070746,137.80885684,1.1111679050213041e-06,146.00684806
2021-02-10,CLV21,CLV21,8,1.0,0.0,False,False,0.055729999999999995,0.055439999999999996,0.005230880230880253,138.52971846,1.1111679050213041e-06,146.77075463
2021-02-11,CLV21,CLV21,9,1.0,0.0,False,False,0.0554,0.055729999999999995,-0.005921406782702254,137.70942765,1.1111679050213041e-06,145.90182838
2021-02-12,CLV21,CLV21,10,1.0,0.0,False,False,0.056280000000000004,0.0554,0.015884476534296033,139.89686982,1.1111679050213041e-06,148.21956467
2021-02-16,CLV21,CLV21,11,1.0,0.0,False,False,0.056979999999999996,0.056280000000000004,0.012437810945273409,141.63688064,4.44467902860346e-06,150.06375038
2021-02-17,CLV21,CLV21,12,1.0,0.0,False,False,0.0575,0.056979999999999996,0.009126009126009249,142.92946011,1.1111679050213041e-06,151.43340029
2021-02-18,CLV21,CLV21,13,1.0,0.0,False,False,0.05712,0.0575,-0.006608695652174035,141.98488281,1.1111679050213041e-06,150.43279131
2021-02-19,CLV21,CLV21,14,1.0,0.0,False,False,0.056350000000000004,0.05712,-0.013480392156862586,140.07087091,1.1111679050213041e-06,148.40506545
2021-02-22,CLV21,CLV21,15,1.0,0.0,False,False,0.05828,0.056350000000000004,0.03425022182786153,144.86832931,3.3335074194340564e-06,153.48846657
2021-02-23,CLV21,CLV21,16,1.0,0.0,False,False,0.05846,0.05828,0.00308853809196985,145.31576066,1.1111679050213041e-06,153.96269209
2021-02-24,CLV21,CLV21,17,1.0,0.0,False,False,0.06003,0.05846,0.026855969893944565,149.21835635,1.1111679050213041e-06,158.09768059
2021-02-25,CLV21,CLV21,18,1.0,0.0,False,False,0.06012,0.06003,0.0014992503748125774,149.44207203,1.1111679050213041e-06,158.33488427
2021-02-26,CLV21,CLV21,19,1.0,0.0,False,False,0.0582,0.06012,-0.031936127744510934,144.66947093,1.1111679050213041e-06,153.27845712
2021-03-01,CLV21,CLV21,1,1.0,0.0,False,False,0.05752,0.0582,-0.011683848797250818,142.97917471,3.3335074194340564e-06,151.48808576
2021-03-02,CLV21,CLV21,2,1.0,0.0,False,False,0.05697,0.05752,-0.009561891515994514,141.61202335,8.333652794512147e-07,150.03969936
2021-03-03,CLV21,CLV21,3,1.0,0.0,False,False,0.05837,0.05697,0.024574337370545818,145.09204499,8.333652794512147e-07,153.72695059
2021-03-04,CLV21,CLV21,4,1.0,0.0,False,False,0.06038,0.05837,0.03443549768716814,150.08836177,8.333652794512147e-07,159.02074275
2021-03-05,CLV21,CLV21,5,1.0,0.0,False,False,0.06254,0.06038,0.03577343491222251,155.45753801,8.333652794512147e-07,164.70959346
2021-03-08,CLV21,CLV21,6,1.0,0.0,False,False,0.06185,0.06254,-0.01103293891909174,153.74238449,2.5000979217981723e-06,162.89277437
2021-03-09,CLV21,CLV21,7,1.0,0.0,False,False,0.0613,0.06185,-0.008892481810832686,152.37523313,8.333652794512147e-07,161.44438908
2021-03-10,CLV21,CLV21,8,1.0,0.0,False,False,0.0616,0.0613,0.004893964110929794,153.12095205,8.333652794512147e-07,162.23462667
2021-03-11,CLV21,CLV21,9,1.0,0.0,False,False,0.06297,0.0616,0.022240259740259782,156.5264018,8.333652794512147e-07,165.84290211
2021-03-12,CLV21,CLV21,10,1.0,0.0,False,False,0.06276,0.06297,-0.0033349213911386677,156.00439855,8.333652794512147e-07,165.28996727
2021-03-15,CLV21,CLV21,11,1.0,0.0,False,False,0.06265,0.06276,-0.0017527087316762113,155.73096828,2.5000979217981723e-06,165.00067534
2021-03-16,CLV21,CLV21,12,1.0,0.0,False,False,0.06235,0.06265,-0.004788507581803603,154.98524936,8.333652794512147e-07,164.21070586
2021-03-17,CLV21,CLV21,13,1.0,0.0,False,False,0.062240000000000004,0.06235,-0.001764234161988787,154.71181909,8.333652794512147e-07,163.92113657
2021-03-18,CLV21,CLV21,14,1.0,0.0,False,False,0.0583,0.062240000000000004,-0.06330334190231368,144.91804391,8.333652794512147e-07,153.54451742
2021-03-19,CLV21,CLV21,15,1.0,0.0,False,False,0.0595,0.0583,0.020583190394511064,147.9009196,8.333652794512147e-07,156.70508142
2021-03-22,CLV21,CLV21,16,1.0,0.0,False,False,0.05976,0.0595,0.004369747899159782,148.54720933,2.5000979217981723e-06,157.3902349
2021-03-23,CLV21,CLV21,17,1.0,0.0,False,False,0.05664,0.05976,-0.052208835341365445,140.79173254,8.333652794512147e-07,149.17320521
2021-03-24,CLV21,CLV21,18,1.0,0.0,False,False,0.059609999999999996,0.05664,0.052436440677966045,148.17434987,8.333652794512147e-07,156.99544145
2021-03-25,CLV21,CLV21,19,1.0,0.0,False,False,0.05722,0.059609999999999996,-0.040093943969132684,142.23345579,8.333652794512147e-07,150.70100585
2021-03-26,CLV21,CLV21,20,1.0,0.0,False,False,0.05942,0.05722,0.038448095071653254,147.70206122,8.333652794512147e-07,156.49529804
2021-03-29,CLV21,CLV21,21,1.0,0.0,False,False,0.05975,0.05942,0.005553685627734728,148.52235203,2.5000979217981723e-06,157.36481498
2021-03-30,CLV21,CLV21,22,1.0,0.0,False,False,0.05887,0.05975,-0.014728033472803381,146.33490986,8.333652794512147e-07,155.04727186
2021-03-31,CLV21,CLV21,23,1.0,0.0,False,False,0.05776,0.05887,-0.01885510446747074,143.57574985,8.333652794512147e-07,152.12396857
2021-04-01,CLV21,CLV21,1,1.0,0.0,False,False,0.06017,0.05776,0.041724376731302026,149.56635853,8.333652794512147e-07,158.47137312
2021-04-05,CLV21,CLV21,2,1.0,0.0,False,False,0.05774,0.06017,-0.0403855742064152,143.52603526,2.2222808662153426e-06,152.07176789
2021-04-06,CLV21,CLV21,3,1.0,0.0,False,False,0.05851,0.05774,0.013335642535504011,145.44004716,5.555697535353232e-07,154.09982711
2021-04-07,CLV21,CLV21,4,1.0,0.0,False,False,0.05883,0.05851,0.0054691505725517064,146.23548068,5.555697535353232e-07,154.94270788
2021-04-08,CLV21,CLV21,5,1.0,0.0,False,False,0.05849,0.05883,-0.005779364269930309,145.39033257,5.555697535353232e-07,154.04732361
2021-04-09,CLV21,CLV21,6,1.0,0.0,False,False,0.05834,0.05849,-0.0025645409471704017,145.01747311,5.555697535353232e-07,153.65234853
2021-04-12,CLV21,CLV21,7,1.0,0.0,False,False,0.05882,0.05834,0.00822763112787106,146.21062339,1.6667101867540168e-06,154.91679947
2021-04-13,CLV21,CLV21,8,1.0,0.0,False,False,0.05938,0.05882,0.009520571234274078,147.60263205,5.555697535353232e-07,156.39178197
2021-04-14,CLV21,CLV21,9,1.0,0.0,False,False,0.06203,0.05938,0.0446278208150892,154.18981586,5.555697535353232e-07,163.37129327
2021-04-15,CLV21,CLV21,10,1.0,0.0,False,False,0.06215,0.06203,0.0019345477994519023,154.48810343,5.555697535353232e-07,163.68743361
2021-04-16,CLV21,CLV21,11,1.0,0.0,False,False,0.061880000000000004,0.06215,-0.004344328238133466,153.8169564,5.555697535353232e-07,162.97641261
2021-04-19,CLV21,CLV21,12,1.0,0.0,False,False,0.062,0.061880000000000004,0.0019392372333548735,154.11524397,1.6667101867540168e-06,163.29273417
2021-04-20,CLV21,CLV21,13,1.0,0.0,False,False,0.061329999999999996,0.062,-0.010806451612903278,152.44980504,5.555697535353232e-07,161.52820986
2021-04-21,CLV21,CLV21,14,1.0,0.0,False,False,0.06017,0.061329999999999996,-0.018914071416924694,149.56635854,5.555697535353232e-07,158.4731435
2021-04-22,CLV21,CLV21,15,1.0,0.0,False,False,0.060289999999999996,0.06017,0.0019943493435266024,149.86464611,5.555697535353232e-07,158.78928235
2021-04-23,CLV21,CLV21,16,1.0,0.0,False,False,0.06092,0.060289999999999996,0.01044949411179319,151.43065585,5.555697535353232e-07,160.44863824
2021-04-26,CLV21,CLV21,17,1.0,0.0,False,False,0.06071,0.06092,-0.0034471437951412165,150.9086526,1.6667101867540168e-06,159.89581613
2021-04-27,CLV21,CLV21,18,1.0,0.0,False,False,0.061590000000000006,0.06071,0.014495140833470588,153.09609477,5.555697535353232e-07,162.21361733
2021-04-28,CLV21,CLV21,19,1.0,0.0,False,False,0.062479999999999994,0.061590000000000006,0.01445039779184909,155.30839424,5.555697535353232e-07,164.55775875
2021-04-29,CLV21,CLV21,20,1.0,0.0,False,False,0.06345,0.062479999999999994,0.015524967989756888,157.71955209,5.555697535353232e-07,167.11260411
2021-04-30,CLV21,CLV21,21,1.0,0.0,False,False,0.0621,0.06345,-0.021276595744680882,154.36381694,5.555697535353232e-07,163.55710963
2021-05-03,CLV21,CLG22,1,1.0,0.0,False,True,0.06307,0.0621,0.015619967793880862,156.77497479,1.6667101867540168e-06,166.11213902
2021-05-04,CLV21,CLG22,2,1.0,0.0,False,True,0.06433,0.06307,0.019977802441731418,159.90699426,5.555697535353232e-07,169.4307868
2021-05-05,CLV21,CLG22,3,1.0,0.0,False,True,0.06437000000000001,0.06433,0.0006217938753305674,160.00642345,5.555697535353232e-07,169.53623196
2021-05-06,CLV21,CLG22,4,1.0,0.0,False,True,0.06366,0.06437000000000001,-0.011029982911294312,158.24155533,5.555697535353232e-07,167.6663444
2021-05-07,CLV21,CLG22,5,1.0,0.0,False,True,0.06397,0.06366,0.004869619855482288,159.01213155,5.555697535353232e-07,168.48290891
2021-05-10,CLV21,CLG22,6,0.8,0.2,False,True,0.06409000000000001,0.06397,0.0018758793184305844,159.31041912,1.6667101867540168e-06,168.79924333
2021-05-11,CLV21,CLG22,7,0.6,0.4,False,True,0.064154,0.06374000000000002,0.00649513649199851,160.34516204,5.555697535353232e-07,169.89571124
2021-05-12,CLV21,CLG22,8,0.3999999999999999,0.6000000000000001,False,True,0.0646,0.063818,0.012253596164091718,162.3099669,5.555697535353232e-07,171.97763906
2021-05-13,CLV21,CLG22,9,0.19999999999999996,0.8,False,True,0.062062,0.06426,-0.03420479302832247,156.75818808,5.555697535353232e-07,166.09527506
2021-05-14,CLV21,CLG22,10,0.0,1.0,False,True,0.062872,0.061736,0.018400933005053854,159.642685,5.555697535353232e-07,169.15167537
2021-05-17,CLV21,CLG22,11,0.0,1.0,False,True,0.06316,0.0625,0.010559999999999903,161.32851175,1.6667101867540168e-06,170.93819898
2021-05-18,CLV21,CLG22,12,0.0,1.0,False,True,0.06257,0.06316,-0.009341355288156938,159.8214848,5.555697535353232e-07,169.3414995
2021-05-19,CLV21,CLG22,13,0.0,1.0,False,True,0.06063,0.06257,-0.03100527409301579,154.86617586,5.555697535353232e-07,164.09111398
2021-05-20,CLV21,CLG22,14,0.0,1.0,False,True,0.05951,0.06063,-0.01847270328220363,152.00537894,5.555697535353232e-07,161.05999868
2021-05-21,CLV21,CLG22,15,0.0,1.0,False,True,0.06078,0.05951,0.02134095110065526,155.2493183,5.555697535353232e-07,164.49726172
2021-05-24,CLV21,CLG22,16,0.0,1.0,False,True,0.06275,0.06078,0.032411977624218435,160.28125573,1.6667101867540168e-06,169.82921745
2021-05-25,CLV21,CLG22,17,0.0,1.0,False,True,0.06274,0.06275,-0.0001593625498007567,160.2557129,5.555697535353232e-07,169.80224738
2021-05-26,CLV21,CLG22,18,0.0,1.0,False,True,0.06294,0.06274,0.003187759005419011,160.76656949,5.555697535353232e-07,170.34363036
2021-05-27,CLV21,CLG22,19,0.0,1.0,False,True,0.06339,0.06294,0.007149666348903905,161.91599682,5.555697535353232e-07,171.56162512
2021-05-28,CLV21,CLG22,20,0.0,1.0,False,True,0.06286,0.06339,-0.008360940211389889,160.56222685,5.555697535353232e-07,170.12730394
2021-06-01,CLG22,CLV21,1,1.0,0.0,False,True,0.06420000000000001,0.06286,0.021317212853961376,163.98496602,2.2222808662153426e-06,173.75432197
2021-06-02,CLG22,CLV21,2,1.0,0.0,False,True,0.06514,0.06420000000000001,0.014641744548286484,166.385992,8.333652794512147e-07,176.29853316
2021-06-03,CLG22,CLV21,3,1.0,0.0,False,True,0.06512000000000001,0.06514,-0.00030703101013185297,166.33490634,8.333652794512147e-07,176.24455096
2021-06-04,CLG22,CLV21,4,1.0,0.0,False,True,0.06573999999999999,0.06512000000000001,0.009520884520884287,167.91856178,8.333652794512147e-07,177.92270186
2021-06-07,CLG22,CLV21,5,1.0,0.0,False,True,0.06564,0.06573999999999999,-0.0015211439002127403,167.66313348,2.5000979217981723e-06,177.65250065
2021-06-08,CLG22,CLV21,6,0.8,0.2,False,True,0.06631000000000001,0.06564,0.01020719073735532,169.37450306,8.333652794512147e-07,179.46598166
2021-06-09,CLG22,CLV21,7,0.6,0.4,False,True,0.06678400000000001,0.06679800000000001,-0.00020958711338658897,169.33900435,8.333652794512147e-07,179.42851747
2021-06-10,CLG22,CLV21,8,0.3999999999999999,0.6000000000000001,False,True,0.067438,0.06725800000000001,0.0026762615599629225,169.79219982,8.333652794512147e-07,179.90886465
2021-06-11,CLG22,CLV21,9,0.19999999999999996,0.8,False,True,0.068168,0.06792200000000001,0.0036218014781661534,170.40715346,8.333652794512147e-07,180.56060877
2021-06-14,CLG22,CLV21,10,0.0,1.0,False,True,0.068802,0.068664,0.002009786787836365,170.74963551,2.5000979217981723e-06,180.92394852
2021-06-15,CLG22,CLV21,11,0.0,1.0,False,True,0.07032,0.06929,0.014865059893202304,173.28783907,8.333652794512147e-07,183.61354463
2021-06-16,CLG22,CLV21,12,0.0,1.0,False,True,0.07047,0.07032,0.002133105802047952,173.65748036,8.333652794512147e-07,184.00536476
2021-06-17,CLG22,CLV21,13,0.0,1.0,False,True,0.06918,0.07047,-0.018305661983822885,170.47856522,8.333652794512147e-07,180.63717809
2021-06-18,CLG22,CLV21,14,0.0,1.0,False,True,0.06956,0.06918,0.005492917028042665,171.41498983,8.333652794512147e-07,181.62955365
2021-06-21,CLG22,CLV21,15,0.0,1.0,False,True,0.07097,0.06956,0.020270270270270396,174.889618,2.5000979217981723e-06,185.31168788
2021-06-22,CLG22,CLV21,16,0.0,1.0,False,True,0.07106,0.07097,0.0012681414682258474,175.11140278,8.333652794512147e-07,185.54684375
2021-06-23,CLG22,CLV21,17,0.0,1.0,False,True,0.07144,0.07106,0.005347593582887722,176.04782739,8.333652794512147e-07,186.53922749
2021-06-24,CLG22,CLV21,18,0.0,1.0,False,True,0.07177,0.07144,0.004619260918252932,176.86103824,8.333652794512147e-07,187.40105631
2021-06-25,CLG22,CLV21,19,0.0,1.0,False,True,0.0724,0.07177,0.008778040964191325,178.41353168,8.333652794512147e-07,189.04622663
2021-06-28,CLG22,CLV21,20,0.0,1.0,False,True,0.07131,0.0724,-0.0150552486187846,175.7274716,2.5000979217981723e-06,186.20056132
2021-06-29,CLG22,CLV21,21,0.0,1.0,False,True,0.07141,0.07131,0.0014023278642547599,175.97389913,8.333652794512147e-07,186.46183073
2021-06-30,CLG22,CLV21,22,0.0,1.0,False,True,0.07176,0.07141,0.004901274331326144,176.83639548,8.333652794512147e-07,187.3758867
2021-07-01,CLV21,CLV21,1,1.0,0.0,False,False,0.07306,0.07176,0.018115942028985366,180.03995337,8.333652794512147e-07,190.77053355
2021-07-02,CLV21,CLV21,2,1.0,0.0,False,False,0.07325,0.07306,0.0026006022447302435,180.50816568,1.3889776309117252e-06,191.26691681
2021-07-06,CLV21,CLV21,3,1.0,0.0,False,False,0.07146,0.07325,-0.024436860068259403,176.09711289,5.555922099498289e-06,186.59401659
2021-07-07,CLV21,CLV21,4,1.0,0.0,False,False,0.07042,0.07146,-0.014553596417576253,173.53426658,1.3889776309117252e-06,183.87866175
2021-07-08,CLV21,CLV21,5,1.0,0.0,False,False,0.07117,0.07042,0.010650383413802977,175.38247305,1.3889776309117252e-06,185.8372954
2021-07-09,CLV21,CLV21,6,1.0,0.0,False,False,0.07268000000000001,0.07117,0.021216804833497527,179.10352875,1.3889776309117252e-06,189.78042715
2021-07-12,CLV21,CLV21,7,1.0,0.0,False,False,0.07236,0.07268000000000001,-0.004402861860209328,178.31496065,4.166938680771892e-06,188.94564094
2021-07-13,CLV21,CLV21,8,1.0,0.0,False,False,0.07368999999999999,0.07236,0.018380320619126644,181.5924468,1.3889776309117252e-06,192.41878484
2021-07-14,CLV21,CLV21,9,1.0,0.0,False,False,0.07181,0.07368999999999999,-0.02551228117790738,176.95960924,1.3889776309117252e-06,187.51000997
2021-07-15,CLV21,CLV21,10,1.0,0.0,False,False,0.07064,0.07181,-0.016292995404539767,174.07640714,1.3889776309117252e-06,184.45517069
2021-07-16,CLV21,CLV21,11,1.0,0.0,False,False,0.07082,0.07064,0.002548131370328388,174.51997669,1.3889776309117252e-06,184.9254429
2021-07-19,CLV21,CLV21,12,1.0,0.0,False,False,0.06576,0.07082,-0.07144874329285511,162.05074368,4.166938680771892e-06,171.71352298
2021-07-20,CLV21,CLV21,13,1.0,0.0,False,False,0.06662,0.06576,0.013077858880778503,164.17002044,1.3889776309117252e-06,173.95940671
2021-07-21,CLV21,CLV21,14,1.0,0.0,False,False,0.06956999999999999,0.06662,0.04428099669768826,171.43963257,1.3889776309117252e-06,181.66274425
2021-07-22,CLV21,CLV21,15,1.0,0.0,False,False,0.07114,0.06956999999999999,0.022567198505102803,175.30854479,1.3889776309117252e-06,185.76261579
2021-07-23,CLV21,CLV21,16,1.0,0.0,False,False,0.07138,0.07114,0.0033736294630306585,175.89997086,1.3889776309117252e-06,186.38956804
2021-07-26,CLV21,CLV21,17,1.0,0.0,False,False,0.07134,0.07138,-0.0005603810591201519,175.80139985,4.166938680771892e-06,186.28589553
2021-07-27,CLV21,CLV21,18,1.0,0.0,False,False,0.07114,0.07134,-0.0028034763106252747,175.30854479,1.3889776309117252e-06,185.76390618
2021-07-28,CLV21,CLV21,19,1.0,0.0,False,False,0.07179,0.07114,0.009136913129041524,176.91032373,1.3889776309117252e-06,187.46147287
2021-07-29,CLV21,CLV21,20,1.0,0.0,False,False,0.07298,0.07179,0.01657612480846904,179.84281134,1.3889776309117252e-06,190.56911803
2021-07-30,CLV21,CLV21,21,1.0,0.0,False,False,0.07323,0.07298,0.003425596053713287,180.45888016,1.3889776309117252e-06,191.22219554
2021-08-02,CLV21,CLG22,1,1.0,0.0,False,True,0.07061,0.07323,-0.03577768674040693,174.00247888,4.166938680771892e-06,184.38150455
2021-08-03,CLV21,CLG22,2,1.0,0.0,False,True,0.07003,0.07061,-0.008214133975357751,172.57319921,1.3889776309117252e-06,182.86722627
2021-08-04,CLV21,CLG22,3,1.0,0.0,False,True,0.06779,0.07003,-0.03198629158931876,167.05322254,1.3889776309117252e-06,177.01823585
2021-08-05,CLV21,CLG22,4,1.0,0.0,False,True,0.06874,0.06779,0.014013866351969106,169.39428407,1.3889776309117252e-06,179.49919162
2021-08-06,CLV21,CLG22,5,1.0,0.0,False,True,0.0681,0.06874,-0.009310445155659042,167.81714788,1.3889776309117252e-06,177.82822356
2021-08-09,CLV21,CLG22,6,0.8,0.2,False,True,0.0663,0.0681,-0.026431718061673992,163.38145234,4.166938680771892e-06,173.12865909
2021-08-10,CLV21,CLG22,7,0.6,0.4,False,True,0.067716,0.066002,0.025968910033029147,167.62429058,1.3889776309117252e-06,177.62486214
2021-08-11,CLV21,CLG22,8,0.3999999999999999,0.6000000000000001,False,True,0.068304,0.067372,0.013833640087870469,169.94314469,1.3889776309117252e-06,180.08230727
2021-08-12,CLV21,CLG22,9,0.19999999999999996,0.8,False,True,0.06787399999999999,0.067946,-0.0010596650281108344,169.76306188,1.3889776309117252e-06,179.89173047
2021-08-13,CLV21,CLG22,10,0.0,1.0,False,True,0.066874,0.067532,-0.009743528993662154,168.10897056,1.3889776309117252e-06,178.13920004
2021-08-16,CLV21,CLG22,11,0.0,1.0,False,True,0.06548000000000001,0.06654,-0.01593026750826554,165.43094969,4.166938680771892e-06,175.30213723
2021-08-17,CLV21,CLG22,12,0.0,1.0,False,True,0.0648,0.06548000000000001,-0.010384850335980689,163.71297404,1.3889776309117252e-06,173.48189427
2021-08-18,CLV21,CLG22,13,0.0,1.0,False,True,0.06377000000000001,0.0648,-0.015895061728394944,161.11074621,1.3889776309117252e-06,170.72462981
2021-08-19,CLV21,CLG22,14,0.0,1.0,False,True,0.062060000000000004,0.06377000000000001,-0.026815116826093832,156.79054273,1.3889776309117252e-06,166.14686605
2021-08-20,CLV21,CLG22,15,0.0,1.0,False,True,0.06079,0.062060000000000004,-0.02046406703190473,153.58197055,1.3889776309117252e-06,162.74705622
2021-08-23,CLV21,CLG22,16,0.0,1.0,False,True,0.06415000000000001,0.06079,0.0552722487251196,162.07079143,4.166938680771892e-06,171.74313015
2021-08-24,CLV21,CLG22,17,0.0,1.0,False,True,0.066,0.06415000000000001,0.02883865939204977,166.74469578,1.3889776309117252e-06,176.69621033
2021-08-25,CLV21,CLG22,18,0.0,1.0,False,True,0.06678,0.066,0.01181818181818195,168.71531491,1.3889776309117252e-06,178.7846837
2021-08-26,CLV21,CLG22,19,0.0,1.0,False,True,0.06584999999999999,0.06678,-0.013926325247080151,166.36573056,1.3889776309117252e-06,176.29511837
2021-08-27,CLV21,CLG22,20,0.0,1.0,False,True,0.06725,0.06584999999999999,0.021260440394836877,169.90273926,1.3889776309117252e-06,180.0434751
2021-08-30,CLV21,CLG22,21,0.0,1.0,False,True,0.06770999999999999,0.06725,0.006840148698884496,171.06489926,4.166938680771892e-06,181.27574947
2021-08-31,CLV21,CLG22,22,0.0,1.0,False,True,0.06720999999999999,0.06770999999999999,-0.00738443361394181,169.80168187,1.3889776309117252e-06,179.93738252
2021-09-01,CLG22,CLU22,1,1.0,0.0,False,True,0.06731999999999999,0.06720999999999999,0.0016366612111293755,170.0795897,1.3889776309117252e-06,180.23212899
2021-09-02,CLG22,CLU22,2,1.0,0.0,False,True,0.06867,0.06731999999999999,0.020053475935828846,173.49027666,1.1111679050213041e-06,183.84660992
2021-09-03,CLG22,CLU22,3,1.0,0.0,False,True,0.06811,0.06867,-0.00815494393476035,172.07547318,1.1111679050213041e-06,182.34755541
2021-09-07,CLG22,CLU22,4,1.0,0.0,False,True,0.06720000000000001,0.06811,-0.01336073997944498,169.77641753,4.44467902860346e-06,179.91206762
2021-09-08,CLG22,CLU22,5,1.0,0.0,False,True,0.06791,0.06720000000000001,0.010565476190476097,171.57018623,1.1111679050213041e-06,181.8131242
2021-09-09,CLG22,CLU22,6,0.8,0.2,False,True,0.06688,0.06791,-0.015167132970107522,168.9679584,1.1111679050213041e-06,179.05574239
2021-09-10,CLG22,CLU22,7,0.6,0.4,False,True,0.06777000000000001,0.066344,0.02149403111057535,172.59976095,1.1111679050213041e-06,182.90457104
2021-09-13,CLG22,CLU22,8,0.3999999999999999,0.6000000000000001,False,True,0.067772,0.06721,0.008361850915042268,174.04301442,3.3335074194340564e-06,184.43460151
2021-09-14,CLG22,CLU22,9,0.19999999999999996,0.8,False,True,0.06709999999999999,0.067188,-0.0013097576948265521,173.81506024,1.1111679050213041e-06,184.19324181
2021-09-15,CLG22,CLU22,10,0.0,1.0,False,True,0.067722,0.06649,0.018529102120619756,177.03569724,1.1111679050213041e-06,187.60638187
2021-09-16,CLG22,CLU22,11,0.0,1.0,False,True,0.06697,0.06698,-0.00014929829799936734,177.00926611,1.1111679050213041e-06,187.57858102
2021-09-17,CLG22,CLU22,12,0.0,1.0,False,True,0.06642,0.06697,-0.008212632522024754,175.55555405,1.1111679050213041e-06,186.03827549
2021-09-20,CLG22,CLU22,13,0.0,1.0,False,True,0.06498000000000001,0.06642,-0.021680216802167918,171.74947158,3.3335074194340564e-06,182.00554551
2021-09-21,CLG22,CLU22,14,0.0,1.0,False,True,0.06547,0.06498000000000001,0.007540781779008743,173.04459687,1.1111679050213041e-06,183.37821185
2021-09-22,CLG22,CLU22,15,0.0,1.0,False,True,0.06684999999999999,0.06547,0.0210783564991599,176.69209257,1.1111679050213041e-06,187.24372693
2021-09-23,CLG22,CLU22,16,0.0,1.0,False,True,0.0677,0.06684999999999999,0.012715033657442198,178.93873847,1.1111679050213041e-06,189.62474528
2021-09-24,CLG22,CLU22,17,0.0,1.0,False,True,0.06819,0.0677,0.0072378138847859486,180.23386376,1.1111679050213041e-06,190.9974246
2021-09-27,CLG22,CLU22,18,0.0,1.0,False,True,0.06962,0.06819,0.0209708168353131,184.0135151,3.3335074194340564e-06,195.00343329
2021-09-28,CLG22,CLU22,19,0.0,1.0,False,True,0.0694,0.06962,-0.003160011490950798,183.43203028,1.1111679050213041e-06,194.38743688
2021-09-29,CLG22,CLU22,20,0.0,1.0,False,True,0.06931999999999999,0.0694,-0.0011527377521615145,183.22058125,1.1111679050213041e-06,194.16357514
2021-09-30,CLG22,CLU22,21,0.0,1.0,False,True,0.06929,0.06931999999999999,-0.0004327755337563133,183.14128787,1.1111679050213041e-06,194.07976165
2021-10-01,CLU22,CLU22,1,1.0,0.0,False,False,0.0704,0.06929,0.016019627651897794,186.07514311,1.1111679050213041e-06,197.18906282
2021-10-04,CLU22,CLU22,2,1.0,0.0,False,False,0.07184,0.0704,0.020454545454545503,189.88122558,4.166938680771892e-06,201.22329714
2021-10-05,CLU22,CLU22,3,1.0,0.0,False,False,0.07298,0.07184,0.01586859688195985,192.8943742,1.3889776309117252e-06,204.41670802
2021-10-06,CLU22,CLU22,4,1.0,0.0,False,False,0.07161,0.07298,-0.018772266374349256,189.27330963,1.3889776309117252e-06,200.57962706
2021-10-07,CLU22,CLU22,5,1.0,0.0,False,False,0.07237,0.07161,0.010613042871107536,191.28207538,1.3889776309117252e-06,202.70866584
2021-10-08,CLU22,CLU22,6,1.0,0.0,False,False,0.07271,0.07237,0.0046980793146329525,192.18073374,1.3889776309117252e-06,203.66128879
2021-10-11,CLU22,CLU22,7,1.0,0.0,False,False,0.07388,0.07271,0.01609132168890115,195.27317575,4.166938680771892e-06,206.93931675
2021-10-12,CLU22,CLU22,8,1.0,0.0,False,False,0.07392,0.07388,0.0005414185165133478,195.37890026,1.3889776309117252e-06,207.05164496
2021-10-13,CLU22,CLU22,9,1.0,0.0,False,False,0.07393999999999999,0.07392,0.00027056277056258793,195.43176252,1.3889776309117252e-06,207.10795302
2021-10-14,CLU22,CLU22,10,1.0,0.0,False,False,0.0745,0.07393999999999999,0.0075737084122262655,196.9119057,1.3889776309117252e-06,208.67681593
2021-10-15,CLU22,CLU22,11,1.0,0.0,False,False,0.07479000000000001,0.0745,0.003892617449664515,197.67840842,1.3889776309117252e-06,209.48940479
2021-10-18,CLU22,CLU22,12,1.0,0.0,False,False,0.07445,0.07479000000000001,-0.004546062307795307,196.77975006,4.166938680771892e-06,208.53792583
2021-10-19,CLU22,CLU22,13,1.0,0.0,False,False,0.07479000000000001,0.07445,0.0045668233713902495,197.67840842,1.3889776309117252e-06,209.49057136
2021-10-20,CLU22,CLU22,14,1.0,0.0,False,False,0.07559,0.07479000000000001,0.010696617194811964,199.79289868,1.3889776309117252e-06,211.73170278
2021-10-21,CLU22,CLU22,15,1.0,0.0,False,False,0.07414,0.07559,-0.01918243153856336,195.96038508,1.3889776309117252e-06,207.67046798
2021-10-22,CLU22,CLU22,16,1.0,0.0,False,False,0.07403,0.07414,-0.0014836795252225476,195.66964267,1.3889776309117252e-06,207.36264001
2021-10-25,CLU22,CLU22,17,1.0,0.0,False,False,0.07464,0.07403,0.0082399027421316,197.2819415,4.166938680771892e-06,209.07215207
2021-10-26,CLU22,CLU22,18,1.0,0.0,False,False,0.07503,0.07464,0.00522508038585201,198.3127555,1.3889776309117252e-06,210.16486126
2021-10-27,CLU22,CLU22,19,1.0,0.0,False,False,0.07368000000000001,0.07503,-0.017992802878848302,194.74455318,1.3889776309117252e-06,206.38369825
2021-10-28,CLU22,CLU22,20,1.0,0.0,False,False,0.07351,0.07368000000000001,-0.0023072747014115658,194.295224,1.3889776309117252e-06,205.90780103
2021-10-29,CLU22,CLU22,21,1.0,0.0,False,False,0.07318999999999999,0.07351,-0.004353149231397291,193.44942789,1.3889776309117252e-06,205.01173964
2021-11-01,CLU22,CLH22,1,1.0,0.0,False,True,0.07372,0.07318999999999999,0.007241426424374975,194.85027769,4.166938680771892e-06,206.49717134
2021-11-02,CLU22,CLH22,2,1.0,0.0,False,True,0.07385,0.07372,0.0017634291915356037,195.19388236,1.3889776309117252e-06,206.8616013
2021-11-03,CLU22,CLH22,3,1.0,0.0,False,True,0.07174,0.07385,-0.02857142857142858,189.61691429,1.3889776309117252e-06,200.95155716
2021-11-04,CLU22,CLH22,4,1.0,0.0,False,True,0.07121,0.07174,-0.007387789238918363,188.21606449,1.3889776309117252e-06,199.46724852
2021-11-05,CLU22,CLH22,5,1.0,0.0,False,True,0.07336,0.07121,0.030192388709450846,193.89875707,1.3889776309117252e-06,205.48991828
2021-11-08,CLU22,CLH22,6,0.8,0.2,False,True,0.07381,0.07336,0.006134133042529966,195.08815784,4.166938680771892e-06,206.75127704
2021-11-09,CLU22,CLH22,7,0.6,0.4,False,True,0.07550799999999999,0.074728,0.010437854619419706,197.12445967,1.3889776309117252e-06,208.90960399
2021-11-10,CLU22,CLH22,8,0.3999999999999999,0.6000000000000001,False,True,0.07461999999999999,0.07654599999999999,-0.02516134089305777,192.16454394,1.3889776309117252e-06,203.6534484
2021-11-11,CLU22,CLH22,9,0.19999999999999996,0.8,False,True,0.075844,0.07558000000000001,0.003492987562847105,192.8357723,1.3889776309117252e-06,204.36509023
2021-11-12,CLU22,CLH22,10,0.0,1.0,False,True,0.076208,0.07681199999999999,-0.007863354684163881,191.31943623,1.3889776309117252e-06,202.7583789
2021-11-15,CLU22,CLH22,11,0.0,1.0,False,True,0.07722,0.07717,0.0006479201762341624,191.44339595,4.166938680771892e-06,202.89059502
2021-11-16,CLU22,CLH22,12,0.0,1.0,False,True,0.07734999999999999,0.07722,0.0016835016835015093,191.76569123,1.3889776309117252e-06,203.23244349
2021-11-17,CLU22,CLH22,13,0.0,1.0,False,True,0.07553,0.07734999999999999,-0.023529411764705688,187.25355732,1.3889776309117252e-06,198.45078593
2021-11-18,CLU22,CLH22,14,0.0,1.0,False,True,0.07662000000000001,0.07553,0.014431351780749502,189.95587928,1.3889776309117252e-06,201.31497468
2021-11-19,CLU22,CLH22,15,0.0,1.0,False,True,0.07442,0.07662000000000001,-0.02871312973114082,184.50165148,1.3889776309117252e-06,195.53487132
2021-11-22,CLU22,CLH22,16,0.0,1.0,False,True,0.07539,0.07442,0.013034130610050987,186.9064701,4.166938680771892e-06,198.08431315
2021-11-23,CLU22,CLH22,17,0.0,1.0,False,True,0.07726999999999999,0.07539,0.024936994296325787,191.56735568,1.3889776309117252e-06,203.02421567
2021-11-24,CLU22,CLH22,18,0.0,1.0,False,True,0.07715000000000001,0.07726999999999999,-0.0015529959880934419,191.26985235,1.3889776309117252e-06,202.70920188
2021-11-26,CLU22,CLH22,19,0.0,1.0,False,True,0.06748,0.07715000000000001,-0.12534024627349338,167.29604195,2.7779571911690226e-06,177.30214371
2021-11-29,CLU22,CLH22,20,0.0,1.0,False,True,0.06928,0.06748,0.02667457024303488,171.75859197,4.166938680771892e-06,182.032341
2021-11-30,CLU22,CLH22,21,0.0,1.0,False,True,0.06548999999999999,0.06928,-0.05470554272517325,162.36244498,1.3889776309117252e-06,172.07441583
2021-12-01,CLH22,CLZ22,1,1.0,0.0,False,True,0.06511,0.06548999999999999,-0.0058024125820734795,161.42035109,1.3889776309117252e-06,171.07620809
2021-12-02,CLH22,CLZ22,2,1.0,0.0,False,True,0.06603,0.06511,0.014129933957917507,163.70120999,1.9446183847637855e-06,173.49383629
2021-12-03,CLH22,CLZ22,3,1.0,0.0,False,True,0.06593,0.06603,-0.0015144631228229954,163.45329054,1.9446183847637855e-06,173.23142365
2021-12-06,CLH22,CLZ22,4,1.0,0.0,False,True,0.06906999999999999,0.06593,0.04762627028666744,171.23796113,5.833866499216356e-06,181.48280086
2021-12-07,CLH22,CLZ22,5,1.0,0.0,False,True,0.07156,0.06906999999999999,0.036050383668742025,177.41115533,1.9446183847637855e-06,188.02567838
2021-12-08,CLH22,CLZ22,6,0.8,0.2,False,True,0.0719,0.07156,0.004751257685858157,178.25408145,1.9446183847637855e-06,188.91940247
2021-12-09,CLH22,CLZ22,7,0.6,0.4,False,True,0.07,0.071318,-0.018480607981154806,174.95983765,1.9446183847637855e-06,185.42842443
2021-12-10,CLH22,CLZ22,8,0.3999999999999999,0.6000000000000001,False,True,0.070036,0.06946,0.008292542470486719,176.41069953,1.9446183847637855e-06,186.9664581
2021-12-13,CLH22,CLZ22,9,0.19999999999999996,0.8,False,True,0.06909599999999999,0.069444,-0.005011232071885474,175.52666457,5.833866499216356e-06,186.03061652
2021-12-14,CLH22,CLZ22,10,0.0,1.0,False,True,0.06806,0.06852799999999999,-0.006829325239318229,174.32793589,1.9446183847637855e-06,184.76051469
2021-12-15,CLH22,CLZ22,11,0.0,1.0,False,True,0.06728,0.06751,-0.003406902681084234,173.73401758,1.9446183847637855e-06,184.13141289
2021-12-16,CLH22,CLZ22,12,0.0,1.0,False,True,0.068,0.06728,0.010701545778834642,175.59324012,1.9446183847637855e-06,186.1022617
2021-12-17,CLH22,CLZ22,13,0.0,1.0,False,True,0.06644,0.068,-0.022941176470588354,171.56492461,1.9446183847637855e-06,181.83321877
2021-12-20,CLH22,CLZ22,14,0.0,1.0,False,True,0.06497,0.06644,-0.02212522576760989,167.76901192,5.833866499216356e-06,177.81117854
2021-12-21,CLH22,CLZ22,15,0.0,1.0,False,True,0.067,0.06497,0.031245190087732855,173.01098659,1.9446183847637855e-06,183.36726839
2021-12-22,CLH22,CLZ22,16,0.0,1.0,False,True,0.06767000000000001,0.067,0.010000000000000009,174.74109646,1.9446183847637855e-06,185.20129766
2021-12-23,CLH22,CLZ22,17,0.0,1.0,False,True,0.06854,0.06767000000000001,0.012856509531550042,176.98765703,1.9446183847637855e-06,187.58270005
2021-12-27,CLH22,CLZ22,18,0.0,1.0,False,True,0.0701,0.06854,0.022760431864604413,181.01597254,7.778496228683096e-06,191.85362243
2021-12-28,CLH22,CLZ22,19,0.0,1.0,False,True,0.07045,0.0701,0.004992867332382245,181.91976128,1.9446183847637855e-06,192.8118952
2021-12-29,CLH22,CLZ22,20,0.0,1.0,False,True,0.07109,0.07045,0.009084457061745876,183.57240354,1.9446183847637855e-06,194.56386153
2021-12-30,CLH22,CLZ22,21,0.0,1.0,False,True,0.07144,0.07109,0.004923336615557883,184.47619228,1.9446183847637855e-06,195.52214327
2022-01-03,CLZ22,CLU22,1,1.0,0.0,False,True,0.07110999999999999,0.07144,-0.004619260918253265,183.62404861,7.778496228683096e-06,194.62049634
2022-01-04,CLZ22,CLU22,2,1.0,0.0,False,True,0.07211,0.07110999999999999,0.014062719729995843,186.20630214,4.445353332771518e-06,197.35825499
2022-01-05,CLZ22,CLU22,3,1.0,0.0,False,True,0.07223,0.07211,0.0016641242546111545,186.51617256,4.445353332771518e-06,197.68756097
2022-01-06,CLZ22,CLU22,4,1.0,0.0,False,True,0.07297,0.07223,0.010245050533019384,188.42704017,4.445353332771518e-06,199.71375881
2022-01-07,CLZ22,CLU22,5,1.0,0.0,False,True,0.07266,0.07297,-0.004248321227901752,187.62654158,4.445353332771518e-06,198.86619841
2022-01-10,CLZ22,CLU22,6,0.8,0.2,False,True,0.07201,0.07266,-0.008945774841728538,185.94807678,1.3336119282003622e-05,197.08983827
2022-01-11,CLZ22,CLU22,7,0.6,0.4,False,True,0.074668,0.072386,0.03152543309479716,191.81017043,4.445353332771518e-06,203.30405691
2022-01-12,CLZ22,CLU22,8,0.3999999999999999,0.6000000000000001,False,True,0.07578599999999999,0.075086,0.009322643368936845,193.59834824,4.445353332771518e-06,205.20029188
2022-01-13,CLZ22,CLU22,9,0.19999999999999996,0.8,False,True,0.07608000000000001,0.07622399999999999,-0.0018891687657427436,193.23260829,4.445353332771518e-06,204.81354609
2022-01-14,CLZ22,CLU22,10,0.0,1.0,False,True,0.077696,0.07651,0.015501241667756016,196.22795365,4.445353332771518e-06,207.98932083
2022-01-18,CLZ22,CLU22,11,0.0,1.0,False,True,0.07937999999999999,0.07816,0.015609007164790079,199.29087718,1.7781531898686254e-05,211.23952599
2022-01-19,CLZ22,CLU22,12,0.0,1.0,False,True,0.08004,0.07937999999999999,0.00831443688586564,200.9478686,4.445353332771518e-06,212.99680273
2022-01-20,CLZ22,CLU22,13,0.0,1.0,False,True,0.08031999999999999,0.08004,0.0034982508745626806,201.65083466,4.445353332771518e-06,213.74286583
2022-01-21,CLZ22,CLU22,14,0.0,1.0,False,True,0.07970000000000001,0.08031999999999999,-0.007719123505975922,200.09426696,4.445353332771518e-06,212.09390841
2022-01-24,CLZ22,CLU22,15,0.0,1.0,False,True,0.07820999999999999,0.07970000000000001,-0.018695106649937454,196.3534833,1.3336119282003622e-05,208.13161868
2022-01-25,CLZ22,CLU22,16,0.0,1.0,False,True,0.07955,0.07820999999999999,0.01713335890551093,199.717678,4.445353332771518e-06,211.69853762
2022-01-26,CLZ22,CLU22,17,0.0,1.0,False,True,0.08077,0.07955,0.015336266499057283,202.78060153,4.445353332771518e-06,214.94614388
2022-01-27,CLZ22,CLU22,18,0.0,1.0,False,True,0.08012999999999999,0.08077,-0.007923734059675613,201.17382197,4.445353332771518e-06,213.24392331
2022-01-28,CLZ22,CLU22,19,0.0,1.0,False,True,0.08008,0.08012999999999999,-0.0006239860227130745,201.04829232,4.445353332771518e-06,213.11181003
2022-01-31,CLZ22,CLU22,20,0.0,1.0,False,True,0.08070999999999999,0.08008,0.007867132867132698,202.62996595,1.3336119282003622e-05,214.79123104
2022-02-01,CLU22,CLJ22,1,1.0,0.0,False,True,0.08058,0.08070999999999999,-0.0016107049931853856,202.30358885,4.445353332771518e-06,214.44622055
2022-02-02,CLU22,CLJ22,2,1.0,0.0,False,True,0.08098999999999999,0.08058,0.005088111193844558,203.332932,1.028263993130274e-05,215.53955183
2022-02-03,CLU22,CLJ22,3,1.0,0.0,False,True,0.0824,0.08098999999999999,0.017409556735399567,206.87286822,1.028263993130274e-05,219.29421621
2022-02-04,CLU22,CLJ22,4,1.0,0.0,False,True,0.08379,0.0824,0.016868932038834883,210.36259257,1.028263993130274e-05,222.99573036
2022-02-07,CLU22,CLJ22,5,1.0,0.0,False,True,0.08366,0.08379,-0.0015514977920993989,210.03621547,3.0848236992842004e-05,222.656632
2022-02-08,CLU22,CLJ22,6,0.8,0.2,False,True,0.08208,0.08366,-0.018885967009323434,206.06947843,1.028263993130274e-05,218.45383569
2022-02-09,CLU22,CLJ22,7,0.6,0.4,False,True,0.084122,0.083244,0.010547306712796134,208.24295642,1.028263993130274e-05,220.76018158
2022-02-10,CLU22,CLJ22,8,0.3999999999999999,0.6000000000000001,False,True,0.08512800000000001,0.085224,-0.0011264432554208836,208.00838255,1.028263993130274e-05,220.51377776
2022-02-11,CLU22,CLJ22,9,0.19999999999999996,0.8,False,True,0.08864,0.086272,0.027448071216617187,213.71781145,1.028263993130274e-05,226.5687231
2022-02-14,CLU22,CLJ22,10,0.0,1.0,False,True,0.09189,0.09003,0.02065978007330882,218.13317443,3.0848236992842004e-05,231.25657233
2022-02-15,CLU22,CLJ22,11,0.0,1.0,False,True,0.09021,0.0935,-0.03518716577540104,210.45768626,1.028263993130274e-05,223.12168691
2022-02-16,CLU22,CLJ22,12,0.0,1.0,False,True,0.09183,0.09021,0.017958097771865633,214.23710597,1.028263993130274e-05,227.13082226
2022-02-17,CLU22,CLJ22,13,0.0,1.0,False,True,0.09004000000000001,0.09183,-0.01949254056408567,210.06108049,1.028263993130274e-05,222.705801
2022-02-18,CLU22,CLJ22,14,0.0,1.0,False,True,0.09021,0.09004000000000001,0.001888049755663923,210.45768626,1.028263993130274e-05,223.12857063
2022-02-22,CLU22,CLJ22,15,0.0,1.0,False,True,0.09190999999999999,0.09021,0.01884491741492056,214.42374398,4.113119412552102e-05,227.34258766
2022-02-23,CLU22,CLJ22,16,0.0,1.0,False,True,0.09209999999999999,0.09190999999999999,0.0020672396910019764,214.86700925,1.028263993130274e-05,227.81489696
2022-02-24,CLU22,CLJ22,17,0.0,1.0,False,True,0.09281,0.09209999999999999,0.007709011943539901,216.52342159,1.028263993130274e-05,229.57346726
2022-02-25,CLU22,CLJ22,18,0.0,1.0,False,True,0.09159,0.09281,-0.013145135222497606,213.67719193,1.028263993130274e-05,226.55805361
2022-02-28,CLU22,CLJ22,19,0.0,1.0,False,True,0.09572,0.09159,0.045092258980238054,223.31237921,3.0848236992842004e-05,236.78105696
2022-03-01,CLJ22,CLN22,1,1.0,0.0,False,True,0.10341,0.09572,0.08033848725449233,241.25295794,1.028263993130274e-05,255.80612362
2022-03-02,CLJ22,CLN22,2,1.0,0.0,False,True,0.11059999999999999,0.10341,0.06952905908519469,258.02704911,1.3341517768550304e-05,273.59549555
2022-03-03,CLJ22,CLN22,3,1.0,0.0,False,True,0.10767,0.11059999999999999,-0.026491862567811886,251.19143199,1.3341517768550304e-05,266.35109147
2022-03-04,CLJ22,CLN22,4,1.0,0.0,False,True,0.11568,0.10767,0.07439398161047639,269.87856276,1.3341517768550304e-05,286.1695632
2022-03-07,CLJ22,CLN22,5,1.0,0.0,False,True,0.1194,0.11568,0.032157676348547826,278.55723023,4.002508729605836e-05,295.38356535
2022-03-08,CLJ22,CLN22,6,0.8,0.2,False,True,0.1237,0.1194,0.03601340033500833,288.58902328,1.3341517768550304e-05,306.02527281
2022-03-09,CLJ22,CLN22,7,0.6,0.4,False,True,0.106412,0.12112600000000001,-0.12147680927298854,253.53214954,1.3341517768550304e-05,268.85438195
2022-03-10,CLJ22,CLN22,8,0.3999999999999999,0.6000000000000001,False,True,0.10230399999999999,0.104124,-0.017479159463716365,249.10062067,1.3341517768550304e-05,264.15862026
2022-03-11,CLJ22,CLN22,9,0.19999999999999996,0.8,False,True,0.10402,0.10044600000000001,0.035581307369133564,257.96394642,1.3341517768550304e-05,273.5612536
2022-03-14,CLJ22,CLN22,10,0.0,1.0,False,True,0.09727400000000001,0.10225000000000001,-0.048665036674816586,245.41012151,4.002508729605836e-05,260.25933448
2022-03-15,CLJ22,CLN22,11,0.0,1.0,False,True,0.09087,0.09584000000000001,-0.05185726210350583,232.68382452,1.3341517768550304e-05,246.76647022
2022-03-16,CLJ22,CLN22,12,0.0,1.0,False,True,0.08953,0.09087,-0.014746340926598545,229.25258952,1.3341517768550304e-05,243.13085996
2022-03-17,CLJ22,CLN22,13,0.0,1.0,False,True,0.09698000000000001,0.08953,0.08321233106221393,248.3292319,1.3341517768550304e-05,263.36558931
2022-03-18,CLJ22,CLN22,14,0.0,1.0,False,True,0.09819,0.09698000000000001,0.012476799340070066,251.4275859,1.3341517768550304e-05,266.65506262
2022-03-21,CLJ22,CLN22,15,0.0,1.0,False,True,0.10398,0.09819,0.05896730827986563,266.25359387,4.002508729605836e-05,282.3896668
2022-03-22,CLJ22,CLN22,16,0.0,1.0,False,True,0.10357,0.10398,-0.00394306597422589,265.20373838,1.3341517768550304e-05,281.27995322
2022-03-23,CLJ22,CLN22,17,0.0,1.0,False,True,0.10865000000000001,0.10357,0.04904895239934359,278.21170392,1.3341517768550304e-05,295.08019296
2022-03-24,CLJ22,CLN22,18,0.0,1.0,False,True,0.10618999999999999,0.10865000000000001,-0.02264150943396237,271.912571,1.3341517768550304e-05,288.4030688
2022-03-25,CLJ22,CLN22,19,0.0,1.0,False,True,0.10793000000000001,0.10618999999999999,0.016385723702797117,276.36805526,1.3341517768550304e-05,293.13260954
2022-03-28,CLJ22,CLN22,20,0.0,1.0,False,True,0.10072,0.10793000000000001,-0.06680255721300854,257.90596244,4.002508729605836e-05,273.56233428
2022-03-29,CLJ22,CLN22,21,0.0,1.0,False,True,0.09965,0.10072,-0.010623510722795881,255.16609568,1.3341517768550304e-05,270.65979162
2022-03-30,CLJ22,CLN22,22,0.0,1.0,False,True,0.10332,0.09965,0.03682890115403903,264.5635826,1.3341517768550304e-05,280.63150535
2022-03-31,CLJ22,CLN22,23,0.0,1.0,False,True,0.09688,0.10332,-0.06233062330623307,248.07316959,1.3341517768550304e-05,263.14331275
2022-04-01,CLN22,CLV22,1,1.0,0.0,False,True,0.09676,0.09688,-0.001238645747316247,247.76589481,1.3341517768550304e-05,262.82088213
2022-04-04,CLN22,CLV22,2,1.0,0.0,False,True,0.1006,0.09676,0.039685820587019416,257.59868766,6.673639186116631e-05,273.26868422
2022-04-05,CLN22,CLV22,3,1.0,0.0,False,True,0.09955,0.1006,-0.010437375745526833,254.91003337,2.224496911140683e-05,270.42255514
2022-04-06,CLN22,CLV22,4,1.0,0.0,False,True,0.09462999999999999,0.09955,-0.04942240080361637,242.31176753,2.224496911140683e-05,257.06363877
2022-04-07,CLN22,CLV22,5,1.0,0.0,False,True,0.09481,0.09462999999999999,0.001902145197083538,242.77267969,2.224496911140683e-05,257.5583295
2022-04-08,CLN22,CLV22,6,0.8,0.2,False,True,0.09701,0.09481,0.023204303343529187,248.40605059,2.224496911140683e-05,263.54052048
2022-04-11,CLN22,CLV22,7,0.6,0.4,False,True,0.09313999999999999,0.09654000000000001,-0.03521856225398823,239.65754663,6.673639186116631e-05,254.27658999
2022-04-12,CLN22,CLV22,8,0.3999999999999999,0.6000000000000001,False,True,0.098268,0.09281999999999999,0.05869424692954106,253.72406585,2.224496911140683e-05,269.20681933
2022-04-13,CLN22,CLV22,9,0.19999999999999996,0.8,False,True,0.100748,0.09770199999999998,0.03117643446398244,261.63427756,2.224496911140683e-05,277.60571659
2022-04-14,CLN22,CLV22,10,0.0,1.0,False,True,0.10186400000000001,0.100034,0.018293780114761127,266.4205575,2.224496911140683e-05,282.69034985
2022-04-18,CLN22,CLV22,11,0.0,1.0,False,True,0.10138,0.10097,0.004060612062988911,267.50238803,8.898284552172342e-05,283.86340029
2022-04-19,CLN22,CLV22,12,0.0,1.0,False,True,0.0968,0.10138,-0.045176563424738636,255.41754943,2.224496911140683e-05,271.04574191
2022-04-20,CLN22,CLV22,13,0.0,1.0,False,True,0.09728,0.0968,0.0049586776859504855,256.68408273,2.224496911140683e-05,272.39579978
2022-04-21,CLN22,CLV22,14,0.0,1.0,False,True,0.09870999999999999,0.09728,0.014699835526315708,260.45729653,2.224496911140683e-05,276.40603267
2022-04-22,CLN22,CLV22,15,0.0,1.0,False,True,0.09658,0.09870999999999999,-0.021578360855029843,254.837055,2.224496911140683e-05,270.4477922
2022-04-25,CLN22,CLV22,16,0.0,1.0,False,True,0.09376000000000001,0.09658,-0.02919859184096074,247.39617185,6.673639186116631e-05,262.56914622
2022-04-26,CLN22,CLV22,17,0.0,1.0,False,True,0.09584000000000001,0.09376000000000001,0.022184300341296925,252.88448283,2.224496911140683e-05,268.39989986
2022-04-27,CLN22,CLV22,18,0.0,1.0,False,True,0.09608,0.09584000000000001,0.0025041736227044975,253.51774948,2.224496911140683e-05,269.07799036
2022-04-28,CLN22,CLV22,19,0.0,1.0,False,True,0.09753,0.09608,0.015091590341382188,257.3437355,2.224496911140683e-05,273.14479079
2022-04-29,CLN22,CLV22,20,0.0,1.0,False,True,0.09668,0.09753,-0.008715267097303414,255.10091611,2.224496911140683e-05,270.77033708
2022-05-02,CLV22,CLV22,1,1.0,0.0,False,False,0.09733,0.09668,0.006723210591642603,256.81601329,6.673639186116631e-05,272.60885331
2022-05-03,CLV22,CLV22,2,1.0,0.0,False,False,0.09584000000000001,0.09733,-0.015308743450118012,252.88448283,2.864883236064486e-05,268.44336424
2022-05-04,CLV22,CLV22,3,1.0,0.0,False,False,0.10058,0.09584000000000001,0.04945742904841399,265.3914992,2.864883236064486e-05,281.72757347
2022-05-05,CLV22,CLV22,4,1.0,0.0,False,False,0.10088,0.10058,0.002982700338039379,266.18308251,2.864883236064486e-05,282.57595356
2022-05-06,CLV22,CLV22,5,1.0,0.0,False,False,0.10247,0.10088,0.015761300555115154,270.37847408,2.864883236064486e-05,287.03781357
2022-05-09,CLV22,CLV22,6,1.0,0.0,False,False,0.09667,0.10247,-0.05660193227286037,255.07453,8.594895937186209e-05,270.81558929
2022-05-10,CLV22,CLV22,7,1.0,0.0,False,False,0.09376000000000001,0.09667,-0.030102410261715118,247.39617185,2.864883236064486e-05,262.67114587
2022-05-11,CLV22,CLV22,8,1.0,0.0,False,False,0.09859,0.09376000000000001,0.05151450511945388,260.14066321,2.864883236064486e-05,276.21004518
2022-05-12,CLV22,CLV22,9,1.0,0.0,False,False,0.09854,0.09859,-0.0005071508266557556,260.00873266,2.864883236064486e-05,276.07787813
2022-05-13,CLV22,CLV22,10,1.0,0.0,False,False,0.10164,0.09854,0.031459305865638276,268.18842691,2.864883236064486e-05,284.77100585
2022-05-16,CLV22,CLV22,11,1.0,0.0,False,False,0.10325,0.10164,0.015840220385674897,272.4365907,8.594895937186209e-05,289.30631712
2022-05-17,CLV22,CLV22,12,1.0,0.0,False,False,0.10128,0.10325,-0.019079903147699806,267.23852694,2.864883236064486e-05,283.7946689
2022-05-18,CLV22,CLV22,13,1.0,0.0,False,False,0.09845000000000001,0.10128,-0.02794233807266966,259.77125767,2.864883236064486e-05,275.8729127
2022-05-19,CLV22,CLV22,14,1.0,0.0,False,False,0.10089000000000001,0.09845000000000001,0.024784154393092894,266.20946863,2.864883236064486e-05,282.718093
2022-05-20,CLV22,CLV22,15,1.0,0.0,False,False,0.10107,0.10089000000000001,0.001784121320249632,266.68441862,2.864883236064486e-05,283.23059592
2022-05-23,CLV22,CLV22,16,1.0,0.0,False,False,0.10194,0.10107,0.008607895517958042,268.98001023,8.594895937186209e-05,285.69295867
2022-05-24,CLV22,CLV22,17,1.0,0.0,False,False,0.10193,0.10194,-9.80969197567072e-05,268.95362412,2.864883236064486e-05,285.67311784
2022-05-25,CLV22,CLV22,18,1.0,0.0,False,False,0.10254,0.10193,0.005984499166094448,270.56317686,2.864883236064486e-05,287.39091258
2022-05-26,CLV22,CLV22,19,1.0,0.0,False,False,0.10557,0.10254,0.029549444119367996,278.55816834,2.864883236064486e-05,295.89138771
2022-05-27,CLV22,CLV22,20,1.0,0.0,False,False,0.10648,0.10557,0.008619873070001116,280.95930439,2.864883236064486e-05,298.45041085
2022-05-31,CLV22,CLV22,21,1.0,0.0,False,False,0.10604999999999999,0.10648,-0.004038317054846141,279.82470164,0.00011460025406972996,297.27937596
2022-06-01,CLV22,CLV22,1,1.0,0.0,False,False,0.10732,0.10604999999999999,0.011975483262611997,283.17573767,2.864883236064486e-05,300.84795686
2022-06-02,CLV22,CLV22,2,1.0,0.0,False,False,0.10884999999999999,0.10732,0.01425642937010796,287.21281257,4.369883328747548e-05,305.15012121
2022-06-03,CLV22,CLV22,3,1.0,0.0,False,False,0.1107,0.10884999999999999,0.01699586587046409,292.09424301,4.369883328747548e-05,310.34974645
2022-06-06,CLV22,CLV22,4,1.0,0.0,False,False,0.11067,0.1107,-0.00027100271002711285,292.01508468,0.00013110222871004495,310.30632837
2022-06-07,CLV22,CLV22,5,1.0,0.0,False,False,0.11204,0.11067,0.012379145206469655,295.62998182,4.369883328747548e-05,314.1612155
2022-06-08,CLV22,CLV22,6,1.0,0.0,False,False,0.11456999999999999,0.11204,0.022581220992502704,302.30566777,4.369883328747548e-05,321.26908781
2022-06-09,CLV22,CLV22,7,1.0,0.0,False,False,0.11401,0.11456999999999999,-0.004887841494282896,300.82804558,4.369883328747548e-05,319.71281451
2022-06-10,CLV22,CLV22,8,1.0,0.0,False,False,0.11273000000000001,0.11401,-0.011227085343390786,297.45062344,4.369883328747548e-05,316.13734253
2022-06-13,CLV22,CLV22,9,1.0,0.0,False,False,0.11262,0.11273000000000001,-0.0009757828439636018,297.16037622,0.00013110222871004495,315.87030744
2022-06-14,CLV22,CLV22,10,1.0,0.0,False,False,0.11086,0.11262,-0.01562777481797195,292.51642078,4.369883328747548e-05,310.94776057
2022-06-15,CLV22,CLV22,11,1.0,0.0,False,False,0.10842,0.11086,-0.022009742016958267,286.07820982,4.369883328747548e-05,304.11746863
2022-06-16,CLV22,CLV22,12,1.0,0.0,False,False,0.11025,0.10842,0.01687880464858882,290.90686804,4.369883328747548e-05,309.26389755
2022-06-17,CLV22,CLV22,13,1.0,0.0,False,False,0.10357,0.11025,-0.06058956916099778,273.28094624,4.369883328747548e-05,290.53924571
2022-06-21,CLV22,CLV22,14,1.0,0.0,False,False,0.10506,0.10357,0.01438640532972868,277.2124767,0.0001748067910121165,294.76984929
2022-06-22,CLV22,CLV22,15,1.0,0.0,False,False,0.10183,0.10506,-0.03074433656957931,268.68976302,4.369883328747548e-05,285.72022694
2022-06-23,CLV22,CLV22,16,1.0,0.0,False,False,0.09905,0.10183,-0.027300402631837417,261.35442431,4.369883328747548e-05,277.93243535
2022-06-24,CLV22,CLV22,17,1.0,0.0,False,False,0.10147,0.09905,0.024432104997476056,267.73986305,4.369883328747548e-05,284.73505512
2022-06-27,CLV22,CLV22,18,1.0,0.0,False,False,0.1033,0.10147,0.01803488715876611,272.56852127,0.00013110222871004495,289.90754911
2022-06-28,CLV22,CLV22,19,1.0,0.0,False,False,0.10599,0.1033,0.026040658276863526,279.66638499,4.369883328747548e-05,297.46960115
2022-06-29,CLV22,CLV22,20,1.0,0.0,False,False,0.10413,0.10599,-0.01754882536088309,274.75856844,4.369883328747548e-05,292.26235814
2022-06-30,CLV22,CLV22,21,1.0,0.0,False,False,0.10027,0.10413,-0.03706904830500335,264.57352979,4.369883328747548e-05,281.44124219
2022-07-01,CLV22,CLV22,1,1.0,0.0,False,False,0.10231,0.10027,0.020345068315547943,269.95629633,4.369883328747548e-05,287.17948215
2022-07-05,CLV22,CLV22,2,1.0,0.0,False,False,0.09344,0.10231,-0.08669729254227354,246.55181633,0.0002496273439116514,262.35348642
2022-07-06,CLV22,CLV22,3,1.0,0.0,False,False,0.09185,0.09344,-0.01701626712328763,242.35642476,6.240099490861795e-05,257.90558053
2022-07-07,CLV22,CLV22,4,1.0,0.0,False,False,0.09604,0.09185,0.045617855198693436,253.41220505,6.240099490861795e-05,269.68677352
2022-07-08,CLV22,CLV22,5,1.0,0.0,False,False,0.09837,0.09604,0.024260724698042413,259.56016879,6.240099490861795e-05,276.24639881
2022-07-11,CLV22,CLV22,6,1.0,0.0,False,False,0.09820000000000001,0.09837,-0.0017281691572632596,259.11160491,0.00018721466662152686,275.82071568
2022-07-12,CLV22,CLV22,7,1.0,0.0,False,False,0.0907,0.09820000000000001,-0.07637474541751532,239.32202205,6.240099490861795e-05,254.77219023
2022-07-13,CLV22,CLV22,8,1.0,0.0,False,False,0.09136,0.0907,0.007276736493935898,241.06350534,6.240099490861795e-05,256.64199836
2022-07-14,CLV22,CLV22,9,1.0,0.0,False,False,0.09015000000000001,0.09136,-0.013244308231173285,237.87078597,6.240099490861795e-05,253.25896734
2022-07-15,CLV22,CLV22,10,1.0,0.0,False,False,0.09173999999999999,0.09015000000000001,0.01763727121464198,242.06617754,6.240099490861795e-05,257.74156805
2022-07-18,CLV22,CLV22,11,1.0,0.0,False,False,0.09636,0.09173999999999999,0.05035971223021596,254.25656058,0.00018721466662152686,270.76961225
2022-07-19,CLV22,CLV22,12,1.0,0.0,False,False,0.09745000000000001,0.09636,0.011311747613117484,257.13264662,6.240099490861795e-05,273.84938606
2022-07-20,CLV22,CLV22,13,1.0,0.0,False,False,0.09688,0.09745000000000001,-0.005849153412006314,255.62863832,6.240099490861795e-05,272.26468746
2022-07-21,CLV22,CLV22,14,1.0,0.0,False,False,0.09378,0.09688,-0.031998348472336846,247.44894407,6.240099490861795e-05,263.5696567
2022-07-22,CLV22,CLV22,15,1.0,0.0,False,False,0.09243000000000001,0.09378,-0.014395393474088136,243.88681916,6.240099490861795e-05,259.7919148
2022-07-25,CLV22,CLV22,16,1.0,0.0,False,False,0.09442,0.09243000000000001,0.021529806339932733,249.13765515,0.00018721466662152686,265.43382128
2022-07-26,CLV22,CLV22,17,1.0,0.0,False,False,0.09287999999999999,0.09442,-0.01631010379156972,245.07419414,6.240099490861795e-05,261.12113144
2022-07-27,CLV22,CLV22,18,1.0,0.0,False,False,0.09529,0.09287999999999999,0.02594745908699414,251.43324677,6.240099490861795e-05,267.91285554
2022-07-28,CLV22,CLV22,19,1.0,0.0,False,False,0.09465000000000001,0.09529,-0.006716339594920684,249.7445357,6.240099490861795e-05,266.13017985
2022-07-29,CLV22,CLV22,20,1.0,0.0,False,False,0.09675,0.09465000000000001,0.022187004754357975,255.2856189,6.240099490861795e-05,272.0514182
2022-08-01,CLV22,CLV22,1,1.0,0.0,False,False,0.09239,0.09675,-0.04506459948320418,243.78127473,0.00018721466662152686,259.84246202
2022-08-02,CLV22,CLV22,2,1.0,0.0,False,False,0.09322,0.09239,0.008983656239852866,245.9713219,7.414116671689008e-05,262.1960624
2022-08-03,CLV22,CLV22,3,1.0,0.0,False,False,0.08974,0.09322,-0.03733104484016303,236.78895545,7.414116671689008e-05,252.42744896
2022-08-04,CLV22,CLV22,4,1.0,0.0,False,False,0.08756,0.08974,-0.024292400267439285,231.03678337,7.414116671689008e-05,246.3140956
2022-08-05,CLV22,CLV22,5,1.0,0.0,False,False,0.08807999999999999,0.08756,0.005938784833257049,232.40886112,7.414116671689008e-05,247.79516403
2022-08-08,CLV22,CLV22,6,1.0,0.0,False,False,0.08993000000000001,0.08807999999999999,0.021003633060854066,237.29029156,0.0002224399912962305,253.05488228
2022-08-09,CLV22,CLV22,7,1.0,0.0,False,False,0.08967,0.08993000000000001,-0.0028911375514290016,236.60425269,7.414116671689008e-05,252.34202759
2022-08-10,CLV22,CLV22,8,1.0,0.0,False,False,0.0912,0.08967,0.017062562730010056,240.64132759,7.414116671689008e-05,256.66633819
2022-08-11,CLV22,CLV22,9,1.0,0.0,False,False,0.09353,0.0912,0.025548245614035014,246.78929133,7.414116671689008e-05,263.24274238
2022-08-12,CLV22,CLV22,10,1.0,0.0,False,False,0.09146,0.09353,-0.022131936277130393,241.32736646,7.414116671689008e-05,257.4361879
2022-08-15,CLV22,CLV22,11,1.0,0.0,False,False,0.08885,0.09146,-0.028537065383774318,234.44059162,0.0002224399912962305,250.14697867
2022-08-16,CLV22,CLV22,12,1.0,0.0,False,False,0.08616,0.08885,-0.030275745638716933,227.3427279,7.414116671689008e-05,242.59213856
2022-08-17,CLV22,CLV22,13,1.0,0.0,False,False,0.08769,0.08616,0.017757660167130984,231.3798028,7.414116671689008e-05,246.91799338
2022-08-18,CLV22,CLV22,14,1.0,0.0,False,False,0.09011,0.08769,0.02759721747063515,237.76524154,7.414116671689008e-05,253.75054973
2022-08-19,CLV22,CLV22,15,1.0,0.0,False,False,0.09043999999999999,0.09011,0.0036621906558649275,238.63598319,7.414116671689008e-05,254.69864599
2022-08-22,CLV22,CLV22,16,1.0,0.0,False,False,0.09036,0.09043999999999999,-0.0008845643520565272,238.42489431,0.0002224399912962305,254.53000382
2022-08-23,CLV22,CLV22,17,1.0,0.0,False,False,0.09373999999999999,0.09036,0.03740593182824248,247.34339965,7.414116671689008e-05,264.06980694
2022-08-24,CLV22,CLV22,18,1.0,0.0,False,False,0.09489,0.09373999999999999,0.012267975250693564,250.37780236,7.414116671689008e-05,267.32898724
2022-08-25,CLV22,CLV22,19,1.0,0.0,False,False,0.09251999999999999,0.09489,-0.02497628833386034,244.12429418,7.414116671689008e-05,260.67192146
2022-08-26,CLV22,CLV22,20,1.0,0.0,False,False,0.09306,0.09251999999999999,0.005836575875486583,245.54914415,7.414116671689008e-05,262.21267943
2022-08-29,CLV22,CLV22,21,1.0,0.0,False,False,0.09701,0.09306,0.04244573393509565,255.97165779,0.0002224399912962305,273.40081564
2022-08-30,CLV22,CLV22,22,1.0,0.0,False,False,0.09164,0.09701,-0.05535511802906912,241.80231646,7.414116671689008e-05,258.28695148
2022-08-31,CLV22,CLV22,23,1.0,0.0,False,False,0.08954999999999999,0.09164,-0.022806634657354996,236.28761937,7.414116671689008e-05,252.41544504
2022-09-01,CLV22,CLH23,1,1.0,0.0,False,True,0.08660999999999999,0.08954999999999999,-0.03283082077051924,228.53010289,7.414116671689008e-05,244.14715318
2022-09-02,CLV22,CLH23,2,1.0,0.0,False,True,0.08687,0.08660999999999999,0.003001962821845172,229.21614176,8.785407864020378e-05,244.90152318
2022-09-06,CLV22,CLH23,3,1.0,0.0,False,True,0.08688,0.08687,0.00011511453896617674,229.24252787,0.000351462627308452,245.01578864
2022-09-07,CLV22,CLH23,4,1.0,0.0,False,True,0.08194,0.08688,-0.056860036832412475,216.20778929,8.785407864020378e-05,231.10570751
2022-09-08,CLV22,CLH23,5,1.0,0.0,False,True,0.08354,0.08194,0.019526482792287192,220.42956697,8.785407864020378e-05,235.63869271
2022-09-09,CLV22,CLH23,6,0.8,0.2,False,True,0.08679,0.08354,0.03890351927220492,229.00505288,8.785407864020378e-05,244.82656896
2022-09-12,CLV22,CLH23,7,0.6,0.4,False,True,0.087186,0.086152,0.01200204290091933,231.75358135,0.0002635853916164166,247.82952065
2022-09-13,CLV22,CLH23,8,0.3999999999999999,0.6000000000000001,False,True,0.08599799999999999,0.086592,-0.006859756097561065,230.16380831,8.785407864020378e-05,246.15124342
2022-09-14,CLV22,CLH23,9,0.19999999999999996,0.8,False,True,0.08623,0.085342,0.01040519322256328,232.55870721,8.785407864020378e-05,248.73412006
2022-09-15,CLV22,CLH23,10,0.0,1.0,False,True,0.081924,0.08548,-0.04160037435657471,222.88417793,8.785407864020378e-05,238.40853986
2022-09-16,CLV22,CLH23,11,0.0,1.0,False,True,0.08127,0.08113,0.0017256255392579245,223.26879256,8.785407864020378e-05,238.84088889
2022-09-19,CLV22,CLH23,12,0.0,1.0,False,True,0.08170999999999999,0.08127,0.005414051925679786,224.4775814,0.0002635853916164166,240.19694084
2022-09-20,CLV22,CLH23,13,0.0,1.0,False,True,0.08039,0.08170999999999999,-0.01615469342797682,220.85121489,8.785407864020378e-05,236.33773518
2022-09-21,CLV22,CLH23,14,0.0,1.0,False,True,0.07973999999999999,0.08039,-0.008085582783928458,219.06550411,8.785407864020378e-05,234.44757009
2022-09-22,CLV22,CLH23,15,0.0,1.0,False,True,0.08039,0.07973999999999999,0.008151492350138012,220.85121489,8.785407864020378e-05,236.37926484
2022-09-23,CLV22,CLH23,16,0.0,1.0,False,True,0.07595,0.08039,-0.055230750093295145,208.65343663,8.785407864020378e-05,223.34462762
2022-09-26,CLV22,CLH23,17,0.0,1.0,False,True,0.07381,0.07595,-0.02817643186306784,202.77432729,0.0002635853916164166,217.11044332
2022-09-27,CLV22,CLH23,18,0.0,1.0,False,True,0.07508,0.07381,0.017206340604253967,206.26333143,8.785407864020378e-05,220.86519359
2022-09-28,CLV22,CLH23,19,0.0,1.0,False,True,0.07801999999999999,0.07508,0.039158231220032036,214.34023865,8.785407864020378e-05,229.53328781
2022-09-29,CLV22,CLH23,20,0.0,1.0,False,True,0.07720999999999999,0.07801999999999999,-0.010381953345296124,212.11496829,8.785407864020378e-05,227.17044936
2022-09-30,CLV22,CLH23,21,0.0,1.0,False,True,0.07557,0.07720999999999999,-0.02124077192073548,207.60948263,8.785407864020378e-05,222.36513151
2022-10-03,CLH23,CLH23,1,1.0,0.0,False,False,0.07866,0.07557,0.04088924176260411,216.09847696,0.0002635853916164166,231.51608533
2022-10-04,CLH23,CLH23,2,1.0,0.0,False,False,0.08137,0.07866,0.03445207220950941,223.54351729,0.00010466899298267052,239.51652677
2022-10-05,CLH23,CLH23,3,1.0,0.0,False,False,0.08319,0.08137,0.022366965712179,228.54350748,0.00010466899298267052,244.89885467
2022-10-06,CLH23,CLH23,4,1.0,0.0,False,False,0.08415,0.08319,0.011539848539487974,231.18086494,0.00010466899298267052,247.75058368
2022-10-07,CLH23,CLH23,5,1.0,0.0,False,False,0.08685,0.08415,0.03208556149732611,238.5984328,0.00010466899298267052,255.72573207
2022-10-10,CLH23,CLH23,6,1.0,0.0,False,False,0.08543,0.08685,-0.016350028785261816,234.69734156,0.000314039846888825,251.62491706
2022-10-11,CLH23,CLH23,7,1.0,0.0,False,False,0.08368,0.08543,-0.020484607280814693,229.88965869,0.00010466899298267052,246.49681678
2022-10-12,CLH23,CLH23,8,1.0,0.0,False,False,0.08204,0.08368,-0.019598470363288767,225.38417303,0.00010466899298267052,241.6916568
2022-10-13,CLH23,CLH23,9,1.0,0.0,False,False,0.0839,0.08204,0.022671867381764965,230.49405311,0.00010466899298267052,247.19655561
2022-10-14,CLH23,CLH23,10,1.0,0.0,False,False,0.08108,0.0839,-0.03361144219308709,222.74681557,0.00010466899298267052,238.91379669
2022-10-17,CLH23,CLH23,11,1.0,0.0,False,False,0.08114,0.08108,0.0007400098667982302,222.91165041,0.000314039846888825,239.16562371
2022-10-18,CLH23,CLH23,12,1.0,0.0,False,False,0.07944,0.08114,-0.02095144195218146,218.24132991,0.00010466899298267052,234.17979226
2022-10-19,CLH23,CLH23,13,1.0,0.0,False,False,0.08117,0.07944,0.021777442094662813,222.99406783,0.00010466899298267052,239.30414048
2022-10-20,CLH23,CLH23,14,1.0,0.0,False,False,0.08078,0.08117,-0.004804730811876379,221.92264136,0.00010466899298267052,238.17939622
2022-10-21,CLH23,CLH23,15,1.0,0.0,False,False,0.08143,0.08078,0.00804654617479561,223.70835214,0.00010466899298267052,240.12084773
2022-10-24,CLH23,CLH23,16,1.0,0.0,False,False,0.08125,0.08143,-0.0022104875353063935,223.21384762,0.000314039846888825,239.66547111
2022-10-25,CLH23,CLH23,17,1.0,0.0,False,False,0.08205,0.08125,0.009846153846153838,225.4116455,0.00010466899298267052,242.05033975
2022-10-26,CLH23,CLH23,18,1.0,0.0,False,False,0.08405,0.08205,0.02437538086532598,230.90614021,0.00010466899298267052,247.97574413
2022-10-27,CLH23,CLH23,19,1.0,0.0,False,False,0.08506,0.08405,0.012016656751933308,233.68086004,0.00010466899298267052,250.9815389
2022-10-28,CLH23,CLH23,20,1.0,0.0,False,False,0.08383,0.08506,-0.014460380907594605,230.30174579,0.00010466899298267052,247.37852023
2022-10-31,CLH23,CLH23,21,1.0,0.0,False,False,0.08288,0.08383,-0.011332458547059554,227.6918608,0.000314039846888825,244.65280011
2022-11-01,CLH23,CLH23,1,1.0,0.0,False,False,0.08453000000000001,0.08288,0.019908301158301223,232.22481894,0.00010466899298267052,249.5490293
2022-11-02,CLH23,CLH23,2,1.0,0.0,False,False,0.08627,0.08453000000000001,0.020584407902519697,237.00502934,0.00011729726951736907,254.71511973
2022-11-03,CLH23,CLH23,3,1.0,0.0,False,False,0.08487,0.08627,-0.016228121015416708,233.15888304,0.00011729726951736907,250.61144933
2022-11-04,CLH23,CLH23,4,1.0,0.0,False,False,0.08882999999999999,0.08487,0.04665959703075284,244.03798257,0.00011729726951736907,262.33427461
2022-11-07,CLH23,CLH23,5,1.0,0.0,False,False,0.08838,0.08882999999999999,-0.005065856129685797,242.80172126,0.0003519330861141423,261.09765103
2022-11-08,CLH23,CLH23,6,1.0,0.0,False,False,0.08591,0.08838,-0.027947499434261114,236.01602029,0.00011729726951736907,253.83125061
2022-11-09,CLH23,CLH23,7,1.0,0.0,False,False,0.08302,0.08591,-0.03363985566290306,228.07647543,0.00011729726951736907,245.32217769
2022-11-10,CLH23,CLH23,8,1.0,0.0,False,False,0.0837,0.08302,0.008190797398217375,229.94460363,0.00011729726951736907,247.36033756
2022-11-11,CLH23,CLH23,9,1.0,0.0,False,False,0.08614,0.0837,0.029151732377538764,236.64788718,0.00011729726951736907,254.60033462
2022-11-14,CLH23,CLH23,10,1.0,0.0,False,False,0.08352,0.08614,-0.030415602507545825,229.45009911,0.0003519330861141423,246.94611433
2022-11-15,CLH23,CLH23,11,1.0,0.0,False,False,0.08477,0.08352,0.014966475095785414,232.8841583,0.00011729726951736907,250.6709933
2022-11-16,CLH23,CLH23,12,1.0,0.0,False,False,0.08352,0.08477,-0.014745782706146016,229.45009911,0.00011729726951736907,247.00405633
2022-11-17,CLH23,CLH23,13,1.0,0.0,False,False,0.08067,0.08352,-0.03412356321839072,221.62044415,0.00011729726951736907,238.6043707
2022-11-18,CLH23,CLH23,14,1.0,0.0,False,False,0.07948999999999999,0.08067,-0.014627494731622837,218.37869227,0.00011729726951736907,235.14217416
2022-11-21,CLH23,CLH23,15,1.0,0.0,False,False,0.07972,0.07948999999999999,0.0028934457164424554,219.01055916,0.0003519330861141423,235.90529959
2022-11-22,CLH23,CLH23,16,1.0,0.0,False,False,0.08048000000000001,0.07972,0.009533366783743169,221.09846715,0.00011729726951736907,238.18194238
2022-11-23,CLH23,CLH23,17,1.0,0.0,False,False,0.07812000000000001,0.08048000000000001,-0.029324055666003934,214.61496339,0.00011729726951736907,231.22541993
2022-11-25,CLH23,CLH23,18,1.0,0.0,False,False,0.07654000000000001,0.07812000000000001,-0.0202252944188428,210.27431257,0.0002346082976840691,226.60306514
2022-11-28,CLH23,CLH23,19,1.0,0.0,False,False,0.07736,0.07654000000000001,0.010713352495427042,212.5270554,0.0003519330861141423,229.11049277
2022-11-29,CLH23,CLH23,20,1.0,0.0,False,False,0.07831999999999999,0.07736,0.012409513960703,215.16441286,0.00011729726951736907,231.98051666
2022-11-30,CLH23,CLH23,21,1.0,0.0,False,False,0.08075,0.07831999999999999,0.031026557711951064,221.84022393,0.00011729726951736907,239.20528423
2022-12-01,CLH23,CLZ23,1,1.0,0.0,False,True,0.08103,0.08075,0.003467492260061933,222.60945319,0.00011729726951736907,240.06278483
2022-12-02,CLH23,CLZ23,2,1.0,0.0,False,True,0.08008,0.08103,-0.011724052819943265,219.9995682,0.00012010554651209482,237.27710893
2022-12-05,CLH23,CLZ23,3,1.0,0.0,False,True,0.0772,0.08008,-0.035964035964035856,212.08749582,0.00036035991729566064,228.82917161
2022-12-06,CLH23,CLZ23,4,1.0,0.0,False,True,0.07463,0.0772,-0.03329015544041458,205.02707012,0.00012010554651209482,221.23889657
2022-12-07,CLH23,CLZ23,5,1.0,0.0,False,True,0.07252,0.07463,-0.028272812541873305,199.2303782,0.00012010554651209482,215.01042274
2022-12-08,CLH23,CLZ23,6,0.8,0.2,False,True,0.07171999999999999,0.07252,-0.011031439602868343,197.03258032,0.00012010554651209482,212.6643722
2022-12-09,CLH23,CLZ23,7,0.6,0.4,False,True,0.07140600000000001,0.071644,-0.0033219809055885507,196.37804185,0.00012010554651209482,211.98344739
2022-12-12,CLH23,CLZ23,8,0.3999999999999999,0.6000000000000001,False,True,0.073188,0.071382,0.025300495923342048,201.3465037,0.00036035991729566064,217.42312408
2022-12-13,CLH23,CLZ23,9,0.19999999999999996,0.8,False,True,0.074644,0.073052,0.021792695614083035,205.73438677,0.00012010554651209482,222.18747377
2022-12-14,CLH23,CLZ23,10,0.0,1.0,False,True,0.075514,0.074332,0.015901630522520582,209.00589897,0.00012010554651209482,225.74730283
2022-12-15,CLH23,CLZ23,11,0.0,1.0,False,True,0.07354000000000001,0.07506,-0.020250466293631697,204.77343206,0.00012010554651209482,221.20292819
2022-12-16,CLH23,CLZ23,12,0.0,1.0,False,True,0.07246,0.07354000000000001,-0.014685885232526674,201.76615294,0.00012010554651209482,217.98093507
2022-12-19,CLH23,CLZ23,13,0.0,1.0,False,True,0.073,0.07246,0.007452387524151227,203.2697925,0.00036035991729566064,219.68396506
2022-12-20,CLH23,CLZ23,14,0.0,1.0,False,True,0.07368000000000001,0.073,0.009315068493150891,205.16326454,0.00012010554651209482,221.7567215
2022-12-21,CLH23,CLZ23,15,0.0,1.0,False,True,0.07486,0.07368000000000001,0.01601520086862096,208.44899543,0.00012010554651209482,225.33483415
2022-12-22,CLH23,CLZ23,16,0.0,1.0,False,True,0.07407,0.07486,-0.010553032327010436,206.24922644,0.00012010554651209482,222.98393232
2022-12-23,CLH23,CLZ23,17,0.0,1.0,False,True,0.07640000000000001,0.07407,0.031456730120156706,212.73715269,0.00012010554651209482,230.0250593
2022-12-27,CLH23,CLZ23,18,0.0,1.0,False,True,0.07662999999999999,0.07640000000000001,0.003010471204188292,213.37759176,0.0004805087450325818,230.82807217
2022-12-28,CLH23,CLZ23,19,0.0,1.0,False,True,0.07635,0.07662999999999999,-0.0036539214406888787,212.5979268,0.00012010554651209482,230.01236826
2022-12-29,CLH23,CLZ23,20,0.0,1.0,False,True,0.0756,0.07635,-0.00982318271119842,210.50953852,0.00012010554651209482,227.7805405
2022-12-30,CLH23,CLZ23,21,0.0,1.0,False,True,0.0756,0.0756,0.0,210.50953852,0.00012010554651209482,227.80789821
2023-01-03,CLZ23,CLZ23,1,1.0,0.0,False,False,0.07497,0.0756,-0.008333333333333415,208.75529237,0.0004805087450325818,226.01896275
2023-01-04,CLZ23,CLZ23,2,1.0,0.0,False,False,0.07228,0.07497,-0.035881019074296305,201.26493974,0.00012684837266574434,217.93784217
2023-01-05,CLZ23,CLZ23,3,1.0,0.0,False,False,0.07295,0.07228,0.009269507470946348,203.1305666,0.00012684837266574434,219.98566368
2023-01-06,CLZ23,CLZ23,4,1.0,0.0,False,False,0.07314,0.07295,0.0026045236463330124,203.65962496,0.00012684837266574434,220.58652636
2023-01-09,CLZ23,CLZ23,5,1.0,0.0,False,False,0.07415999999999999,0.07314,0.013945857260049044,206.49983302,0.0003805933915674853,223.74674835
2023-01-10,CLZ23,CLZ23,6,1.0,0.0,False,False,0.07428,0.07415999999999999,0.0016181229773464256,206.83397514,0.00012684837266574434,224.13718001
2023-01-11,CLZ23,CLZ23,7,1.0,0.0,False,False,0.0761,0.07428,0.024501884760366188,211.90179736,0.00012684837266574434,229.6573948
2023-01-12,CLZ23,CLZ23,8,1.0,0.0,False,False,0.07676999999999999,0.0761,0.008804204993429599,213.76742422,0.00012684837266574434,231.70847725
2023-01-13,CLZ23,CLZ23,9,1.0,0.0,False,False,0.07781,0.07676999999999999,0.013546958447310242,216.66332263,0.00012684837266574434,234.8768142
2023-01-17,CLZ23,CLZ23,10,1.0,0.0,False,False,0.07759999999999999,0.07781,-0.0026988818917879076,216.07857391,0.0005074900418855499,234.36210706
2023-01-18,CLZ23,CLZ23,11,1.0,0.0,False,False,0.07733,0.07759999999999999,-0.0034793814432988457,215.32675413,0.00012684837266574434,233.57640035
2023-01-19,CLZ23,CLZ23,12,1.0,0.0,False,False,0.0782,0.07733,0.011250484934695493,217.74928453,0.00012684837266574434,236.23387691
2023-01-20,CLZ23,CLZ23,13,1.0,0.0,False,False,0.079,0.0782,0.010230179028132946,219.97689869,0.00012684837266574434,238.68055764
2023-01-23,CLZ23,CLZ23,14,1.0,0.0,False,False,0.07951000000000001,0.079,0.006455696202531724,221.39700272,0.0003805933915674853,240.31224705
2023-01-24,CLZ23,CLZ23,15,1.0,0.0,False,False,0.07812999999999999,0.07951000000000001,-0.017356307382719427,217.55436829,0.00012684837266574434,236.17179704
2023-01-25,CLZ23,CLZ23,16,1.0,0.0,False,False,0.07791,0.07812999999999999,-0.0028158197875335356,216.94177439,0.00012684837266574434,235.53673782
2023-01-26,CLZ23,CLZ23,17,1.0,0.0,False,False,0.07837999999999999,0.07791,0.0060326017199332505,218.25049771,0.00012684837266574434,236.9875146
2023-01-27,CLZ23,CLZ23,18,1.0,0.0,False,False,0.07707,0.07837999999999999,-0.01671344730798663,214.60277952,0.00012684837266574434,233.05669775
2023-01-30,CLZ23,CLZ23,19,1.0,0.0,False,False,0.07557,0.07707,-0.01946282600233551,210.42600296,0.0003805933915674853,228.60945563
2023-01-31,CLZ23,CLZ23,20,1.0,0.0,False,False,0.07669,0.07557,0.014820696043403414,213.54466279,0.00012684837266574434,232.02660562
2023-02-01,CLZ23,CLX23,1,1.0,0.0,False,True,0.07454999999999999,0.07669,-0.027904550788890425,207.5857949,0.00012684837266574434,225.58143961
2023-02-02,CLZ23,CLX23,2,1.0,0.0,False,True,0.07431,0.07454999999999999,-0.0032193158953720546,206.91751065,0.00013106476383373256,224.88478747
2023-02-03,CLZ23,CLX23,3,1.0,0.0,False,True,0.07209,0.07431,-0.029874848607186144,200.73588135,0.00013106476383373256,218.19586297
2023-02-06,CLZ23,CLX23,4,1.0,0.0,False,True,0.07293999999999999,0.07209,0.011790817034262657,203.1027214,0.0003932458276694195,220.85437508
2023-02-07,CLZ23,CLX23,5,1.0,0.0,False,True,0.07512,0.07293999999999999,0.02988757883191684,209.17297,0.00013106476383373256,227.48412386
2023-02-08,CLZ23,CLX23,6,0.8,0.2,False,True,0.07621,0.07512,0.014510117145899892,212.2080943,0.00013106476383373256,230.8147603
2023-02-09,CLZ23,CLX23,7,0.6,0.4,False,True,0.075796,0.076308,-0.006709650364313036,210.78425218,0.00013106476383373256,229.29632564
2023-02-10,CLZ23,CLX23,8,0.3999999999999999,0.6000000000000001,False,True,0.077292,0.07589200000000002,0.018447267169134918,214.6726456,0.00013106476383373256,233.55626889
2023-02-13,CLZ23,CLX23,9,0.19999999999999996,0.8,False,True,0.07785600000000001,0.077398,0.005917465567585989,215.94296359,0.0003932458276694195,235.0301751
2023-02-14,CLZ23,CLX23,10,0.0,1.0,False,True,0.077288,0.077958,-0.008594371328151107,214.08706958,0.00013106476383373256,233.04104268
2023-02-15,CLZ23,CLX23,11,0.0,1.0,False,True,0.07706,0.07737999999999999,-0.004135435513052288,213.20172631,0.00013106476383373256,232.10785995
2023-02-16,CLZ23,CLX23,12,0.0,1.0,False,True,0.07690999999999999,0.07706,-0.0019465351674021747,212.78672165,0.00013106476383373256,231.686475
2023-02-17,CLZ23,CLX23,13,0.0,1.0,False,True,0.07498,0.07690999999999999,-0.025094266025224132,207.44699505,0.00013106476383373256,225.90283889
2023-02-21,CLZ23,CLX23,14,0.0,1.0,False,True,0.07492,0.07498,-0.000800213390237503,207.28099319,0.0005243621321744385,225.84052331
2023-02-22,CLZ23,CLX23,15,0.0,1.0,False,True,0.07305,0.07492,-0.02495995728777356,202.10726845,0.00013106476383373256,220.23315323
2023-02-23,CLZ23,CLX23,16,0.0,1.0,False,True,0.07428,0.07305,0.016837782340862306,205.51030665,0.00013106476383373256,223.97025594
2023-02-24,CLZ23,CLX23,17,0.0,1.0,False,True,0.07487,0.07428,0.007942918686052902,207.1426583,0.00013106476383373256,225.77858807
2023-02-27,CLZ23,CLX23,18,0.0,1.0,False,True,0.07406,0.07487,-0.010818752504340945,204.90163315,0.0003932458276694195,223.4247319
2023-02-28,CLZ23,CLX23,19,0.0,1.0,False,True,0.07507,0.07406,0.013637591142316996,207.69599785,0.00013106476383373256,226.50099016
2023-03-01,CLX23,CLG24,1,1.0,0.0,False,True,0.07575,0.07507,0.009058212335153915,209.5773523,0.00013106476383373256,228.58237052
2023-03-02,CLX23,CLG24,2,1.0,0.0,False,True,0.07637999999999999,0.07575,0.008316831683168102,211.32037186,0.00013190823834574594,230.51360352
2023-03-03,CLX23,CLG24,3,1.0,0.0,False,True,0.0778,0.07637999999999999,0.0185912542550406,215.24908262,0.00013190823834574594,234.82954717
2023-03-06,CLX23,CLG24,4,1.0,0.0,False,True,0.07845,0.0778,0.008354755784061751,217.04743614,0.00039577691668268855,236.8844308
2023-03-07,CLX23,CLG24,5,1.0,0.0,False,True,0.07594,0.07845,-0.0319949012109626,210.10302486,0.00013190823834574594,229.33658384
2023-03-08,CLX23,CLG24,6,0.8,0.2,False,True,0.07509,0.07594,-0.011193047142480816,207.7513318,0.00013190823834574594,226.79986003
2023-03-09,CLX23,CLG24,7,0.6,0.4,False,True,0.073902,0.07481600000000001,-0.012216638152267034,205.21330895,0.00013190823834574594,224.05904497
2023-03-10,CLX23,CLG24,8,0.3999999999999999,0.6000000000000001,False,True,0.07445800000000001,0.073634,0.011190482657468026,207.50974492,0.00013190823834574594,226.59592906
2023-03-13,CLX23,CLG24,9,0.19999999999999996,0.8,False,True,0.07259,0.074182,-0.021460731713892844,203.05643396,0.00039577691668268855,221.82269606
2023-03-14,CLX23,CLG24,10,0.0,1.0,False,True,0.069548,0.07234,-0.038595521150124434,195.21936507,0.00013190823834574594,213.29059375
2023-03-15,CLX23,CLG24,11,0.0,1.0,False,True,0.06614,0.06935,-0.046286950252343084,186.18325603,0.00013190823834574594,203.44615743
2023-03-16,CLX23,CLG24,12,0.0,1.0,False,True,0.06698,0.06614,0.01270033262775927,188.54784531,0.00013190823834574594,206.05682752
2023-03-17,CLX23,CLG24,13,0.0,1.0,False,True,0.06589,0.06698,-0.016273514481934814,185.47950922,0.00013190823834574594,202.73073935
2023-03-20,CLX23,CLG24,14,0.0,1.0,False,True,0.06659000000000001,0.06589,0.01062376688420108,187.45000029,0.00039577691668268855,204.96473961
2023-03-21,CLX23,CLG24,15,0.0,1.0,False,True,0.06775,0.06659000000000001,0.017420033037993665,190.71538549,0.00013190823834574594,208.56226869
2023-03-22,CLX23,CLG24,16,0.0,1.0,False,True,0.06867,0.06775,0.013579335793357794,193.30517375,0.00013190823834574594,211.42191685
2023-03-23,CLX23,CLG24,17,0.0,1.0,False,True,0.06812,0.06867,-0.008009319935925352,191.75693077,0.00013190823834574594,209.75645937
2023-03-24,CLX23,CLG24,18,0.0,1.0,False,True,0.06758,0.06812,-0.007927187316500328,190.23683766,0.00013190823834574594,208.12134923
2023-03-27,CLX23,CLG24,19,0.0,1.0,False,True,0.07063,0.06758,0.0451316957679786,198.82254874,0.00039577691668268855,217.59658827
2023-03-28,CLX23,CLG24,20,0.0,1.0,False,True,0.07095,0.07063,0.004530652697154247,199.72334466,0.00013190823834574594,218.61114563
2023-03-29,CLX23,CLG24,21,0.0,1.0,False,True,0.07059,0.07095,-0.0050739957716702255,198.70994925,0.00013190823834574594,217.53075021
2023-03-30,CLX23,CLG24,22,0.0,1.0,False,True,0.07161,0.07059,0.014449638759030936,201.58123623,0.00013190823834574594,220.70268506
2023-03-31,CLX23,CLG24,23,0.0,1.0,False,True,0.07266,0.07161,0.014662756598240678,204.53697283,0.00013190823834574594,223.96790731
2023-04-03,CLG24,CLV23,1,1.0,0.0,False,True,0.07565999999999999,0.07266,0.041288191577208755,212.98193455,0.00039577691668268855,233.3037785
2023-04-04,CLG24,CLV23,2,1.0,0.0,False,True,0.07574,0.07565999999999999,0.0010573618821043684,213.20713353,0.0001392210934854088,233.58294583
2023-04-05,CLG24,CLV23,3,1.0,0.0,False,True,0.07574,0.07574,0.0,213.20713353,0.0001392210934854088,233.6154655
2023-04-06,CLG24,CLV23,4,1.0,0.0,False,True,0.07558,0.07574,-0.002112490097702757,212.75673557,0.0001392210934854088,233.15447934
2023-04-10,CLG24,CLV23,5,1.0,0.0,False,True,0.07504000000000001,0.07558,-0.007144747287642028,211.23664246,0.0005570006798127913,231.61851671
2023-04-11,CLG24,CLV23,6,0.8,0.2,False,True,0.07640999999999999,0.07504000000000001,0.018256929637526342,215.09317498,0.0001392210934854088,235.87940586
2023-04-12,CLG24,CLV23,7,0.6,0.4,False,True,0.07817800000000001,0.076958,0.015852802827516443,218.50300467,0.0001392210934854088,239.65159496
2023-04-13,CLG24,CLV23,8,0.3999999999999999,0.6000000000000001,False,True,0.078122,0.078736,-0.0077982117455802635,216.79907197,0.0001392210934854088,237.81610563
2023-04-14,CLG24,CLV23,9,0.19999999999999996,0.8,False,True,0.078984,0.07863800000000001,0.004399908441211409,217.75296804,0.0001392210934854088,238.89558374
2023-04-17,CLG24,CLV23,10,0.0,1.0,False,True,0.07826199999999998,0.079512,-0.015720897474595263,214.32969595,0.0004177214306930743,235.23972256
2023-04-18,CLG24,CLV23,11,0.0,1.0,False,True,0.07879000000000001,0.07873999999999999,0.0006350012700029328,214.46579558,0.0001392210934854088,235.42185041
2023-04-19,CLG24,CLV23,12,0.0,1.0,False,True,0.07719,0.07879000000000001,-0.020307145576850094,210.11060745,0.0001392210934854088,230.67388031
2023-04-20,CLG24,CLV23,13,0.0,1.0,False,True,0.07546,0.07719,-0.02241222956341493,205.40156028,0.0001392210934854088,225.53607902
2023-04-21,CLG24,CLV23,14,0.0,1.0,False,True,0.07623999999999999,0.07546,0.010336602173336651,207.52471449,0.0001392210934854088,227.89875512
2023-04-24,CLG24,CLV23,15,0.0,1.0,False,True,0.07718000000000001,0.07623999999999999,0.01232948583420801,210.08338752,0.0004177214306930743,230.80382779
2023-04-25,CLG24,CLV23,16,0.0,1.0,False,True,0.07533,0.07718000000000001,-0.023969940399067302,205.04770124,0.0001392210934854088,225.30360655
2023-04-26,CLG24,CLV23,17,0.0,1.0,False,True,0.07292,0.07533,-0.03199256604274525,198.48769912,0.0001392210934854088,218.12693306
2023-04-27,CLG24,CLV23,18,0.0,1.0,False,True,0.07323,0.07292,0.004251234229292411,199.33151682,0.0001392210934854088,219.08460961
2023-04-28,CLG24,CLV23,19,0.0,1.0,False,True,0.07515000000000001,0.07323,0.026218762802130424,204.55774258,0.0001392210934854088,224.85923822
2023-05-01,CLV23,CLV23,1,1.0,0.0,False,False,0.07408,0.07515000000000001,-0.014238190286094632,201.64521052,0.0004177214306930743,221.75157813
2023-05-02,CLV23,CLV23,2,1.0,0.0,False,False,0.07039,0.07408,-0.04981101511879049,191.60105789,0.00014456821566399825,210.73796515
2023-05-03,CLV23,CLV23,3,1.0,0.0,False,False,0.06775,0.07039,-0.037505327461286986,184.41499747,0.00014456821566399825,202.86463477
2023-05-04,CLV23,CLV23,4,1.0,0.0,False,False,0.06762,0.06775,-0.0019188191881919225,184.06113843,0.00014456821566399825,202.50470199
2023-05-05,CLV23,CLV23,5,1.0,0.0,False,False,0.07023,0.06762,0.03859804791481802,191.16553907,0.00014456821566399825,210.35026392
2023-05-08,CLV23,CLV23,6,1.0,0.0,False,False,0.07198,0.07023,0.024918126156912912,195.92902609,0.0004337673499203998,215.68304141
2023-05-09,CLV23,CLV23,7,1.0,0.0,False,False,0.07259,0.07198,0.008474576271186418,197.58944157,0.00014456821566399825,217.54204471
2023-05-10,CLV23,CLV23,8,1.0,0.0,False,False,0.07162,0.07259,-0.013362722138035577,194.94910876,0.00014456821566399825,214.66654047
2023-05-11,CLV23,CLV23,9,1.0,0.0,False,False,0.06999,0.07162,-0.02275900586428381,190.51226085,0.00014456821566399825,209.81197737
2023-05-12,CLV23,CLV23,10,1.0,0.0,False,False,0.06911,0.06999,-0.01257322474639222,188.11690738,0.00014456821566399825,207.20429637
2023-05-15,CLV23,CLV23,11,1.0,0.0,False,False,0.07019,0.06911,0.015627260888438688,191.05665937,0.0004337673499203998,210.53221043
2023-05-16,CLV23,CLV23,12,1.0,0.0,False,False,0.06994,0.07019,-0.0035617609346060286,190.37616122,0.00014456821566399825,209.81278129
2023-05-17,CLV23,CLV23,13,1.0,0.0,False,False,0.0721,0.06994,0.030883614526737047,196.2556652,0.00014456821566399825,216.32289061
2023-05-18,CLV23,CLV23,14,1.0,0.0,False,False,0.07128,0.0721,-0.011373092926491024,194.02363128,0.00014456821566399825,213.89390368
2023-05-19,CLV23,CLV23,15,1.0,0.0,False,False,0.07094,0.07128,-0.004769921436588054,193.0981538,0.00014456821566399825,212.90456882
2023-05-22,CLV23,CLV23,16,1.0,0.0,False,False,0.07128,0.07094,0.004792782633211035,194.02363128,0.0004337673499203998,214.01732519
2023-05-23,CLV23,CLV23,17,1.0,0.0,False,False,0.07219,0.07128,0.012766554433221167,196.50064453,0.00014456821566399825,216.78052912
2023-05-24,CLV23,CLV23,18,1.0,0.0,False,False,0.07361,0.07219,0.019670314447984394,200.365874,0.00014456821566399825,221.07600987
2023-05-25,CLV23,CLV23,19,1.0,0.0,False,False,0.07141,0.07361,-0.029887243581035117,194.37749032,0.00014456821566399825,214.50061788
2023-05-26,CLV23,CLV23,20,1.0,0.0,False,False,0.07224,0.07141,0.011623021985716298,196.63674416,0.00014456821566399825,217.02477325
2023-05-30,CLV23,CLV23,21,1.0,0.0,False,False,0.06923,0.07224,-0.04166666666666663,188.44354649,0.0005783982745561911,208.10760112
2023-05-31,CLV23,CLV23,22,1.0,0.0,False,False,0.06792000000000001,0.06923,-0.01892243247147174,184.87773621,0.00014456821566399825,204.19978484
2023-06-01,CLV23,CLZ23,1,1.0,0.0,False,True,0.06976,0.06792000000000001,0.027090694935217874,189.88620256,0.00014456821566399825,209.76121971
2023-06-02,CLV23,CLZ23,2,1.0,0.0,False,True,0.07132,0.06976,0.022362385321100797,194.13251099,0.00014456821566399825,214.48230574
2023-06-05,CLV23,CLZ23,3,1.0,0.0,False,True,0.07167,0.07132,0.004907459338194142,195.08520839,0.0004337673499203998,215.62790435
2023-06-06,CLV23,CLZ23,4,1.0,0.0,False,True,0.07127,0.07167,-0.005581135761127398,193.99641136,0.00014456821566399825,214.45562869
2023-06-07,CLV23,CLZ23,5,1.0,0.0,False,True,0.07209,0.07127,0.011505542303914762,196.22844528,0.00014456821566399825,216.95406047
2023-06-08,CLV23,CLZ23,6,0.8,0.2,False,True,0.071,0.07209,-0.015119988902760562,193.26147336,0.00014456821566399825,213.70508214
2023-06-09,CLV23,CLZ23,7,0.6,0.4,False,True,0.06989200000000001,0.07085,-0.01352152434721221,190.64828364,0.00014456821566399825,210.84635863
2023-06-12,CLV23,CLZ23,8,0.3999999999999999,0.6000000000000001,False,True,0.066984,0.06976399999999999,-0.03984863253253812,183.05121024,0.0004337673499203998,202.53587783
2023-06-13,CLV23,CLZ23,9,0.19999999999999996,0.8,False,True,0.06916800000000001,0.066896,0.03396316670652966,189.26820901,0.00014456821566399825,209.44391786
2023-06-14,CLV23,CLZ23,10,0.0,1.0,False,True,0.068052,0.069074,-0.014795726322494596,186.46784839,0.00014456821566399825,206.37532191
2023-06-15,CLV23,CLZ23,11,0.0,1.0,False,True,0.07027,0.06797,0.033838458143298444,192.77763287,0.00014456821566399825,213.38857991
2023-06-16,CLV23,CLZ23,12,0.0,1.0,False,True,0.07123,0.07027,0.0136615910061193,195.41128205,0.00014456821566399825,216.33465663
2023-06-20,CLV23,CLZ23,13,0.0,1.0,False,True,0.07049,0.07123,-0.010388881089428703,193.38117748,0.0005783982745561911,214.2123092
2023-06-21,CLV23,CLZ23,14,0.0,1.0,False,True,0.0718,0.07049,0.01858419633990649,196.97501125,0.00014456821566399825,218.2242411
2023-06-22,CLV23,CLZ23,15,0.0,1.0,False,True,0.06929,0.0718,-0.03495821727019499,190.08911601,0.00014456821566399825,210.62705896
2023-06-23,CLV23,CLZ23,16,0.0,1.0,False,True,0.0691,0.06929,-0.0027420984269015403,189.56787294,0.00014456821566399825,210.07994881
2023-06-26,CLV23,CLZ23,17,0.0,1.0,False,True,0.06936,0.0691,0.003762662807525574,190.28115293,0.0004337673499203998,210.96153465
2023-06-27,CLV23,CLZ23,18,0.0,1.0,False,True,0.06797,0.06936,-0.020040369088812016,186.46784839,0.00014456821566399825,206.76428596
2023-06-28,CLV23,CLZ23,19,0.0,1.0,False,True,0.06964000000000001,0.06797,0.02456966308665587,191.0493006,0.00014456821566399825,211.87430635
2023-06-29,CLV23,CLZ23,20,0.0,1.0,False,True,0.06984,0.06964000000000001,0.0028719126938538952,191.59797751,0.00014456821566399825,212.51342115
2023-06-30,CLV23,CLZ23,21,0.0,1.0,False,True,0.0704,0.06984,0.008018327605956443,193.13427286,0.00014456821566399825,214.24814606
2023-07-03,CLZ23,CLN24,1,1.0,0.0,False,True,0.06941,0.0704,-0.014062500000000089,190.41832215,0.0004337673499203998,211.32821536
2023-07-05,CLZ23,CLN24,2,1.0,0.0,False,True,0.07125,0.06941,0.0265091485376745,195.46614974,0.0002942256015450173,216.99252459
2023-07-06,CLZ23,CLN24,3,1.0,0.0,False,True,0.07099,0.07125,-0.0036491228070174575,194.75286975,0.00014710198127620977,216.23261224
2023-07-07,CLZ23,CLN24,4,1.0,0.0,False,True,0.07266,0.07099,0.023524440061980734,199.33432196,0.00014710198127620977,221.35117161
2023-07-10,CLZ23,CLN24,5,1.0,0.0,False,True,0.07207,0.07266,-0.008120011010184558,197.71572507,0.00044137086399009817,219.65149562
2023-07-11,CLZ23,CLN24,6,0.8,0.2,False,True,0.07376,0.07207,0.023449424170945088,202.35204497,0.00014710198127620977,224.83450788
2023-07-12,CLZ23,CLN24,7,0.6,0.4,False,True,0.07401600000000001,0.07327600000000001,0.01009880451989753,204.39555872,0.00014710198127620977,227.13814123
2023-07-13,CLZ23,CLN24,8,0.3999999999999999,0.6000000000000001,False,True,0.074612,0.073492,0.01523975398682853,207.51049675,0.00014710198127620977,230.63308309
2023-07-14,CLZ23,CLN24,9,0.19999999999999996,0.8,False,True,0.07283,0.074048,-0.016448789974070843,204.09720017,0.00014710198127620977,226.87337453
2023-07-17,CLZ23,CLN24,10,0.0,1.0,False,True,0.071554,0.0723,-0.010318118948824284,201.99130098,0.00044137086399009817,224.63260336
2023-07-18,CLZ23,CLN24,11,0.0,1.0,False,True,0.07232,0.07109,0.017302011534674255,205.4861568,0.00014710198127620977,228.55224316
2023-07-19,CLZ23,CLN24,12,0.0,1.0,False,True,0.07232,0.07232,0.0,205.4861568,0.00014710198127620977,228.58586365
2023-07-20,CLZ23,CLN24,13,0.0,1.0,False,True,0.07252,0.07232,0.0027654867256639015,206.05442604,0.00014710198127620977,229.25164026
2023-07-21,CLZ23,CLN24,14,0.0,1.0,False,True,0.07341,0.07252,0.01227247655819097,208.58322415,0.00014710198127620977,232.09884901
2023-07-24,CLZ23,CLN24,15,0.0,1.0,False,True,0.07465999999999999,0.07341,0.017027652908322866,212.13490689,0.00044137086399009817,236.15338932
2023-07-25,CLZ23,CLN24,16,0.0,1.0,False,True,0.07514,0.07465999999999999,0.006429145459416086,213.49875306,0.00014710198127620977,237.70639244
2023-07-26,CLZ23,CLN24,17,0.0,1.0,False,True,0.07473,0.07514,-0.0054564812350278435,212.33380112,0.00014710198127620977,236.44431905
2023-07-27,CLZ23,CLN24,18,0.0,1.0,False,True,0.0756,0.07473,0.011641910879164996,214.80577231,0.00014710198127620977,239.23176417
2023-07-28,CLZ23,CLN24,19,0.0,1.0,False,True,0.07615999999999999,0.0756,0.007407407407407307,216.39692618,0.00014710198127620977,241.03904278
2023-07-31,CLZ23,CLN24,20,0.0,1.0,False,True,0.07694,0.07615999999999999,0.010241596638655537,218.61317621,0.00044137086399009817,243.61405504
2023-08-01,CLN24,CLV23,1,1.0,0.0,False,True,0.07662999999999999,0.07694,-0.004029113595009126,217.73235889,0.00014710198127620977,242.66834245
2023-08-02,CLN24,CLV23,2,1.0,0.0,False,True,0.07529000000000001,0.07662999999999999,-0.017486624037582943,213.92495499,0.00014850988405634702,238.46093103
2023-08-03,CLN24,CLV23,3,1.0,0.0,False,True,0.07684,0.07529000000000001,0.020587063355027135,218.32904159,0.00014850988405634702,243.40555513
2023-08-04,CLN24,CLV23,4,1.0,0.0,False,True,0.07775,0.07684,0.011842790213430376,220.91466663,0.00014850988405634702,246.32430419
2023-08-07,CLN24,CLV23,5,1.0,0.0,False,True,0.07737000000000001,0.07775,-0.004887459807073835,219.83495508,0.00044559582100145434,245.23016514
2023-08-08,CLN24,CLV23,6,0.8,0.2,False,True,0.07804000000000001,0.07737000000000001,0.00865968721726773,221.73865703,0.00014850988405634702,247.39020077
2023-08-09,CLN24,CLV23,7,0.6,0.4,False,True,0.079802,0.07890400000000002,0.01138091858460899,224.26224663,0.00014850988405634702,250.24246839
2023-08-10,CLN24,CLV23,8,0.3999999999999999,0.6000000000000001,False,True,0.07971600000000001,0.080774,-0.01309827419714249,221.32479823,0.00014850988405634702,247.0018874
2023-08-11,CLN24,CLV23,9,0.19999999999999996,0.8,False,True,0.080746,0.080574,0.0021346836448481454,221.79725666,0.00014850988405634702,247.56584051
2023-08-14,CLN24,CLV23,10,0.0,1.0,False,True,0.081042,0.08165799999999998,-0.007543657694285666,220.12409408,0.00044559582100145434,245.80860286
2023-08-15,CLN24,CLV23,11,0.0,1.0,False,True,0.0805,0.08192,-0.017333984375,216.30846647,0.00014850988405634702,241.58426538
2023-08-16,CLN24,CLV23,12,0.0,1.0,False,True,0.07901999999999999,0.0805,-0.018385093167701982,212.33161516,0.00014850988405634702,237.1785938
2023-08-17,CLN24,CLV23,13,0.0,1.0,False,True,0.0799,0.07901999999999999,0.011136421159200216,214.69622945,0.00014850988405634702,239.85513787
2023-08-18,CLN24,CLV23,14,0.0,1.0,False,True,0.08066,0.0799,0.009511889862327871,216.73839634,0.00014850988405634702,242.17223438
2023-08-21,CLN24,CLV23,15,0.0,1.0,False,True,0.08012000000000001,0.08066,-0.006694768162657905,215.28738302,0.00044559582100145434,240.65885835
2023-08-22,CLN24,CLV23,16,0.0,1.0,False,True,0.07964,0.08012000000000001,-0.005991013479780483,213.99759341,0.00014850988405634702,239.25280811
2023-08-23,CLN24,CLV23,17,0.0,1.0,False,True,0.07889,0.07964,-0.009417378201908577,211.98229714,0.00014850988405634702,237.03520534
2023-08-24,CLN24,CLV23,18,0.0,1.0,False,True,0.07905,0.07889,0.0020281404487259014,212.41222701,0.00014850988405634702,237.5511481
2023-08-25,CLN24,CLV23,19,0.0,1.0,False,True,0.07983,0.07905,0.009867172675521951,214.50813513,0.00014850988405634702,239.93038499
2023-08-28,CLN24,CLV23,20,0.0,1.0,False,True,0.08009999999999999,0.07983,0.0033821871476886756,215.23364179,0.00044559582100145434,240.84878643
2023-08-29,CLN24,CLV23,21,0.0,1.0,False,True,0.08116,0.08009999999999999,0.01323345817727839,218.08192719,0.00014850988405634702,244.0718172
2023-08-30,CLN24,CLV23,22,0.0,1.0,False,True,0.08163,0.08116,0.00579103006407089,219.34484619,0.00014850988405634702,245.52149151
2023-08-31,CLN24,CLV23,23,0.0,1.0,False,True,0.08363,0.08163,0.024500796275878978,224.71896958,0.00014850988405634702,251.57342592
2023-09-01,CLV23,CLG24,1,1.0,0.0,False,True,0.08555,0.08363,0.022958268563912476,229.87812804,0.00014850988405634702,257.38647734
2023-09-05,CLV23,CLG24,2,1.0,0.0,False,True,0.08669,0.08555,0.013325540619520737,232.94137837,0.0005952987925910147,260.96951315
2023-09-06,CLV23,CLG24,3,1.0,0.0,False,True,0.08754,0.08669,0.00980505248586927,235.22538081,0.0001487914864939377,263.56716296
2023-09-07,CLV23,CLG24,4,1.0,0.0,False,True,0.08687,0.08754,-0.007653644048435049,233.42504947,0.0001487914864939377,261.58913026
2023-09-08,CLV23,CLG24,5,1.0,0.0,False,True,0.08751,0.08687,0.0073673304938413064,235.14476895,0.0001487914864939377,263.55526607
2023-09-11,CLV23,CLG24,6,0.8,0.2,False,True,0.08729,0.08751,-0.0025139984001828486,234.55361538,0.00044644087949508027,263.0103504
2023-09-12,CLV23,CLG24,7,0.6,0.4,False,True,0.08819800000000001,0.086702,0.01725450393301209,238.60072166,0.0001487914864939377,267.58759723
2023-09-13,CLV23,CLG24,8,0.3999999999999999,0.6000000000000001,False,True,0.087272,0.087556,-0.003243638357165568,237.82678721,0.0001487914864939377,266.7594546
2023-09-14,CLV23,CLG24,9,0.19999999999999996,0.8,False,True,0.08823399999999999,0.086648,0.018303942387591032,242.17995502,0.0001487914864939377,271.68189582
2023-09-15,CLV23,CLG24,10,0.0,1.0,False,True,0.08763399999999999,0.08759199999999999,0.0004794958443694597,242.2960793,0.0001487914864939377,271.85259011
2023-09-18,CLV23,CLG24,11,0.0,1.0,False,True,0.08679,0.08685,-0.00069084628670113,242.12868995,0.00044644087949508027,271.78614786
2023-09-19,CLV23,CLG24,12,0.0,1.0,False,True,0.08665,0.08679,-0.001613089065560569,241.73811481,0.0001487914864939377,271.38817206
2023-09-20,CLV23,CLG24,13,0.0,1.0,False,True,0.08583,0.08665,-0.009463358338141936,239.45046041,0.0001487914864939377,268.86030879
2023-09-21,CLV23,CLG24,14,0.0,1.0,False,True,0.08583,0.08583,0.0,239.45046041,0.0001487914864939377,268.90031292
2023-09-22,CLV23,CLG24,15,0.0,1.0,False,True,0.08533,0.08583,-0.00582546895025049,238.05554919,0.0001487914864939377,267.37385258
2023-09-25,CLV23,CLG24,16,0.0,1.0,False,True,0.08529,0.08533,-0.000468768311262191,237.94395629,0.00044644087949508027,267.36788281
2023-09-26,CLV23,CLG24,17,0.0,1.0,False,True,0.08571,0.08529,0.004924375659514535,239.11568172,0.0001487914864939377,268.72428477
2023-09-27,CLV23,CLG24,18,0.0,1.0,False,True,0.08742,0.08571,0.019950997549877503,243.8862781,0.0001487914864939377,274.1255862
2023-09-28,CLV23,CLG24,19,0.0,1.0,False,True,0.08598,0.08742,-0.016472203157172238,239.86893378,0.0001487914864939377,269.65092141
2023-09-29,CLV23,CLG24,20,0.0,1.0,False,True,0.08527,0.08598,-0.008257734356827195,237.88815984,0.0001487914864939377,267.46433749
2023-10-02,CLG24,CLG24,1,1.0,0.0,False,False,0.0842,0.08527,-0.01254837574762524,234.90304982,0.00044644087949508027,264.22750149
2023-10-03,CLG24,CLG24,2,1.0,0.0,False,False,0.08427,0.0842,0.0008313539192399411,235.09833739,0.00014907309622613774,264.48655727
2023-10-04,CLG24,CLG24,3,1.0,0.0,False,False,0.07962000000000001,0.08427,-0.05517977928088269,222.12566302,0.00014907309622613774,249.93167524
2023-10-05,CLG24,CLG24,4,1.0,0.0,False,False,0.07823999999999999,0.07962000000000001,-0.017332328560663357,218.27570805,0.00014907309622613774,245.63703542
2023-10-06,CLG24,CLG24,5,1.0,0.0,False,False,0.07864,0.07823999999999999,0.005112474437627856,219.39163703,0.00014907309622613774,246.92946636
2023-10-09,CLG24,CLG24,6,1.0,0.0,False,False,0.08162,0.07864,0.037894201424211627,227.70530791,0.0004472859603550372,256.39710937
2023-10-10,CLG24,CLG24,7,1.0,0.0,False,False,0.08129,0.08162,-0.0040431266846361336,226.7846665,0.00014907309622613774,255.39868528
2023-10-11,CLG24,CLG24,8,1.0,0.0,False,False,0.07995999999999999,0.08129,-0.01636117603641296,223.07420265,0.00014907309622613774,251.2581355
2023-10-12,CLG24,CLG24,9,1.0,0.0,False,False,0.07979,0.07995999999999999,-0.002126063031515635,222.59993283,0.00014907309622613774,250.76140069
2023-10-13,CLG24,CLG24,10,1.0,0.0,False,False,0.08389,0.07979,0.05138488532397556,234.03820485,0.00014907309622613774,263.68412828
2023-10-16,CLG24,CLG24,11,1.0,0.0,False,False,0.08292000000000001,0.08389,-0.01156276075813567,231.33207708,0.0004472859603550372,260.753154
2023-10-17,CLG24,CLG24,12,1.0,0.0,False,False,0.08326,0.08292000000000001,0.004100337674867172,232.28061671,0.00014907309622613774,261.86120126
2023-10-18,CLG24,CLG24,13,1.0,0.0,False,False,0.08497,0.08326,0.020538073504684062,237.05121309,0.00014907309622613774,267.27836232
2023-10-19,CLG24,CLG24,14,1.0,0.0,False,False,0.08579,0.08497,0.009650464869954023,239.33886749,0.00014907309622613774,269.89756677
2023-10-20,CLG24,CLG24,15,1.0,0.0,False,False,0.08557,0.08579,-0.002564401445390052,238.72510655,0.00014907309622613774,269.24567552
2023-10-23,CLG24,CLG24,16,1.0,0.0,False,False,0.0834,0.08557,-0.025359354914105348,232.67119185,0.0004472859603550372,262.53820869
2023-10-24,CLG24,CLG24,17,1.0,0.0,False,False,0.08214,0.0834,-0.015107913669064721,229.15601557,0.00014907309622613774,258.61094148
2023-10-25,CLG24,CLG24,18,1.0,0.0,False,False,0.08386,0.08214,0.02093985877769655,233.95451017,0.00014907309622613774,264.06477
2023-10-26,CLG24,CLG24,19,1.0,0.0,False,False,0.08184000000000001,0.08386,-0.024087765323157595,228.31906883,0.00014907309622613774,257.74340474
2023-10-27,CLG24,CLG24,20,1.0,0.0,False,False,0.08384,0.08184000000000001,0.02443792766373387,233.89871372,0.00014907309622613774,264.08054203
2023-10-30,CLG24,CLG24,21,1.0,0.0,False,False,0.08098999999999999,0.08384,-0.03399332061068705,225.94771975,0.0004472859603550372,255.22168701
2023-10-31,CLG24,CLG24,22,1.0,0.0,False,False,0.07995999999999999,0.08098999999999999,-0.012717619459192586,223.07420263,0.00014907309622613774,252.0139214
2023-11-01,CLG24,CLV24,1,1.0,0.0,False,True,0.07962999999999999,0.07995999999999999,-0.00412706353176584,222.15356122,0.00014907309622613774,251.01141243
2023-11-02,CLG24,CLV24,2,1.0,0.0,False,True,0.08170000000000001,0.07962999999999999,0.025995227929172637,227.92849368,0.00014766512050834457,257.57357694
2023-11-03,CLG24,CLV24,3,1.0,0.0,False,True,0.07986,0.08170000000000001,-0.02252141982864142,222.79522038,0.00014766512050834457,251.81068891
2023-11-06,CLG24,CLV24,4,1.0,0.0,False,True,0.08031999999999999,0.07986,0.005760080140245316,224.0785387,0.0004430607797081265,253.37270609
2023-11-07,CLG24,CLV24,5,1.0,0.0,False,True,0.07698,0.08031999999999999,-0.041583665338645215,214.76053174,0.00014766512050834457,242.87395459
2023-11-08,CLG24,CLV24,6,0.8,0.2,False,True,0.07512,0.07698,-0.024162120031176904,209.57146199,0.00014766512050834457,237.04146895
2023-11-09,CLG24,CLV24,7,0.6,0.4,False,True,0.07513600000000001,0.07468000000000001,0.006106052490626679,210.85111634,0.00014766512050834457,238.52385936
2023-11-10,CLG24,CLV24,8,0.3999999999999999,0.6000000000000001,False,True,0.07597000000000001,0.074702,0.016974110465583392,214.43012648,0.00014766512050834457,242.60781135
2023-11-13,CLG24,CLV24,9,0.19999999999999996,0.8,False,True,0.07649,0.07549,0.013246787653993897,217.27063683,0.0004430607797081265,245.92907551
2023-11-14,CLG24,CLV24,10,0.0,1.0,False,True,0.075844,0.07599,-0.0019213054349257463,216.85319357,0.00014766512050834457,245.49288578
2023-11-15,CLG24,CLV24,11,0.0,1.0,False,True,0.07476999999999999,0.07531,-0.0071703625016599215,215.29827756,0.00014766512050834457,243.76886353
2023-11-16,CLG24,CLV24,12,0.0,1.0,False,True,0.07192,0.07476999999999999,-0.038116891801524555,207.09177641,0.00014766512050834457,234.51314829
2023-11-17,CLG24,CLV24,13,0.0,1.0,False,True,0.07426,0.07192,0.03253615127919929,213.82974578,0.00014766512050834457,242.17793298
2023-11-20,CLG24,CLV24,14,0.0,1.0,False,True,0.07571,0.07426,0.01952598976568809,218.00498321,0.0004430607797081265,247.01399637
2023-11-21,CLG24,CLV24,15,0.0,1.0,False,True,0.07575,0.07571,0.0005283317923656661,218.12016217,0.00014766512050834457,247.18097706
2023-11-22,CLG24,CLV24,16,0.0,1.0,False,True,0.07513,0.07575,-0.008184818481848155,216.33488824,0.00014766512050834457,245.19434564
2023-11-24,CLG24,CLV24,17,0.0,1.0,False,True,0.0741,0.07513,-0.013709570078530575,213.36902993,0.00029535204600428244,241.90525523
2023-11-27,CLG24,CLV24,18,0.0,1.0,False,True,0.07368999999999999,0.0741,-0.005533063427800355,212.18844555,0.0004430607797081265,240.67395684
2023-11-28,CLG24,CLV24,19,0.0,1.0,False,True,0.07479999999999999,0.07368999999999999,0.015063102184828425,215.38466179,0.00014766512050834457,244.3347924
2023-11-29,CLG24,CLV24,20,0.0,1.0,False,True,0.07595,0.07479999999999999,0.015374331550802367,218.69605699,0.00014766512050834457,248.12735623
2023-11-30,CLG24,CLV24,21,0.0,1.0,False,True,0.07408,0.07595,-0.024621461487821072,213.31144045,0.00014766512050834457,242.05473785
2023-12-01,CLV24,CLV24,1,1.0,0.0,False,False,0.07285,0.07408,-0.016603671706263423,209.76968732,0.00014766512050834457,238.07148349
2023-12-04,CLV24,CLV24,2,1.0,0.0,False,False,0.07293000000000001,0.07285,0.0010981468771449343,210.00004525,0.00044137086399009817,238.43799877
2023-12-05,CLV24,CLV24,3,1.0,0.0,False,False,0.07199,0.07293000000000001,-0.01288907171260123,207.29333961,0.00014710198127620977,235.39982901
2023-12-06,CLV24,CLV24,4,1.0,0.0,False,False,0.06977,0.07199,-0.030837616335602114,200.90090713,0.00014710198127620977,228.17528717
2023-12-07,CLV24,CLV24,5,1.0,0.0,False,False,0.06961,0.06977,-0.0022932492475274957,200.44019128,0.00014710198127620977,227.68558941
2023-12-08,CLV24,CLV24,6,1.0,0.0,False,False,0.07098,0.06961,0.019681080304553955,204.38507078,0.00014710198127620977,232.20018078
2023-12-11,CLV24,CLV24,7,1.0,0.0,False,False,0.07147,0.07098,0.006903353057199357,205.79601308,0.00044137086399009817,233.905627
2023-12-12,CLV24,CLV24,8,1.0,0.0,False,False,0.0693,0.07147,-0.03036238981390804,199.54755431,0.00014710198127620977,226.83810116
2023-12-13,CLV24,CLV24,9,1.0,0.0,False,False,0.07035,0.0693,0.015151515151515138,202.5710021,0.00014710198127620977,230.30841042
2023-12-14,CLV24,CLV24,10,1.0,0.0,False,False,0.07224,0.07035,0.02686567164179099,208.01320813,0.00014710198127620977,236.52967938
2023-12-15,CLV24,CLV24,11,1.0,0.0,False,False,0.07212,0.07224,-0.0016611295681062677,207.66767124,0.00014710198127620977,236.17156692
2023-12-18,CLV24,CLV24,12,1.0,0.0,False,False,0.07302,0.07212,0.012479201331114798,210.25919792,0.00044137086399009817,239.2230387
2023-12-19,CLV24,CLV24,13,1.0,0.0,False,False,0.07393999999999999,0.07302,0.012599287866337905,212.90831408,0.00014710198127620977,242.27226881
2023-12-20,CLV24,CLV24,14,1.0,0.0,False,False,0.07382,0.07393999999999999,-0.0016229375169055649,212.56277719,0.00014710198127620977,241.91471479
2023-12-21,CLV24,CLV24,15,1.0,0.0,False,False,0.07323,0.07382,-0.007992413979951096,210.86388748,0.00014710198127620977,240.01681838
2023-12-22,CLV24,CLV24,16,1.0,0.0,False,False,0.07261,0.07323,-0.008466475488188019,209.07861355,0.00014710198127620977,238.02002883
2023-12-26,CLV24,CLV24,17,1.0,0.0,False,False,0.07415000000000001,0.07261,0.021209199834733683,213.51300365,0.0005885377717949059,243.20832697
2023-12-27,CLV24,CLV24,18,1.0,0.0,False,False,0.07338,0.07415000000000001,-0.010384356035064157,211.2958086,0.00014710198127620977,240.71854154
2023-12-28,CLV24,CLV24,19,1.0,0.0,False,False,0.07121,0.07338,-0.02957209048787146,205.04734983,0.00014710198127620977,233.63540122
2023-12-29,CLV24,CLV24,20,1.0,0.0,False,False,0.07098,0.07121,-0.003229883443336523,204.38507079,0.00014710198127620977,232.91515434
2024-01-02,CLV24,CLV24,1,1.0,0.0,False,False,0.0701,0.07098,-0.012397858551704832,201.85113359,0.0005885377717949059,230.16458457
2024-01-03,CLV24,CLV24,2,1.0,0.0,False,False,0.07199,0.0701,0.02696148359486461,207.29333962,0.0001462573271202583,236.4038265
2024-01-04,CLV24,CLV24,3,1.0,0.0,False,False,0.07129,0.07199,-0.009723572718433049,205.27770776,0.0001462573271202583,234.1397125
2024-01-05,CLV24,CLV24,4,1.0,0.0,False,False,0.07232999999999999,0.07129,0.014588301304530482,208.27236081,0.0001462573271202583,237.58965782
2024-01-08,CLV24,CLV24,5,1.0,0.0,False,False,0.06999,0.07232999999999999,-0.03235172127747821,201.53439144,0.0004388361581066924,230.00748636
2024-01-09,CLV24,CLV24,6,1.0,0.0,False,False,0.07097,0.06999,0.014002000285755267,204.35627605,0.0001462573271202583,233.26169153
2024-01-10,CLV24,CLV24,7,1.0,0.0,False,False,0.0705,0.07097,-0.006622516556291536,203.00292323,0.0001462573271202583,231.75102835
2024-01-11,CLV24,CLV24,8,1.0,0.0,False,False,0.07107,0.0705,0.008085106382978768,204.64422346,0.0001462573271202583,233.65865535
2024-01-12,CLV24,CLV24,9,1.0,0.0,False,False,0.07176,0.07107,0.009708737864077888,206.63106058,0.0001462573271202583,235.96136027
2024-01-16,CLV24,CLV24,10,1.0,0.0,False,False,0.07135999999999999,0.07176,-0.005574136008918762,205.47927094,0.0005851576682305293,234.78415415
2024-01-17,CLV24,CLV24,11,1.0,0.0,False,False,0.0711,0.07135999999999999,-0.003643497757847447,204.73060768,0.0001462573271202583,233.96305752
2024-01-18,CLV24,CLV24,12,1.0,0.0,False,False,0.07212,0.0711,0.014345991561181437,207.66767125,0.0001462573271202583,237.35370838
2024-01-19,CLV24,CLV24,13,1.0,0.0,False,False,0.07142,0.07212,-0.009706045479756065,205.65203939,0.0001462573271202583,235.08465721
2024-01-22,CLV24,CLV24,14,1.0,0.0,False,False,0.07297,0.07142,0.02170260431251747,210.11522423,0.0004388361581066924,240.28977016
2024-01-23,CLV24,CLV24,15,1.0,0.0,False,False,0.07263,0.07297,-0.004659449088666445,209.13620304,0.0001462573271202583,239.20529635
2024-01-24,CLV24,CLV24,16,1.0,0.0,False,False,0.07313,0.07263,0.0068842076277020325,210.57594008,0.0001462573271202583,240.8870208
2024-01-25,CLV24,CLV24,17,1.0,0.0,False,False,0.07487,0.07313,0.023793244906331168,215.58622499,0.0001462573271202583,246.65373617
2024-01-26,CLV24,CLV24,18,1.0,0.0,False,False,0.07546,0.07487,0.007880325898223406,217.2851147,0.0001462573271202583,248.63352291
2024-01-29,CLV24,CLV24,19,1.0,0.0,False,False,0.07454999999999999,0.07546,-0.0120593692022265,214.66479328,0.0004388361581066924,245.74426884
2024-01-30,CLV24,CLV24,20,1.0,0.0,False,False,0.07540999999999999,0.07454999999999999,0.01153588195841726,217.141141,0.0001462573271202583,248.61508762
2024-01-31,CLV24,CLV24,21,1.0,0.0,False,False,0.07374,0.07540999999999999,-0.022145604031295507,212.33241927,0.0001462573271202583,243.14571811
2024-02-01,CLV24,CLV24,1,1.0,0.0,False,False,0.07206,0.07374,-0.022782750203417468,207.4949028,0.0001462573271202583,237.64175179
2024-02-02,CLV24,CLV24,2,1.0,0.0,False,False,0.07089,0.07206,-0.016236469608659543,204.12591812,0.00014653887121385267,233.81811247
2024-02-05,CLV24,CLV24,3,1.0,0.0,False,False,0.07156,0.07089,0.00945126251939632,206.05516576,0.0004396810377103044,236.13079422
2024-02-06,CLV24,CLV24,4,1.0,0.0,False,False,0.0719,0.07156,0.004751257685858157,207.03418695,0.00014653887121385267,237.28731481
2024-02-07,CLV24,CLV24,5,1.0,0.0,False,False,0.07238,0.0719,0.006675938803894166,208.41633451,0.00014653887121385267,238.90620222
2024-02-08,CLV24,CLV24,6,1.0,0.0,False,False,0.07404999999999999,0.07238,0.02307267200884211,213.22505624,0.00014653887121385267,244.45341571
2024-02-09,CLV24,CLV24,7,1.0,0.0,False,False,0.07462,0.07404999999999999,0.007697501688048725,214.86635647,0.00014653887121385267,246.37091822
2024-02-12,CLV24,CLV24,8,1.0,0.0,False,False,0.07467,0.07462,0.0006700616456714048,215.01033017,0.0004396810377103044,246.64432654
2024-02-13,CLV24,CLV24,9,1.0,0.0,False,False,0.07488,0.07467,0.0028123744475694323,215.61501973,0.00014653887121385267,247.37412572
2024-02-14,CLV24,CLV24,10,1.0,0.0,False,False,0.07398,0.07488,-0.012019230769230727,213.02349305,0.00014653887121385267,244.43712894
2024-02-15,CLV24,CLV24,11,1.0,0.0,False,False,0.07472,0.07398,0.010002703433360294,215.15430388,0.00014653887121385267,246.9179806
2024-02-16,CLV24,CLV24,12,1.0,0.0,False,False,0.0752,0.07472,0.0064239828693790635,216.53645144,0.00014653887121385267,248.54036056
2024-02-20,CLV24,CLV24,13,1.0,0.0,False,False,0.0741,0.0752,-0.0146276595744681,213.36902994,0.0005862843392869799,245.05051209
2024-02-21,CLV24,CLV24,14,1.0,0.0,False,False,0.07443999999999999,0.0741,0.004588394062078116,214.34805113,0.00014653887121385267,246.21080983
2024-02-22,CLV24,CLV24,15,1.0,0.0,False,False,0.07489,0.07443999999999999,0.006045137023105829,215.64381447,0.00014653887121385267,247.73526737
2024-02-23,CLV24,CLV24,16,1.0,0.0,False,False,0.07351,0.07489,-0.018427026305247618,211.67014023,0.00014653887121385267,243.20654593
2024-02-26,CLV24,CLV24,17,1.0,0.0,False,False,0.07427,0.07351,0.010338729424568038,213.85854054,0.0004396810377103044,245.82792591
2024-02-27,CLV24,CLV24,18,1.0,0.0,False,False,0.07501999999999999,0.07427,0.0100982900228892,216.01814611,0.00014653887121385267,248.34639095
2024-02-28,CLV24,CLV24,19,1.0,0.0,False,False,0.07459,0.07501999999999999,-0.0057318048520392795,214.77997225,0.00014653887121385267,246.9593103
2024-02-29,CLV24,CLV24,20,1.0,0.0,False,False,0.07423,0.07459,-0.004826384233811543,213.74336158,0.00014653887121385267,245.80357892
2024-03-01,CLV24,CLV24,1,1.0,0.0,False,False,0.07537,0.07423,0.015357672100229092,217.02596204,0.00014653887121385267,249.61456946
2024-03-04,CLV24,CLV24,2,1.0,0.0,False,False,0.0751,0.07537,-0.0035823271858830275,216.24850404,0.0004396810377103044,248.8301192
2024-03-05,CLV24,CLV24,3,1.0,0.0,False,False,0.07439,0.0751,-0.00945406125166448,214.20407744,0.00014653887121385267,246.5141273
2024-03-06,CLV24,CLV24,4,1.0,0.0,False,False,0.07512,0.07439,0.009813146928350669,216.30609352,0.00014653887121385267,248.96933055
2024-03-07,CLV24,CLV24,5,1.0,0.0,False,False,0.07524,0.07512,0.0015974440894568342,216.65163041,0.00014653887121385267,249.40352882
2024-03-08,CLV24,CLV24,6,1.0,0.0,False,False,0.07465000000000001,0.07524,-0.007841573631047205,214.9527407,0.00014653887121385267,247.48436
2024-03-11,CLV24,CLV24,7,1.0,0.0,False,False,0.07495,0.07465000000000001,0.004018754186202234,215.81658293,0.0004396810377103044,248.58775299
2024-03-12,CLV24,CLV24,8,1.0,0.0,False,False,0.07473,0.07495,-0.002935290193462281,215.18309863,0.00014653887121385267,247.89450356
2024-03-13,CLV24,CLV24,9,1.0,0.0,False,False,0.07635,0.07473,0.02167804094741066,219.84784665,0.00014653887121385267,253.30469694
2024-03-14,CLV24,CLV24,10,1.0,0.0,False,False,0.07745,0.07635,0.014407334643091074,223.01526815,0.00014653887121385267,256.99126146
2024-03-15,CLV24,CLV24,11,1.0,0.0,False,False,0.07762000000000001,0.07745,0.0021949644932215406,223.50477875,0.00014653887121385267,257.59300737
2024-03-18,CLV24,CLV24,12,1.0,0.0,False,False,0.07869,0.07762000000000001,0.013785106931203162,226.58581602,0.0004396810377103044,261.25721328
2024-03-19,CLV24,CLV24,13,1.0,0.0,False,False,0.07903,0.07869,0.004320752319227461,227.56483721,0.00014653887121385267,262.42432533
2024-03-20,CLV24,CLV24,14,1.0,0.0,False,False,0.07806,0.07903,-0.012273820068328445,224.77174734,0.00014653887121385267,259.24183174
2024-03-21,CLV24,CLV24,15,1.0,0.0,False,False,0.07805,0.07806,-0.00012810658467854452,224.7429526,0.00014653887121385267,259.24661016
2024-03-22,CLV24,CLV24,16,1.0,0.0,False,False,0.07751000000000001,0.07805,-0.006918641896220157,223.18803659,0.00014653887121385267,257.4909654
2024-03-25,CLV24,CLV24,17,1.0,0.0,False,False,0.07853,0.07751000000000001,0.013159592310669543,226.12510016,0.0004396810377103044,260.99265542
2024-03-26,CLV24,CLV24,18,1.0,0.0,False,False,0.07828,0.07853,-0.003183496752833359,225.40523164,0.00014653887121385267,260.20003172
2024-03-27,CLV24,CLV24,19,1.0,0.0,False,False,0.07812000000000001,0.07828,-0.0020439448134899063,224.94451579,0.00014653887121385267,259.70632664
2024-03-28,CLV24,CLV24,20,1.0,0.0,False,False,0.07929,0.07812000000000001,0.014976958525345418,228.31350047,0.00014653887121385267,263.63399459
2024-04-01,CLV24,CLV24,1,1.0,0.0,False,False,0.07942,0.07929,0.0016395510152604764,228.6878321,0.0005862843392869799,264.22080045
2024-04-02,CLV24,CLV24,2,1.0,0.0,False,False,0.08045000000000001,0.07942,0.012969025434399484,231.65369041,0.00014653887121385267,267.68620535
2024-04-03,CLV24,CLV24,3,1.0,0.0,False,False,0.08106999999999999,0.08045000000000001,0.0077066500932254645,233.43896434,0.00014653887121385267,269.7883957
2024-04-04,CLV24,CLV24,4,1.0,0.0,False,False,0.08212,0.08106999999999999,0.01295177007524373,236.46241213,0.00014653887121385267,273.32216745
2024-04-05,CLV24,CLV24,5,1.0,0.0,False,False,0.08228,0.08212,0.00194836824159772,236.92312798,0.00014653887121385267,273.894752
2024-04-08,CLV24,CLV24,6,1.0,0.0,False,False,0.08184000000000001,0.08228,-0.005347593582887611,235.65615938,0.0004396810377103044,272.55050051
2024-04-09,CLV24,CLV24,7,1.0,0.0,False,False,0.08116,0.08184000000000001,-0.008308895405669814,233.698117,0.00014653887121385267,270.32584615
2024-04-10,CLV24,CLV24,8,1.0,0.0,False,False,0.08197,0.08116,0.009980285855101023,236.03049101,0.00014653887121385267,273.06338861
2024-04-11,CLV24,CLV24,9,1.0,0.0,False,False,0.08137,0.08197,-0.007319751128461727,234.30280656,0.00014653887121385267,271.10464697
2024-04-12,CLV24,CLV24,10,1.0,0.0,False,False,0.08195999999999999,0.08137,0.0072508295440578685,236.00169627,0.00014653887121385267,273.11010792
2024-04-15,CLV24,CLV24,11,1.0,0.0,False,False,0.08183,0.08195999999999999,-0.0015861395802829747,235.62736464,0.0004396810377103044,272.79699851
2024-04-16,CLV24,CLV24,12,1.0,0.0,False,False,0.08192,0.08183,0.0010998411340585879,235.88651731,0.00014653887121385267,273.13700724
2024-04-17,CLV24,CLV24,13,1.0,0.0,False,False,0.07961,0.08192,-0.02819824218750011,229.23493217,0.00014653887121385267,265.47504895
2024-04-18,CLV24,CLV24,14,1.0,0.0,False,False,0.07945,0.07961,-0.00200979776409993,228.77421632,0.00014653887121385267,264.98040021
2024-04-19,CLV24,CLV24,15,1.0,0.0,False,False,0.07937000000000001,0.07945,-0.0010069225928256431,228.54385839,0.00014653887121385267,264.75241538
2024-04-22,CLV24,CLV24,16,1.0,0.0,False,False,0.07897,0.07937000000000001,-0.0050396875393726726,227.39206875,0.0004396810377103044,263.53455254
2024-04-23,CLV24,CLV24,17,1.0,0.0,False,False,0.08006,0.07897,0.013802709889831677,230.53069551,0.00014653887121385267,267.21066157
2024-04-24,CLV24,CLV24,18,1.0,0.0,False,False,0.07981,0.08006,-0.003122658006495138,229.81082699,0.00014653887121385267,266.41541081
2024-04-25,CLV24,CLV24,19,1.0,0.0,False,False,0.08028,0.07981,0.005888986342563518,231.16417981,0.00014653887121385267,268.02336774
2024-04-26,CLV24,CLV24,20,1.0,0.0,False,False,0.08073999999999999,0.08028,0.005729945191828456,232.48873789,0.00014653887121385267,269.59840279
2024-04-29,CLV24,CLV24,21,1.0,0.0,False,False,0.07992,0.08073999999999999,-0.01015605647758222,230.12756914,0.0004396810377103044,266.97888349
2024-04-30,CLV24,CLV24,22,1.0,0.0,False,False,0.07920999999999999,0.07992,-0.008883883883884058,228.08314254,0.00014653887121385267,264.64619688
2024-05-01,CLV24,CLV24,1,1.0,0.0,False,False,0.07659,0.07920999999999999,-0.033076631738416684,220.53892043,0.00014653887121385267,255.93137304
2024-05-02,CLV24,CLV24,2,1.0,0.0,False,False,0.07678,0.07659,0.0024807416111762848,221.08602051,0.00014682042259894779,256.6038486
2024-05-03,CLV24,CLV24,3,1.0,0.0,False,False,0.07636,0.07678,-0.005470174524615845,219.87664139,0.00014682042259894779,255.23785545
2024-05-06,CLV24,CLV24,4,1.0,0.0,False,False,0.07676999999999999,0.07636,0.005369303300157169,221.05722577,0.0004405259396711436,256.72074381
2024-05-07,CLV24,CLV24,5,1.0,0.0,False,False,0.07676000000000001,0.07676999999999999,-0.00013025921583931233,221.02843103,0.00014682042259894779,256.72499542
2024-05-08,CLV24,CLV24,6,1.0,0.0,False,False,0.07697,0.07676000000000001,0.0027357998957788787,221.63312059,0.00014682042259894779,257.46503611
2024-05-09,CLV24,CLV24,7,1.0,0.0,False,False,0.07720999999999999,0.07697,0.003118097960244093,222.32419437,0.00014682042259894779,258.30563844
2024-05-10,CLV24,CLV24,8,1.0,0.0,False,False,0.07640000000000001,0.07720999999999999,-0.01049086905841179,219.99182036,0.00014682042259894779,255.63371235
2024-05-13,CLV24,CLV24,9,1.0,0.0,False,False,0.07696,0.07640000000000001,0.007329842931937058,221.60432585,0.0004405259396711436,257.62008059
2024-05-14,CLV24,CLV24,10,1.0,0.0,False,False,0.07615999999999999,0.07696,-0.010395010395010562,219.30074658,0.00014682042259894779,254.97994106
2024-05-15,CLV24,CLV24,11,1.0,0.0,False,False,0.07658,0.07615999999999999,0.005514705882353033,220.5101257,0.00014682042259894779,256.42351671
2024-05-16,CLV24,CLV24,12,1.0,0.0,False,False,0.07717,0.07658,0.007704361452076425,222.20901541,0.00014682042259894779,258.43674437
2024-05-17,CLV24,CLV24,13,1.0,0.0,False,False,0.07801000000000001,0.07717,0.010885058960736105,224.62777364,0.00014682042259894779,261.28778736
2024-05-20,CLV24,CLV24,14,1.0,0.0,False,False,0.07787999999999999,0.07801000000000001,-0.0016664530188439386,224.25344201,0.0004405259396711436,260.96746759
2024-05-21,CLV24,CLV24,15,1.0,0.0,False,False,0.07731,0.07787999999999999,-0.007318952234206311,222.61214178,0.00014682042259894779,259.09577451
2024-05-22,CLV24,CLV24,16,1.0,0.0,False,False,0.07612999999999999,0.07731,-0.015263225973354166,219.21436236,0.00014682042259894779,255.17917771
2024-05-23,CLV24,CLV24,17,1.0,0.0,False,False,0.0755,0.07612999999999999,-0.008275318534086362,217.40029368,0.00014682042259894779,253.10495424
2024-05-24,CLV24,CLV24,18,1.0,0.0,False,False,0.07612999999999999,0.0755,0.008344370860926986,219.21436236,0.00014682042259894779,255.25411683
2024-05-28,CLV24,CLV24,19,1.0,0.0,False,False,0.07823999999999999,0.07612999999999999,0.027715749376067356,225.29005269,0.0005874110404746613,262.47861505
2024-05-29,CLV24,CLV24,20,1.0,0.0,False,False,0.07781,0.07823999999999999,-0.00549591002044969,224.05187883,0.00014682042259894779,261.07459342
2024-05-30,CLV24,CLV24,21,1.0,0.0,False,False,0.07665999999999999,0.07781,-0.014779591312170881,220.74048363,0.00014682042259894779,257.25434871
2024-05-31,CLV24,CLV24,22,1.0,0.0,False,False,0.07598999999999999,0.07665999999999999,-0.00873989042525447,218.81123599,0.00014682042259894779,255.04374408
2024-06-03,CLV24,CLV24,1,1.0,0.0,False,False,0.0735,0.07598999999999999,-0.032767469403868876,211.64134551,0.0004405259396711436,246.79895938
2024-06-04,CLV24,CLV24,2,1.0,0.0,False,False,0.07235,0.0735,-0.01564625850340129,208.32995031,0.00014682042259894779,242.97371419
2024-06-05,CLV24,CLV24,3,1.0,0.0,False,False,0.07293000000000001,0.07235,0.008016586040083151,210.00004528,0.00014682042259894779,244.95720738
2024-06-06,CLV24,CLV24,4,1.0,0.0,False,False,0.07429000000000001,0.07293000000000001,0.018648018648018683,213.91613004,0.00014682042259894779,249.56113867
2024-06-07,CLV24,CLV24,5,1.0,0.0,False,False,0.07432,0.07429000000000001,0.00040382285637341475,214.00251426,0.00014682042259894779,249.69855783
2024-06-10,CLV24,CLV24,6,1.0,0.0,False,False,0.07625,0.07432,0.02596878363832089,219.55989925,0.0004405259396711436,256.29292434
2024-06-11,CLV24,CLV24,7,1.0,0.0,False,False,0.07654000000000001,0.07625,0.0038032786885247027,220.39494674,0.00014682042259894779,257.3053068
2024-06-12,CLV24,CLV24,8,1.0,0.0,False,False,0.07712999999999999,0.07654000000000001,0.007708387771099723,222.09383645,0.00014682042259894779,259.32649355
2024-06-13,CLV24,CLV24,9,1.0,0.0,False,False,0.07731,0.07712999999999999,0.00233372228704809,222.61214179,0.00014682042259894779,259.969764
2024-06-14,CLV24,CLV24,10,1.0,0.0,False,False,0.07698,0.07731,-0.004268529297632884,221.66191534,0.00014682042259894779,258.89824432
2024-06-17,CLV24,CLV24,11,1.0,0.0,False,False,0.07826999999999999,0.07698,0.016757599376461263,225.37643691,0.0004405259396711436,263.35080876
2024-06-18,CLV24,CLV24,12,1.0,0.0,False,False,0.07923000000000001,0.07826999999999999,0.012265235722499268,228.14073203,0.00014682042259894779,266.61953378
2024-06-20,CLV24,CLV24,13,1.0,0.0,False,False,0.07967,0.07923000000000001,0.005553451975261803,229.40770063,0.00029366240143424704,268.17848869
2024-06-21,CLV24,CLV24,14,1.0,0.0,False,False,0.07915000000000001,0.07967,-0.006526923559683651,227.9103741,0.00014682042259894779,266.46748227
2024-06-24,CLV24,CLV24,15,1.0,0.0,False,False,0.08006,0.07915000000000001,0.011497157296272764,230.53069552,0.0004405259396711436,269.64848667
2024-06-25,CLV24,CLV24,16,1.0,0.0,False,False,0.07931999999999999,0.08006,-0.009243067699225782,228.39988469,0.00014682042259894779,267.19569735
2024-06-26,CLV24,CLV24,17,1.0,0.0,False,False,0.07948000000000001,0.07931999999999999,0.0020171457387798686,228.86060054,0.00014682042259894779,267.77389979
2024-06-27,CLV24,CLV24,18,1.0,0.0,False,False,0.07998000000000001,0.07948000000000001,0.0062908907901357836,230.30033758,0.00014682042259894779,269.49775082
2024-06-28,CLV24,CLV24,19,1.0,0.0,False,False,0.07976000000000001,0.07998000000000001,-0.002750687671917995,229.66685328,0.00014682042259894779,268.79601445
2024-07-01,CLV24,CLV24,1,1.0,0.0,False,False,0.08133,0.07976000000000001,0.01968405215646918,234.1876276,0.0004405259396711436,274.20542084
2024-07-02,CLV24,CLV24,2,1.0,0.0,False,False,0.08103,0.08133,-0.0036886757654001068,233.32378537,0.00014541273858625914,273.23383891
2024-07-03,CLV24,CLV24,3,1.0,0.0,False,False,0.08213,0.08103,0.013575219054670962,236.49120687,0.00014541273858625914,276.98277981
2024-07-05,CLV24,CLV24,4,1.0,0.0,False,False,0.08137,0.08213,-0.009253622306100051,234.30280656,0.00029084662203704426,274.50024528
2024-07-08,CLV24,CLV24,5,1.0,0.0,False,False,0.08069,0.08137,-0.00835688828806691,232.34476418,0.00043630165342722904,272.32604231
2024-07-09,CLV24,CLV24,6,1.0,0.0,False,False,0.07970999999999999,0.08069,-0.012145247242533297,229.52287957,0.00014541273858625914,269.05817487
2024-07-10,CLV24,CLV24,7,1.0,0.0,False,False,0.08006999999999999,0.07970999999999999,0.004516371847948841,230.55949024,0.00014541273858625914,270.31246612
2024-07-11,CLV24,CLV24,8,1.0,0.0,False,False,0.08026000000000001,0.08006999999999999,0.0023729236917700014,231.10659032,0.00014541273858625914,270.99320385
2024-07-12,CLV24,CLV24,9,1.0,0.0,False,False,0.07995999999999999,0.08026000000000001,-0.0037378519810618016,230.24274809,0.00014541273858625914,270.01967723
2024-07-15,CLV24,CLV24,10,1.0,0.0,False,False,0.07977,0.07995999999999999,-0.002376188094046938,229.69564801,0.00043630165342722904,269.49586972
2024-07-16,CLV24,CLV24,11,1.0,0.0,False,False,0.07867,0.07977,-0.01378964523003623,226.52822651,0.00014541273858625914,265.81880541
2024-07-17,CLV24,CLV24,12,1.0,0.0,False,False,0.08006,0.07867,0.017668742849879182,230.53069549,0.00014541273858625914,270.55414297
2024-07-18,CLV24,CLV24,13,1.0,0.0,False,False,0.07995999999999999,0.08006,-0.0012490632025982107,230.24274808,0.00014541273858625914,270.25554576
2024-07-19,CLV24,CLV24,14,1.0,0.0,False,False,0.07748000000000001,0.07995999999999999,-0.031015507753876737,223.10165234,0.00014541273858625914,261.91273138
2024-07-22,CLV24,CLV24,15,1.0,0.0,False,False,0.07733,0.07748000000000001,-0.0019359834796077724,222.66973123,0.00043630165342722904,261.51994562
2024-07-23,CLV24,CLV24,16,1.0,0.0,False,False,0.07592,0.07733,-0.018233544549333902,218.60967277,0.00014541273858625914,256.78953838
2024-07-24,CLV24,CLV24,17,1.0,0.0,False,False,0.07658,0.07592,0.008693361433087299,220.51012567,0.00014541273858625914,259.05924312
2024-07-25,CLV24,CLV24,18,1.0,0.0,False,False,0.07711,0.07658,0.006920867067119474,222.03624694,0.00014541273858625914,260.88982822
2024-07-26,CLV24,CLV24,19,1.0,0.0,False,False,0.076,0.07711,-0.014395020101154232,218.8400307,0.00014541273858625914,257.1722506
2024-07-29,CLV24,CLV24,20,1.0,0.0,False,False,0.07479999999999999,0.076,-0.015789473684210575,215.38466179,0.00043630165342722904,253.22384079
2024-07-30,CLV24,CLV24,21,1.0,0.0,False,False,0.07388,0.07479999999999999,-0.012299465240641627,212.73554563,0.00014541273858625914,250.14614494
2024-07-31,CLV24,CLV24,22,1.0,0.0,False,False,0.07684,0.07388,0.040064970221981744,221.25878893,0.00014541273858625914,260.20461722
2024-08-01,CLV24,CLV24,1,1.0,0.0,False,False,0.07540000000000001,0.07684,-0.01874023945861525,217.11234624,0.00014541273858625914,255.36615745
2024-08-02,CLV24,CLV24,2,1.0,0.0,False,False,0.07259,0.07540000000000001,-0.037267904509283856,209.02102405,0.0001411907798891665,245.88525122
2024-08-05,CLV24,CLV24,3,1.0,0.0,False,False,0.0722,0.07259,-0.005372640859622524,207.89802916,0.0004236321469912596,244.66836297
2024-08-06,CLV24,CLV24,4,1.0,0.0,False,False,0.07234,0.0722,0.0019390581717451116,208.30115553,0.0001411907798891665,245.17733407
2024-08-07,CLV24,CLV24,5,1.0,0.0,False,False,0.07417,0.07234,0.025297207630633034,213.57059311,0.0001411907798891665,251.41425277
2024-08-08,CLV24,CLV24,6,1.0,0.0,False,False,0.07504000000000001,0.07417,0.011729809896184662,216.07573557,0.0001411907798891665,254.39879154
2024-08-09,CLV24,CLV24,7,1.0,0.0,False,False,0.07561,0.07504000000000001,0.007595948827291865,217.7170358,0.0001411907798891665,256.36711051
2024-08-12,CLV24,CLV24,8,1.0,0.0,False,False,0.07845999999999999,0.07561,0.03769342679539722,225.92353695,0.0004236321469912596,266.13907077
2024-08-13,CLV24,CLV24,9,1.0,0.0,False,False,0.0768,0.07845999999999999,-0.021157277593678248,221.14360996,0.0001411907798891665,260.54586895
2024-08-14,CLV24,CLV24,10,1.0,0.0,False,False,0.07584,0.0768,-0.012499999999999845,218.37931484,0.0001411907798891665,257.32583227
2024-08-15,CLV24,CLV24,11,1.0,0.0,False,False,0.07698999999999999,0.07584,0.015163502109704519,221.69071004,0.0001411907798891665,261.2641251
2024-08-16,CLV24,CLV24,12,1.0,0.0,False,False,0.07554000000000001,0.07698999999999999,-0.018833614755162764,217.51547261,0.0001411907798891665,256.3804653
2024-08-19,CLV24,CLV24,13,1.0,0.0,False,False,0.07366,0.07554000000000001,-0.024887476833465816,212.10206132,0.0004236321469912596,250.10841341
2024-08-20,CLV24,CLV24,14,1.0,0.0,False,False,0.07317,0.07366,-0.006652185718164616,210.69111902,0.0001411907798891665,248.4799588
2024-08-21,CLV24,CLV24,15,1.0,0.0,False,False,0.07193000000000001,0.07317,-0.0169468361350279,207.12057115,0.0001411907798891665,244.30409273
2024-08-22,CLV24,CLV24,16,1.0,0.0,False,False,0.07301,0.07193000000000001,0.015014597525371931,210.23040317,0.0001411907798891665,248.00671385
2024-08-23,CLV24,CLV24,17,1.0,0.0,False,False,0.07483,0.07301,0.024928092042185934,215.47104601,0.0001411907798891665,254.2240643
2024-08-26,CLV24,CLV24,18,1.0,0.0,False,False,0.07742,0.07483,0.034611786716557624,222.9288839,0.0004236321469912596,263.13091088
2024-08-27,CLV24,CLV24,19,1.0,0.0,False,False,0.07553,0.07742,-0.0244122965641953,217.48667787,0.0001411907798891665,256.7444327
2024-08-28,CLV24,CLV24,20,1.0,0.0,False,False,0.07452,0.07553,-0.013372169998675965,214.57840904,0.0001411907798891665,253.34745245
2024-08-29,CLV24,CLV24,21,1.0,0.0,False,False,0.07590999999999999,0.07452,0.01865271068169605,218.58087802,0.0001411907798891665,258.1088395
2024-08-30,CLV24,CLV24,22,1.0,0.0,False,False,0.07354999999999999,0.07590999999999999,-0.031089448030562572,211.78531917,0.0001411907798891665,250.12082073
2024-09-03,CLV24,CLX24,1,1.0,0.0,False,True,0.07034,0.07354999999999999,-0.04364377974167222,202.54220735,0.0005648827398336831,239.34589166
2024-09-04,CLV24,CLX24,2,1.0,0.0,False,True,0.0692,0.07034,-0.0162069945976685,199.25960689,0.0001321894110604127,235.49845308
2024-09-05,CLV24,CLX24,3,1.0,0.0,False,True,0.06915,0.0692,-0.0007225433526010239,199.11563319,0.0001321894110604127,235.35942565
2024-09-06,CLV24,CLX24,4,1.0,0.0,False,True,0.06767000000000001,0.06915,-0.021402747650036136,194.85401154,0.0001321894110604127,230.35319928
2024-09-09,CLV24,CLX24,5,1.0,0.0,False,True,0.06871,0.06767000000000001,0.015368701049209177,197.84866459,0.00039662065761247867,233.98479157
2024-09-10,CLV24,CLX24,6,0.8,0.2,False,True,0.06575,0.06871,-0.04307960995488269,189.32542129,0.0001321894110604127,223.93574833
2024-09-11,CLV24,CLX24,7,0.6,0.4,False,True,0.067168,0.065628,0.023465593953800212,193.76805475,0.0001321894110604127,229.22013561
2024-09-12,CLV24,CLX24,8,0.3999999999999999,0.6000000000000001,False,True,0.06864200000000001,0.067026,0.024110046847492184,198.43981163,0.0001321894110604127,234.7769443
2024-09-13,CLV24,CLX24,9,0.19999999999999996,0.8,False,True,0.06811,0.06847800000000001,-0.005373988726306345,197.37339832,0.0001321894110604127,233.54629067
2024-09-16,CLV24,CLX24,10,0.0,1.0,False,True,0.069234,0.06793,0.019196231414691622,201.16222375,0.00039662065761247867,238.1221286
2024-09-17,CLV24,CLX24,11,0.0,1.0,False,True,0.06996,0.06902,0.013619240799768173,203.90190052,0.0001321894110604127,241.39664844
2024-09-18,CLV24,CLX24,12,0.0,1.0,False,True,0.06988,0.06996,-0.0011435105774727505,203.66873654,0.0001321894110604127,241.1525189
2024-09-19,CLV24,CLX24,13,0.0,1.0,False,True,0.07116,0.06988,0.018317115054379052,207.39936022,0.0001321894110604127,245.60161514
2024-09-20,CLV24,CLX24,14,0.0,1.0,False,True,0.071,0.07116,-0.0022484541877459963,206.93303226,0.0001321894110604127,245.08185709
2024-09-23,CLV24,CLX24,15,0.0,1.0,False,True,0.07037,0.071,-0.008873239436619551,205.09686592,0.00039662065761247867,243.00439162
2024-09-24,CLV24,CLX24,16,0.0,1.0,False,True,0.07156,0.07037,0.016910615319027933,208.56518012,0.0001321894110604127,247.14586801
2024-09-25,CLV24,CLX24,17,0.0,1.0,False,True,0.06969,0.07156,-0.026131917272219085,203.11497209,0.0001321894110604127,240.7201427
2024-09-26,CLV24,CLX24,18,0.0,1.0,False,True,0.06767000000000001,0.06969,-0.02898550724637672,197.22758159,0.0001321894110604127,233.77456791
2024-09-27,CLV24,CLX24,19,0.0,1.0,False,True,0.06818,0.06767000000000001,0.007536574552977626,198.71400196,0.0001321894110604127,235.56732989
2024-09-30,CLV24,CLX24,20,0.0,1.0,False,True,0.06817000000000001,0.06818,-0.0001466705778819799,198.68485646,0.00039662065761247867,235.62620996
2024-10-01,CLX24,CLZ24,1,1.0,0.0,False,True,0.06983,0.06817000000000001,0.024350887487164297,203.52300905,0.0001321894110604127,241.39506458
2024-10-02,CLX24,CLZ24,2,1.0,0.0,False,True,0.0701,0.06983,0.0038665330087352956,204.30993748,0.0001262863107172052,242.35891145
2024-10-03,CLX24,CLZ24,3,1.0,0.0,False,True,0.07371,0.0701,0.051497860199714696,214.83146208,0.0001262863107172052,254.87048341
2024-10-04,CLX24,CLZ24,4,1.0,0.0,False,True,0.07438,0.07371,0.009089675756342563,216.78421041,0.0001262863107172052,257.21936011
2024-10-07,CLX24,CLZ24,5,1.0,0.0,False,True,0.07714,0.07438,0.03710674912610923,224.82836772,0.0003789067788626532,266.86139653
2024-10-08,CLX24,CLZ24,6,0.8,0.2,False,True,0.07357,0.07714,-0.04627949183303093,214.42342511,0.0001262863107172052,254.54488765
2024-10-09,CLX24,CLZ24,7,0.6,0.4,False,True,0.07311000000000001,0.073452,-0.004656101944126689,213.42504778,0.0001262863107172052,253.39184623
2024-10-10,CLX24,CLZ24,8,0.3999999999999999,0.6000000000000001,False,True,0.07555400000000001,0.07298,0.0352699369690328,220.95253576,0.0001262863107172052,262.36096059
2024-10-11,CLX24,CLZ24,9,0.19999999999999996,0.8,False,True,0.075134,0.075406,-0.0036071400153833144,220.15552903,0.0001262863107172052,261.44772047
2024-10-14,CLX24,CLZ24,10,0.0,1.0,False,True,0.073358,0.074992,-0.02178899082568808,215.35856223,0.0003789067788626532,255.8501028
2024-10-15,CLX24,CLZ24,11,0.0,1.0,False,True,0.07001,0.07324,-0.04410158383397045,205.86090854,0.0001262863107172052,244.5990184
2024-10-16,CLX24,CLZ24,12,0.0,1.0,False,True,0.06982,0.07001,-0.002713898014569449,205.30222303,0.0001262863107172052,243.96609112
2024-10-17,CLX24,CLZ24,13,0.0,1.0,False,True,0.07009,0.06982,0.0038670867946148935,206.09614455,0.0001262863107172052,244.94033875
2024-10-18,CLX24,CLZ24,14,0.0,1.0,False,True,0.06869,0.07009,-0.01997431873305744,201.97951447,0.0001262863107172052,240.07875497
2024-10-21,CLX24,CLZ24,15,0.0,1.0,False,True,0.07004,0.06869,0.019653515795603482,205.94912205,0.0003789067788626532,244.88811404
2024-10-22,CLX24,CLZ24,16,0.0,1.0,False,True,0.07174,0.07004,0.024271844660194164,210.94788715,0.0001262863107172052,250.86292632
2024-10-23,CLX24,CLZ24,17,0.0,1.0,False,True,0.07077,0.07174,-0.013521048229718446,208.09565059,0.0001262863107172052,247.50267714
2024-10-24,CLX24,CLZ24,18,0.0,1.0,False,True,0.07019,0.07077,-0.008195563091705438,206.39018956,0.0001262863107172052,245.50550954
2024-10-25,CLX24,CLZ24,19,0.0,1.0,False,True,0.07178,0.07019,0.022652799544094604,211.06550515,0.0001262863107172052,251.09790062
2024-10-28,CLX24,CLZ24,20,0.0,1.0,False,True,0.06738,0.07178,-0.06129841181387574,198.1275249,0.0003789067788626532,235.8011408
2024-10-29,CLX24,CLZ24,21,0.0,1.0,False,True,0.06720999999999999,0.06738,-0.0025230038587118475,197.62764839,0.0001262863107172052,235.23599207
2024-10-30,CLX24,CLZ24,22,0.0,1.0,False,True,0.06861,0.06720999999999999,0.020830233596191183,201.74427847,0.0001262863107172052,240.16571982
2024-10-31,CLX24,CLZ24,23,0.0,1.0,False,True,0.06926,0.06861,0.009473837632998139,203.65557101,0.0001262863107172052,242.4713405
2024-11-01,CLZ24,CLF25,1,1.0,0.0,False,True,0.06949,0.06926,0.003320820098180688,204.33187452,0.0001262863107172052,243.30716501
2024-11-04,CLZ24,CLF25,2,1.0,0.0,False,True,0.07147,0.06949,0.028493308389696548,210.15396563,0.0003704750515676203,250.32993033
2024-11-05,CLZ24,CLF25,3,1.0,0.0,False,True,0.07199,0.07147,0.007275780047572233,211.68299966,0.0001234764367978869,252.18218569
2024-11-06,CLZ24,CLF25,4,1.0,0.0,False,True,0.07169,0.07199,-0.004167245450756973,210.80086464,0.0001234764367978869,251.16241918
2024-11-07,CLZ24,CLF25,5,1.0,0.0,False,True,0.07236,0.07169,0.009345794392523255,212.77096618,0.0001234764367978869,253.54074415
2024-11-08,CLZ24,CLF25,6,0.8,0.2,False,True,0.07038,0.07236,-0.02736318407960192,206.94887507,0.0001234764367978869,246.63436841
2024-11-11,CLZ24,CLF25,7,0.6,0.4,False,True,0.06801600000000001,0.070326,-0.03284702670420603,200.15121984,0.0003704750515676203,238.6245346
2024-11-12,CLZ24,CLF25,8,0.3999999999999999,0.6000000000000001,False,True,0.06806000000000001,0.067992,0.0010001176609013562,200.35139461,0.0001234764367978869,238.89265172
2024-11-13,CLZ24,CLF25,9,0.19999999999999996,0.8,False,True,0.068328,0.06803000000000001,0.004380420402763319,201.22901795,0.0001234764367978869,239.96859958
2024-11-14,CLZ24,CLF25,10,0.0,1.0,False,True,0.06856400000000001,0.06829400000000001,0.003953495182593025,202.0245759,0.0001234764367978869,240.94694475
2024-11-15,CLZ24,CLF25,11,0.0,1.0,False,True,0.06692000000000001,0.06853000000000001,-0.023493360572012234,197.27833969,0.0001234764367978869,235.31604256
2024-11-18,CLZ24,CLF25,12,0.0,1.0,False,True,0.06917,0.06692000000000001,0.03362223550508059,203.91127849,0.0003704750515676203,243.31507269
2024-11-19,CLZ24,CLF25,13,0.0,1.0,False,True,0.06924,0.06917,0.0010119994217145933,204.11763659,0.0001234764367978869,243.59135109
2024-11-20,CLZ24,CLF25,14,0.0,1.0,False,True,0.06875,0.06924,-0.007076834199884363,202.67312992,0.0001234764367978869,241.89757328
2024-11-21,CLZ24,CLF25,15,0.0,1.0,False,True,0.0701,0.06875,0.019636363636363452,206.6528932,0.0001234764367978869,246.67743064
2024-11-22,CLZ24,CLF25,16,0.0,1.0,False,True,0.07124,0.0701,0.01626248216833104,210.01358219,0.0001234764367978869,250.71947681
2024-11-25,CLZ24,CLF25,17,0.0,1.0,False,True,0.06894,0.07124,-0.03228523301515995,203.23324475,0.0003704750515676203,242.71782539
2024-11-26,CLZ24,CLF25,18,0.0,1.0,False,True,0.06877,0.06894,-0.0024659123875834243,202.73208937,0.0001234764367978869,242.14927442
2024-11-27,CLZ24,CLF25,19,0.0,1.0,False,True,0.06872,0.06877,-0.0007270612185544811,202.58469073,0.0001234764367978869,242.0031168
2024-11-29,CLZ24,CLF25,20,0.0,1.0,False,True,0.068,0.06872,-0.010477299185098876,200.46215031,0.0002469681200263363,239.52734479
2024-12-02,CLF25,CLG25,1,1.0,0.0,False,True,0.0681,0.068,0.0014705882352938904,200.75694759,0.0003704750515676203,239.96832979
2024-12-03,CLF25,CLG25,2,1.0,0.0,False,True,0.06994,0.0681,0.027019089574155775,206.18121754,0.0001195438330729992,246.48074232
2024-12-04,CLF25,CLG25,3,1.0,0.0,False,True,0.06854,0.06994,-0.020017157563625987,202.05405562,0.0001195438330729992,241.57636372
2024-12-05,CLF25,CLG25,4,1.0,0.0,False,True,0.0683,0.06854,-0.0035016049022469353,201.34654215,0.0001195438330729992,240.75933771
2024-12-06,CLF25,CLG25,5,1.0,0.0,False,True,0.06720000000000001,0.0683,-0.016105417276720213,198.10377207,0.0001195438330729992,236.91058941
2024-12-09,CLF25,CLG25,6,0.8,0.2,False,True,0.06837,0.06720000000000001,0.017410714285714057,201.55290024,0.0003586743731114339,241.12034575
2024-12-10,CLF25,CLG25,7,0.6,0.4,False,True,0.068526,0.068314,0.003103317036039499,202.17838279,0.0001195438330729992,241.89744308
2024-12-11,CLF25,CLG25,8,0.3999999999999999,0.6000000000000001,False,True,0.070122,0.068462,0.02424702754812902,207.08060761,0.0001195438330729992,247.7916544
2024-12-12,CLF25,CLG25,9,0.19999999999999996,0.8,False,True,0.069804,0.070038,-0.003341043433564561,206.38874231,0.0001195438330729992,246.99339369
2024-12-13,CLF25,CLG25,10,0.0,1.0,False,True,0.07091399999999999,0.069732,0.016950610910342334,209.88715758,0.0001195438330729992,251.20960914
2024-12-16,CLF25,CLG25,11,0.0,1.0,False,True,0.07029,0.07082,-0.007483761649251464,208.31641212,0.0003586743731114339,249.41971875
2024-12-17,CLF25,CLG25,12,0.0,1.0,False,True,0.06965,0.07029,-0.009105135865699276,206.41966288,0.0001195438330729992,247.17853491
2024-12-18,CLF25,CLG25,13,0.0,1.0,False,True,0.07002,0.06965,0.0053122756640344715,207.51622103,0.0001195438330729992,248.52116409
2024-12-19,CLF25,CLG25,14,0.0,1.0,False,True,0.06938,0.07002,-0.009140245644101763,205.61947179,0.0001195438330729992,246.27932877
2024-12-20,CLF25,CLG25,15,0.0,1.0,False,True,0.06946,0.06938,0.0011530700490054446,205.85656544,0.0001195438330729992,246.59274726
2024-12-23,CLF25,CLG25,16,0.0,1.0,False,True,0.06924,0.06946,-0.0031672905269219953,205.20455789,0.0003586743731114339,245.90016289
2024-12-24,CLF25,CLG25,17,0.0,1.0,False,True,0.0701,0.06924,0.012420566146736034,207.75331467,0.0001195438330729992,248.98377797
2024-12-26,CLF25,CLG25,18,0.0,1.0,False,True,0.06962,0.0701,-0.006847360912981326,206.33075274,0.00023910195687393276,247.33842869
2024-12-27,CLF25,CLG25,19,0.0,1.0,False,True,0.0706,0.06962,0.014076414823326555,209.23515001,0.0001195438330729992,250.8496348
2024-12-30,CLF25,CLG25,20,0.0,1.0,False,True,0.07099,0.0706,0.005524079320113229,210.39098158,0.0003586743731114339,252.32532142
2024-12-31,CLF25,CLG25,21,0.0,1.0,False,True,0.07099,0.07099,0.0,210.39098158,0.0001195438330729992,252.35548536
2025-01-02,CLG25,CLH25,1,1.0,0.0,False,True,0.07313,0.07099,0.030145090857867318,216.73323684,0.00023910195687393276,260.02310309
2025-01-03,CLG25,CLH25,2,1.0,0.0,False,True,0.07396,0.07313,0.011349651305893493,219.1930835,0.00011757806457302067,263.00484765
2025-01-06,CLG25,CLH25,3,1.0,0.0,False,True,0.07356,0.07396,-0.005408328826392639,218.00761523,0.00035277566914859726,261.67521266
2025-01-07,CLG25,CLH25,4,1.0,0.0,False,True,0.07425,0.07356,0.009380097879282179,220.052548,0.00011757806457302067,264.16051903
2025-01-08,CLG25,CLH25,5,1.0,0.0,False,True,0.07332,0.07425,-0.012525252525252495,217.29633427,0.00011757806457302067,260.88290131
2025-01-09,CLG25,CLH25,6,0.8,0.2,False,True,0.07392,0.07332,0.008183306055646433,219.07453668,0.00011757806457302067,263.04846005
2025-01-10,CLG25,CLH25,7,0.6,0.4,False,True,0.076406,0.073784,0.03553615960099754,226.85960438,0.00011757806457302067,272.42712084
2025-01-13,CLG25,CLH25,8,0.3999999999999999,0.6000000000000001,False,True,0.07821199999999999,0.076242,0.025838776527373097,232.721379,0.00035277566914859726,279.56240999
2025-01-14,CLG25,CLH25,9,0.19999999999999996,0.8,False,True,0.076822,0.07790799999999999,-0.013939518406325235,229.47735505,0.00011757806457302067,275.69831503
2025-01-15,CLG25,CLH25,10,0.0,1.0,False,True,0.07897599999999999,0.07659600000000001,0.03107211864849302,236.60770265,0.00011757806457302067,284.29726186
2025-01-16,CLG25,CLH25,11,0.0,1.0,False,True,0.07784999999999999,0.07870999999999999,-0.010926184728751065,234.02248318,0.00011757806457302067,281.22440458
2025-01-17,CLG25,CLH25,12,0.0,1.0,False,True,0.07739,0.07784999999999999,-0.005908798972382612,232.63969137,0.00011757806457302067,279.59577193
2025-01-21,CLG25,CLH25,13,0.0,1.0,False,True,0.07583,0.07739,-0.020157643106344603,227.9502235,0.00047039521240210824,274.09130066
2025-01-22,CLG25,CLH25,14,0.0,1.0,False,True,0.07544,0.07583,-0.00514308321244894,226.77785653,0.00011757806457302067,272.71385341
2025-01-23,CLG25,CLH25,15,0.0,1.0,False,True,0.07462,0.07544,-0.01086956521739113,224.31287983,0.00011757806457302067,269.78163756
2025-01-24,CLG25,CLH25,16,0.0,1.0,False,True,0.07465999999999999,0.07462,0.0005360493165369462,224.4331226,0.00011757806457302067,269.95797423
2025-01-27,CLG25,CLH25,17,0.0,1.0,False,True,0.07317,0.07465999999999999,-0.01995713903027041,219.95407957,0.00035277566914859726,264.66562001
2025-01-28,CLG25,CLH25,18,0.0,1.0,False,True,0.07377,0.07317,0.00820008200082012,221.75772106,0.00011757806457302067,266.86701867
2025-01-29,CLG25,CLH25,19,0.0,1.0,False,True,0.07262,0.07377,-0.01558899281550763,218.30074154,0.00011757806457302067,262.73820834
2025-01-30,CLG25,CLH25,20,0.0,1.0,False,True,0.07273,0.07262,0.001514734232993753,218.63140915,0.00011757806457302067,263.16707915
2025-01-31,CLG25,CLH25,21,0.0,1.0,False,True,0.07253,0.07273,-0.002749896878867175,218.03019532,0.00011757806457302067,262.4743395
2025-02-03,CLH25,CLU25,1,1.0,0.0,False,True,0.07316,0.07253,0.008686060940300555,219.92401888,0.00035277566914859726,264.84680216
2025-02-04,CLH25,CLU25,2,1.0,0.0,False,True,0.0727,0.07316,-0.006287588846364156,218.54122707,0.00011785886688198133,263.2127689
2025-02-05,CLH25,CLU25,3,1.0,0.0,False,True,0.07103,0.0727,-0.022971114167812945,213.52109159,0.00011785886688198133,257.19750029
2025-02-06,CLH25,CLU25,4,1.0,0.0,False,True,0.07061,0.07103,-0.005912994509362113,212.25854255,0.00011785886688198133,255.70700589
2025-02-07,CLH25,CLU25,5,1.0,0.0,False,True,0.071,0.07061,0.005523296983430015,213.43090952,0.00011785886688198133,257.14948896
2025-02-10,CLH25,CLU25,6,0.8,0.2,False,True,0.07232,0.071,0.018591549295774668,217.3989208,0.0003536182744208194,262.02122912
2025-02-11,CLH25,CLU25,7,0.6,0.4,False,True,0.07286000000000001,0.071838,0.014226453965867858,220.49173654,0.00011785886688198133,265.7797436
2025-02-12,CLH25,CLU25,8,0.3999999999999999,0.6000000000000001,False,True,0.070634,0.07239999999999999,-0.02439226519337001,215.11344363,0.00011785886688198133,259.32809811
2025-02-13,CLH25,CLU25,9,0.19999999999999996,0.8,False,True,0.070138,0.070266,-0.0018216491617566444,214.72158241,0.00011785886688198133,258.88625742
2025-02-14,CLH25,CLU25,10,0.0,1.0,False,True,0.069548,0.069754,-0.0029532356567365525,214.08745898,0.00011785886688198133,258.15221734
2025-02-18,CLH25,CLU25,11,0.0,1.0,False,True,0.06997,0.06925,0.01039711191335746,216.31335025,0.0004715188183521679,260.95797846
2025-02-19,CLH25,CLU25,12,0.0,1.0,False,True,0.07021,0.06997,0.0034300414463339646,217.05531401,0.00011785886688198133,261.88383136
2025-02-20,CLH25,CLU25,13,0.0,1.0,False,True,0.07065,0.07021,0.006266913545079245,218.4155809,0.00011785886688198133,263.55590002
2025-02-21,CLH25,CLU25,14,0.0,1.0,False,True,0.06878000000000001,0.07065,-0.026468506723283713,212.63444663,0.00011785886688198133,256.61103131
2025-02-24,CLH25,CLU25,15,0.0,1.0,False,True,0.0689,0.06878000000000001,0.0017446932247746627,213.00542851,0.0003536182744208194,257.14948119
2025-02-25,CLH25,CLU25,16,0.0,1.0,False,True,0.06723,0.0689,-0.024238026124818624,207.84259737,0.00011785886688198133,250.94699269
2025-02-26,CLH25,CLU25,17,0.0,1.0,False,True,0.06670000000000001,0.06723,-0.007883385393425368,206.20409407,0.00011785886688198133,248.99825716
2025-02-27,CLH25,CLU25,18,0.0,1.0,False,True,0.06799,0.06670000000000001,0.01934032983508227,210.19214926,0.00011785886688198133,253.84331223
2025-02-28,CLH25,CLU25,19,0.0,1.0,False,True,0.06734,0.06799,-0.009560229445506607,208.18266409,0.00011785886688198133,251.44642961
2025-03-03,CLU25,CLN25,1,1.0,0.0,False,True,0.06642,0.06734,-0.013662013662013472,205.33846969,0.0003536182744208194,248.10008111
2025-03-04,CLU25,CLN25,2,1.0,0.0,False,True,0.06593,0.06642,-0.00737729599518222,203.82362702,0.00011729726951736907,246.29887484
2025-03-05,CLU25,CLN25,3,1.0,0.0,False,True,0.06444,0.06593,-0.022599726983164037,199.2172687,0.00011729726951736907,240.7614777
2025-03-06,CLU25,CLN25,4,1.0,0.0,False,True,0.06441,0.06444,-0.0004655493482309536,199.12452323,0.00011729726951736907,240.67763201
2025-03-07,CLU25,CLN25,5,1.0,0.0,False,True,0.06516,0.06441,0.011644154634373516,201.44315997,0.00011729726951736907,243.5083504
2025-03-10,CLU25,CLN25,6,0.8,0.2,False,True,0.06404,0.06516,-0.01718845917740941,197.98066244,0.0003519330861141423,239.40851571
2025-03-11,CLU25,CLN25,7,0.6,0.4,False,True,0.064438,0.064202,0.003675897947104545,198.70841915,0.00011729726951736907,240.31663895
2025-03-12,CLU25,CLN25,8,0.3999999999999999,0.6000000000000001,False,True,0.065974,0.064606,0.02117450391604514,202.91597135,0.00011729726951736907,245.43341305
2025-03-13,CLU25,CLN25,9,0.19999999999999996,0.8,False,True,0.06514400000000001,0.06615599999999999,-0.015297176371001697,199.81192995,0.00011729726951736907,241.70776352
2025-03-14,CLU25,CLN25,10,0.0,1.0,False,True,0.0659,0.06531200000000001,0.009002939735423654,201.61082471,0.00011729726951736907,243.9121956
2025-03-17,CLU25,CLN25,11,0.0,1.0,False,True,0.06663,0.06608,0.008323244552058018,203.28888091,0.0003519330861141423,246.02817723
2025-03-18,CLU25,CLN25,12,0.0,1.0,False,True,0.06613,0.06663,-0.007504127269998495,201.76337528,0.00011729726951736907,244.21080892
2025-03-19,CLU25,CLN25,13,0.0,1.0,False,True,0.06626,0.06613,0.0019658248903675624,202.16000675,0.00011729726951736907,244.71952987
2025-03-20,CLU25,CLN25,14,0.0,1.0,False,True,0.06729,0.06626,0.015544823422879661,205.30254836,0.00011729726951736907,248.55235668
2025-03-21,CLU25,CLN25,15,0.0,1.0,False,True,0.06745999999999999,0.06729,0.002526378362312176,205.82122028,0.00011729726951736907,249.20944849
2025-03-24,CLU25,CLN25,16,0.0,1.0,False,True,0.06820999999999999,0.06745999999999999,0.011117699377408918,208.10947873,0.0003519330861141423,252.06778927
2025-03-25,CLU25,CLN25,17,0.0,1.0,False,True,0.06817000000000001,0.06820999999999999,-0.0005864242779648476,207.98743828,0.00011729726951736907,251.94953746
2025-03-26,CLU25,CLN25,18,0.0,1.0,False,True,0.06873,0.06817000000000001,0.008214757224585423,209.69600459,0.00011729726951736907,254.04879473
2025-03-27,CLU25,CLN25,19,0.0,1.0,False,True,0.069,0.06873,0.003928415539065977,210.51977763,0.00011729726951736907,255.07660319
2025-03-28,CLU25,CLN25,20,0.0,1.0,False,True,0.06835,0.069,-0.009420289855072594,208.5366203,0.00011729726951736907,252.70362744
2025-03-31,CLU25,CLN25,21,0.0,1.0,False,True,0.07032,0.06835,0.028822238478419804,214.5471125,0.0003519330861141423,260.07604642
2025-04-01,CLN25,CLN25,1,1.0,0.0,False,False,0.07018,0.07032,-0.0019908987485777185,214.11997092,0.00011729726951736907,259.58876755
2025-04-02,CLN25,CLN25,2,1.0,0.0,False,False,0.07061,0.07018,0.006127101738387042,215.43190577,0.00011757806457302067,261.20981629
2025-04-03,CLN25,CLN25,3,1.0,0.0,False,False,0.06592,0.07061,-0.06642118680073639,201.12266291,0.00011757806457302067,243.89066283
2025-04-04,CLN25,CLN25,4,1.0,0.0,False,False,0.061259999999999995,0.06592,-0.07069174757281571,186.90495039,0.00011757806457302067,226.67828185
2025-04-07,CLN25,CLN25,5,1.0,0.0,False,False,0.06016,0.061259999999999995,-0.017956252040483123,183.54883799,0.00035277566914859726,222.68795607
2025-04-08,CLN25,CLN25,6,1.0,0.0,False,False,0.05866,0.06016,-0.02493351063829785,178.97232109,0.00011757806457302067,217.16174677
2025-04-09,CLN25,CLN25,7,1.0,0.0,False,False,0.06128,0.05866,0.04466416638254356,186.96597062,0.00011757806457302067,226.88662862
2025-04-10,CLN25,CLN25,8,1.0,0.0,False,False,0.059179999999999996,0.06128,-0.03426892950391658,180.55884695,0.00011757806457302067,219.13814363
2025-04-11,CLN25,CLN25,9,1.0,0.0,False,False,0.060340000000000005,0.059179999999999996,0.019601216627239015,184.09802002,0.00011757806457302067,223.45928369
2025-04-14,CLN25,CLN25,10,1.0,0.0,False,False,0.060590000000000005,0.060340000000000005,0.004143188597945047,184.86077284,0.00035277566914859726,224.46394865
2025-04-15,CLN25,CLN25,11,1.0,0.0,False,False,0.060219999999999996,0.060590000000000005,-0.006106618253837404,183.73189867,0.00011757806457302067,223.11962504
2025-04-16,CLN25,CLN25,12,1.0,0.0,False,False,0.06124,0.060219999999999996,0.01693789438724691,186.84393017,0.00011757806457302067,226.92503566
2025-04-17,CLN25,CLN25,13,1.0,0.0,False,False,0.06334000000000001,0.06124,0.03429131286740694,193.25105384,0.00011757806457302067,234.73327447
2025-04-21,CLN25,CLN25,14,1.0,0.0,False,False,0.06168,0.06334000000000001,-0.02620776760341026,188.18637513,0.00047039521240210824,228.69185677
2025-04-22,CLN25,CLN25,15,1.0,0.0,False,False,0.06294,0.06168,0.020428015564202262,192.03064933,0.00011757806457302067,233.39046673
2025-04-23,CLN25,CLN25,16,1.0,0.0,False,False,0.061630000000000004,0.06294,-0.020813473149030703,188.03382457,0.00011757806457302067,228.56024212
2025-04-24,CLN25,CLN25,17,1.0,0.0,False,False,0.06214,0.061630000000000004,0.008275190653902254,189.58984032,0.00011757806457302067,230.47849537
2025-04-25,CLN25,CLN25,18,1.0,0.0,False,False,0.062329999999999997,0.06214,0.0030576118442227074,190.16953246,0.00011757806457302067,231.21030836
2025-04-28,CLN25,CLN25,19,1.0,0.0,False,False,0.061369999999999994,0.062329999999999997,-0.015401893149366352,187.24056164,0.00035277566914859726,227.73079727
2025-04-29,CLN25,CLN25,20,1.0,0.0,False,False,0.059840000000000004,0.061369999999999994,-0.024930747922437546,182.5725144,0.00011757806457302067,222.08007432
2025-04-30,CLN25,CLN25,21,1.0,0.0,False,False,0.05762,0.059840000000000004,-0.03709893048128354,175.79926938,0.00011757806457302067,213.86725283
2025-05-01,CLN25,CLN25,1,1.0,0.0,False,False,0.05868,0.05762,0.01839639014231187,179.03334133,0.00011757806457302067,217.82678435
2025-05-02,CLN25,CLN25,2,1.0,0.0,False,False,0.05783,0.05868,-0.014485344239945519,176.43998175,0.00011926298723730078,214.69746707
2025-05-05,CLN25,CLN25,3,1.0,0.0,False,False,0.05675,0.05783,-0.018675427978557813,173.14488958,0.00035783163438862786,210.76472553
2025-05-06,CLN25,CLN25,4,1.0,0.0,False,False,0.05868,0.05675,0.03400881057268723,179.03334133,0.00011926298723730078,217.95771959
2025-05-07,CLN25,CLN25,5,1.0,0.0,False,False,0.0577,0.05868,-0.01670074982958425,176.04335029,0.00011926298723730078,214.34365654
2025-05-08,CLN25,CLN25,6,1.0,0.0,False,False,0.05952,0.0577,0.03154246100519931,181.5961908,0.00011926298723730078,221.13014623
2025-05-09,CLN25,CLN25,7,1.0,0.0,False,False,0.060579999999999995,0.05952,0.017809139784946026,184.83026275,0.00011926298723730078,225.09465656
2025-05-12,CLN25,CLN25,8,1.0,0.0,False,False,0.061560000000000004,0.060579999999999995,0.016176956091119354,187.82025379,0.00035783163438862786,228.81654892
2025-05-13,CLN25,CLN25,9,1.0,0.0,False,False,0.06325,0.061560000000000004,0.027452891487979247,192.97646284,0.00011926298723730078,235.12551416
2025-05-14,CLN25,CLN25,10,1.0,0.0,False,False,0.06268,0.06325,-0.009011857707509896,191.23738642,0.00011926298723730078,233.03463826
2025-05-15,CLN25,CLN25,11,1.0,0.0,False,False,0.061149999999999996,0.06268,-0.024409700063816264,186.56933918,0.00011926298723730078,227.37412505
2025-05-16,CLN25,CLN25,12,1.0,0.0,False,False,0.06197,0.061149999999999996,0.013409648405560137,189.07116842,0.00011926298723730078,230.45024944
2025-05-19,CLN25,CLN25,13,1.0,0.0,False,False,0.06214,0.06197,0.002743262869130181,189.58984034,0.00035783163438862786,231.16489745
2025-05-20,CLN25,CLN25,14,1.0,0.0,False,False,0.06203,0.06214,-0.0017701963308657254,189.2542291,0.00011926298723730078,230.78325961
2025-05-21,CLN25,CLN25,15,1.0,0.0,False,False,0.06157,0.06203,-0.007415766564565551,187.85076392,0.00011926298723730078,229.09934874
2025-05-22,CLN25,CLN25,16,1.0,0.0,False,False,0.061200000000000004,0.06157,-0.006009420172161661,186.72188975,0.00011926298723730078,227.74991757
2025-05-23,CLN25,CLN25,17,1.0,0.0,False,False,0.06153,0.061200000000000004,0.005392156862745079,187.72872347,0.00011926298723730078,229.00514299
2025-05-27,CLN25,CLN25,18,1.0,0.0,False,False,0.06089,0.06153,-0.010401430196652073,185.77607626,0.00047713729769549573,226.73242888
2025-05-28,CLN25,CLN25,19,1.0,0.0,False,False,0.061840000000000006,0.06089,0.01560190507472492,188.67453697,0.00011926298723730078,230.2969275
2025-05-29,CLN25,CLN25,20,1.0,0.0,False,False,0.06094,0.061840000000000006,-0.014553686934023369,185.92862683,0.00011926298723730078,226.97272402
2025-05-30,CLN25,CLN25,21,1.0,0.0,False,False,0.06079,0.06094,-0.0024614374794881266,185.47097514,0.00011926298723730078,226.4411143
2025-06-02,CLN25,CLQ25,1,1.0,0.0,False,True,0.06252,0.06079,0.028458628063826374,190.74922464,0.00035783163438862786,232.96634555
2025-06-03,CLN25,CLQ25,2,1.0,0.0,False,True,0.06341,0.06252,0.014235444657709317,193.46462467,0.0001181396764444731,236.31024764
2025-06-04,CLN25,CLQ25,3,1.0,0.0,False,True,0.06285,0.06341,-0.008831414603374776,191.75605836,0.0001181396764444731,234.25121149
2025-06-05,CLN25,CLQ25,4,1.0,0.0,False,True,0.06337,0.06285,0.008273667462211476,193.34258422,0.0001181396764444731,236.21700248
2025-06-06,CLN25,CLQ25,5,1.0,0.0,False,True,0.06458,0.06337,0.019094208616064368,197.03430786,0.0001181396764444731,240.75528581
2025-06-09,CLN25,CLQ25,6,0.8,0.2,False,True,0.06529,0.06458,0.01099411582533305,199.20052586,0.00035446090193214097,243.48751564
2025-06-10,CLN25,CLQ25,7,0.6,0.4,False,True,0.064766,0.065076,-0.004763660950273363,198.25160209,0.0001181396764444731,242.3563892
2025-06-11,CLN25,CLQ25,8,0.3999999999999999,0.6000000000000001,False,True,0.06765,0.064552,0.047992316272152724,207.76615568,0.0001181396764444731,254.01626559
2025-06-12,CLN25,CLQ25,9,0.19999999999999996,0.8,False,True,0.0672,0.0674,-0.0029673590504452063,207.1496389,0.0001181396764444731,253.29251753
2025-06-13,CLN25,CLQ25,10,0.0,1.0,False,True,0.071628,0.06692000000000001,0.07035265989240869,221.72316699,0.0001181396764444731,271.14224376
2025-06-16,CLN25,CLQ25,11,0.0,1.0,False,True,0.07025,0.07129,-0.014588301304530815,218.48860262,0.00035446090193214097,267.28284833
2025-06-17,CLN25,CLQ25,12,0.0,1.0,False,True,0.07327,0.07025,0.04298932384341625,227.88127991,0.0001181396764444731,278.80473396
2025-06-18,CLN25,CLQ25,13,0.0,1.0,False,True,0.0735,0.07327,0.0031390746553841,228.59661626,0.0001181396764444731,279.71286073
2025-06-20,CLN25,CLQ25,14,0.0,1.0,False,True,0.07384,0.0735,0.004625850340136184,229.65407,0.00023629330987229302,281.07286485
2025-06-23,CLN25,CLQ25,15,0.0,1.0,False,True,0.06851,0.07384,-0.07218309859154937,213.07692762,0.00035446090193214097,260.88378387
2025-06-24,CLN25,CLQ25,16,0.0,1.0,False,True,0.06437000000000001,0.06851,-0.06042913443292941,200.20087332,0.0001181396764444731,245.14962335
2025-06-25,CLN25,CLQ25,17,0.0,1.0,False,True,0.06492,0.06437000000000001,0.008544352959453105,201.91146024,0.0001181396764444731,247.27323015
2025-06-26,CLN25,CLQ25,18,0.0,1.0,False,True,0.06523999999999999,0.06492,0.004929143561305915,202.90671081,0.0001181396764444731,248.52128817
2025-06-27,CLN25,CLQ25,19,0.0,1.0,False,True,0.06552,0.06523999999999999,0.0042918454935623185,203.77755506,0.0001181396764444731,249.61726336
2025-06-30,CLN25,CLQ25,20,0.0,1.0,False,True,0.06511,0.06552,-0.006257631257631124,202.50239026,0.00035446090193214097,248.14373013
2025-07-01,CLQ25,CLU25,1,1.0,0.0,False,True,0.06545000000000001,0.06511,0.005221932114882533,203.559844,0.0001181396764444731,249.46883547
2025-07-02,CLQ25,CLU25,2,1.0,0.0,False,True,0.06745,0.06545000000000001,0.030557677616500856,209.78016009,0.00011842049326094006,257.12156594
2025-07-03,CLQ25,CLU25,3,1.0,0.0,False,True,0.067,0.06745,-0.006671608598962098,208.38058897,0.00011842049326094006,255.43659995
2025-07-07,CLQ25,CLU25,4,1.0,0.0,False,True,0.06793,0.067,0.013880597014925389,211.27303595,0.0004737661201661414,259.10322966
2025-07-08,CLQ25,CLU25,5,1.0,0.0,False,True,0.06833,0.06793,0.005888414544383824,212.51709917,0.00011842049326094006,260.65962002
2025-07-09,CLQ25,CLU25,6,0.8,0.2,False,True,0.06838,0.06833,0.0007317430118540802,212.67260707,0.00011842049326094006,260.88122331
2025-07-10,CLQ25,CLU25,7,0.6,0.4,False,True,0.066332,0.068098,-0.025933213897618157,207.15732286,0.00011842049326094006,254.14662843
2025-07-11,CLQ25,CLU25,8,0.3999999999999999,0.6000000000000001,False,True,0.067886,0.06609399999999999,0.0271128998093626,212.7739586,0.00011842049326094006,261.06737667
2025-07-14,CLQ25,CLU25,9,0.19999999999999996,0.8,False,True,0.066278,0.067604,-0.01961422401041346,208.60056251,0.00035530355168322814,256.03950083
2025-07-15,CLQ25,CLU25,10,0.0,1.0,False,True,0.0656,0.066044,-0.0067227908666949165,207.19818455,0.00011842049326094006,254.34852113
2025-07-16,CLQ25,CLU25,11,0.0,1.0,False,True,0.06519,0.06537000000000001,-0.002753556677375202,206.62765261,0.00011842049326094006,253.67827814
2025-07-17,CLQ25,CLU25,12,0.0,1.0,False,True,0.06623,0.06519,0.01595336708084072,209.9240594,0.00011842049326094006,257.75534154
2025-07-18,CLQ25,CLU25,13,0.0,1.0,False,True,0.06605,0.06623,-0.002717801600483183,209.35352746,0.00011842049326094006,257.08533718
2025-07-21,CLQ25,CLU25,14,0.0,1.0,False,True,0.06595000000000001,0.06605,-0.0015140045420134474,209.03656527,0.00035530355168322814,256.78745215
2025-07-22,CLQ25,CLU25,15,0.0,1.0,False,True,0.06531,0.06595000000000001,-0.009704321455648257,207.00800724,0.00011842049326094006,254.32591306
2025-07-23,CLQ25,CLU25,16,0.0,1.0,False,True,0.06525,0.06531,-0.0009186954524575963,206.81782993,0.00011842049326094006,254.12238241
2025-07-24,CLQ25,CLU25,17,0.0,1.0,False,True,0.06603,0.06525,0.011954022988505786,209.29013502,0.00011842049326094006,257.1902605
2025-07-25,CLQ25,CLU25,18,0.0,1.0,False,True,0.06516,0.06603,-0.01317582916855986,206.53256395,0.00011842049326094006,253.83202216
2025-07-28,CLQ25,CLU25,19,0.0,1.0,False,True,0.06670999999999999,0.06516,0.02378759975445055,211.44547792,0.00035530355168322814,259.96026413
2025-07-29,CLQ25,CLU25,20,0.0,1.0,False,True,0.06921,0.06670999999999999,0.037475640833458224,219.36953271,0.00011842049326094006,269.73322625
2025-07-30,CLQ25,CLU25,21,0.0,1.0,False,True,0.07,0.06921,0.011414535471752751,221.87353402,0.00011842049326094006,272.84404767
2025-07-31,CLQ25,CLU25,22,0.0,1.0,False,True,0.06926,0.07,-0.010571428571428676,219.5280138,0.00011842049326094006,269.99200663
2025-08-01,CLU25,CLV25,1,1.0,0.0,False,True,0.06733,0.06926,-0.027866012128212603,213.4106435,0.00011842049326094006,262.50037868
2025-08-04,CLU25,CLV25,2,1.0,0.0,False,True,0.06629,0.06733,-0.015446309223228871,210.11423671,0.00034687805483413214,258.53677228
2025-08-05,CLU25,CLV25,3,1.0,0.0,False,True,0.06516,0.06629,-0.017046311660884106,206.53256395,0.00011561265147785882,254.15956401
2025-08-06,CLU25,CLV25,4,1.0,0.0,False,True,0.06434999999999999,0.06516,-0.012430939226519389,203.9651702,0.00011561265147785882,251.02950598
2025-08-07,CLU25,CLV25,5,1.0,0.0,False,True,0.06388,0.06434999999999999,-0.007303807303807086,202.4754479,0.00011561265147785882,249.22505703
2025-08-08,CLU25,CLV25,6,0.8,0.2,False,True,0.06388,0.06388,0.0,202.4754479,0.00011561265147785882,249.2538706
2025-08-11,CLU25,CLV25,7,0.6,0.4,False,True,0.06378600000000001,0.06370400000000001,0.001287203315333496,202.73607497,0.00034687805483413214,249.66117171
2025-08-12,CLU25,CLV25,8,0.3999999999999999,0.6000000000000001,False,True,0.062894,0.063612,-0.01128717851977612,200.4477567,0.00011561265147785882,246.87206549
2025-08-13,CLU25,CLV25,9,0.19999999999999996,0.8,False,True,0.062217999999999996,0.06275599999999999,-0.008572885461151092,198.72934104,0.00011561265147785882,244.78420108
2025-08-14,CLU25,CLV25,10,0.0,1.0,False,True,0.063216,0.062074000000000004,0.01839739665560436,202.38544355,0.00011561265147785882,249.31589327
2025-08-15,CLU25,CLV25,11,0.0,1.0,False,True,0.06197999999999999,0.06303,-0.01665873393622097,199.01395829,0.00011561265147785882,245.19143021
2025-08-18,CLU25,CLV25,12,0.0,1.0,False,True,0.0627,0.06197999999999999,0.011616650532429995,201.32583389,0.00034687805483413214,248.12478489
2025-08-19,CLU25,CLV25,13,0.0,1.0,False,True,0.061770000000000005,0.0627,-0.01483253588516742,198.33966123,0.00011561265147785882,244.47315147
2025-08-20,CLU25,CLV25,14,0.0,1.0,False,True,0.06271,0.061770000000000005,0.015217743241055404,201.35794327,0.00011561265147785882,248.22174531
2025-08-21,CLU25,CLV25,15,0.0,1.0,False,True,0.06352000000000001,0.06271,0.012916600223249919,203.95880332,0.00011561265147785882,251.45662393
2025-08-22,CLU25,CLV25,16,0.0,1.0,False,True,0.06366,0.06352000000000001,0.0022040302267001266,204.40833469,0.00011561265147785882,252.0399135
2025-08-25,CLU25,CLV25,17,0.0,1.0,False,True,0.0648,0.06366,0.01790763430725728,208.0688044,0.00034687805483413214,256.64077922
2025-08-26,CLU25,CLV25,18,0.0,1.0,False,True,0.06325,0.0648,-0.023919753086419693,203.09184997,0.00011561265147785882,250.53166607
2025-08-27,CLU25,CLV25,19,0.0,1.0,False,True,0.06415000000000001,0.06325,0.014229249011857847,205.98169448,0.00011561265147785882,254.12550817
2025-08-28,CLU25,CLV25,20,0.0,1.0,False,True,0.06459999999999999,0.06415000000000001,0.0070148090413091335,207.42661673,0.00011561265147785882,255.9375302
2025-08-29,CLU25,CLV25,21,0.0,1.0,False,True,0.06401000000000001,0.06459999999999999,-0.009133126934984248,205.53216311,0.00011561265147785882,253.62960987
2025-09-02,CLV25,CLX25,1,1.0,0.0,False,True,0.06559000000000001,0.06401000000000001,0.02468364318075289,210.60544569,0.0004625308098036296,260.00742417
2025-09-03,CLV25,CLX25,2,1.0,0.0,False,True,0.06397,0.06559000000000001,-0.024698887025461302,205.40372558,0.00010943795122275723,253.61398485
2025-09-04,CLV25,CLX25,3,1.0,0.0,False,True,0.06348,0.06397,-0.007659840550258035,203.83036579,0.00010943795122275723,251.69909716
2025-09-05,CLV25,CLX25,4,1.0,0.0,False,True,0.061869999999999994,0.06348,-0.025362318840579712,198.66075506,0.00010943795122275723,245.34296984
2025-09-08,CLV25,CLX25,5,1.0,0.0,False,True,0.062259999999999996,0.061869999999999994,0.006303539679974213,199.91302101,0.0003283497849746464,246.97005729
2025-09-09,CLV25,CLX25,6,0.8,0.2,False,True,0.06263,0.062259999999999996,0.005942820430453022,201.1010682,0.00010943795122275723,248.46478389
2025-09-10,CLV25,CLX25,7,0.6,0.4,False,True,0.06360600000000001,0.062562,0.01668744605351491,204.45693143,0.00010943795122275723,252.63821805
2025-09-11,CLV25,CLX25,8,0.3999999999999999,0.6000000000000001,False,True,0.062254,0.063542,-0.02027005759969791,200.31257765,0.00010943795122275723,247.54487502
2025-09-12,CLV25,CLX25,9,0.19999999999999996,0.8,False,True,0.062528,0.062195999999999994,0.005337963856196559,201.38183895,0.00010943795122275723,248.89335142
2025-09-15,CLV25,CLX25,10,0.0,1.0,False,True,0.06307600000000001,0.062474,0.009636008579569255,203.32235608,0.0003283497849746464,251.37341397
2025-09-16,CLV25,CLX25,11,0.0,1.0,False,True,0.06416,0.06302,0.01808949539828597,207.0003549,0.00010943795122275723,255.94814197
2025-09-17,CLV25,CLX25,12,0.0,1.0,False,True,0.0637,0.06416,-0.007169576059850136,205.51625011,0.00010943795122275723,254.14111274
2025-09-18,CLV25,CLX25,13,0.0,1.0,False,True,0.06326,0.0637,-0.006907378335949899,204.09667162,0.00010943795122275723,252.41347661
2025-09-19,CLV25,CLX25,14,0.0,1.0,False,True,0.0624,0.06326,-0.013594688586784698,201.32204093,0.00010943795122275723,249.00961762
2025-09-22,CLV25,CLX25,15,0.0,1.0,False,True,0.06228,0.0624,-0.0019230769230768052,200.93488316,0.0003283497849746464,248.61251523
2025-09-23,CLV25,CLX25,16,0.0,1.0,False,True,0.06341,0.06228,0.018143866409762177,204.58061884,0.00010943795122275723,253.15051514
2025-09-24,CLV25,CLX25,17,0.0,1.0,False,True,0.06498999999999999,0.06341,0.024917205488093286,209.67819616,0.00010943795122275723,259.48602282
2025-09-25,CLV25,CLX25,18,0.0,1.0,False,True,0.06498000000000001,0.06498999999999999,-0.00015386982612686229,209.64593301,0.00010943795122275723,259.47449337
2025-09-26,CLV25,CLX25,19,0.0,1.0,False,True,0.06572,0.06498000000000001,0.01138811942136031,212.03340593,0.00010943795122275723,262.45781624
2025-09-29,CLV25,CLX25,20,0.0,1.0,False,True,0.06345,0.06572,-0.03454047474132671,204.70967143,0.0003283497849746464,253.47857664
2025-09-30,CLV25,CLX25,21,0.0,1.0,False,True,0.062369999999999995,0.06345,-0.017021276595744816,201.22525149,0.00010943795122275723,249.19178785
2025-10-01,CLX25,CLZ25,1,1.0,0.0,False,True,0.06178,0.062369999999999995,-0.009459676126342687,199.32172578,0.00010943795122275723,246.86178528
2025-10-02,CLX25,CLZ25,2,1.0,0.0,False,True,0.06048,0.06178,-0.021042408546455227,195.12751659,0.00010635191583108217,241.69347296
2025-10-03,CLX25,CLZ25,3,1.0,0.0,False,True,0.060880000000000004,0.06048,0.006613756613756738,196.41804249,0.00010635191583108217,243.31767933
2025-10-06,CLX25,CLZ25,4,1.0,0.0,False,True,0.061689999999999995,0.060880000000000004,0.013304862023652886,199.03135744,0.0003190896808862309,246.63262764
2025-10-07,CLX25,CLZ25,5,1.0,0.0,False,True,0.06173,0.061689999999999995,0.0006484033068570039,199.16041003,0.00010635191583108217,246.8187749
2025-10-08,CLX25,CLZ25,6,0.8,0.2,False,True,0.06255,0.06173,0.013283654624979713,201.80598813,0.00010635191583108217,250.12367991
2025-10-09,CLX25,CLZ25,7,0.6,0.4,False,True,0.061414,0.062444,-0.016494779322272723,198.47724289,0.00010635191583108217,246.02454614
2025-10-10,CLX25,CLZ25,8,0.3999999999999999,0.6000000000000001,False,True,0.05873199999999999,0.061318,-0.04217358687497974,190.10674564,0.00010635191583108217,235.67497375
2025-10-13,CLX25,CLZ25,9,0.19999999999999996,0.8,False,True,0.059238,0.05864799999999999,0.010060019096985506,192.01922313,0.0003190896808862309,238.12106994
2025-10-14,CLX25,CLZ25,10,0.0,1.0,False,True,0.058356000000000005,0.059154,-0.01349021198904543,189.4288431,0.00010635191583108217,234.93409085
2025-10-15,CLX25,CLZ25,11,0.0,1.0,False,True,0.05784,0.05827,-0.007379440535438486,188.03096422,0.00010635191583108217,233.22539439
2025-10-16,CLX25,CLZ25,12,0.0,1.0,False,True,0.05699,0.05784,-0.014695712309820252,185.26771526,0.00010635191583108217,229.82278505
2025-10-17,CLX25,CLZ25,13,0.0,1.0,False,True,0.05715,0.05699,0.002807510089489318,185.78785624,0.00010635191583108217,230.49245693
2025-10-20,CLX25,CLZ25,14,0.0,1.0,False,True,0.05702,0.05715,-0.0022747156605423813,185.36524169,0.0003190896808862309,230.04169989
2025-10-21,CLX25,CLZ25,15,0.0,1.0,False,True,0.05724,0.05702,0.0038582953349701743,186.08043554,0.00010635191583108217,230.95373409
2025-10-22,CLX25,CLZ25,16,0.0,1.0,False,True,0.0585,0.05724,0.022012578616352307,190.17654576,0.00010635191583108217,236.0621837
2025-10-23,CLX25,CLZ25,17,0.0,1.0,False,True,0.06179,0.0585,0.05623931623931622,200.87194466,0.00010635191583108217,249.36326517
2025-10-24,CLX25,CLZ25,18,0.0,1.0,False,True,0.0615,0.06179,-0.0046933160705615595,199.92918913,0.00010635191583108217,248.21944481
2025-10-27,CLX25,CLZ25,19,0.0,1.0,False,True,0.06131,0.0615,-0.003089430894308909,199.31152172,0.0003190896808862309,247.53179226
2025-10-28,CLX25,CLZ25,20,0.0,1.0,False,True,0.060149999999999995,0.06131,-0.018920241396183424,195.54049962,0.00010635191583108217,242.87475648
2025-10-29,CLX25,CLZ25,21,0.0,1.0,False,True,0.06048,0.060149999999999995,0.005486284289276888,196.61329039,0.00010635191583108217,244.23306664
2025-10-30,CLX25,CLZ25,22,0.0,1.0,False,True,0.06057,0.06048,0.0014880952380953438,196.90586969,0.00010635191583108217,244.62248336
2025-10-31,CLX25,CLZ25,23,0.0,1.0,False,True,0.06098,0.06057,0.006769027571404962,198.23873095,0.00010635191583108217,246.30435576
2025-11-03,CLZ25,CLG26,1,1.0,0.0,False,True,0.06105,0.06098,0.0011479173499508999,198.46629263,0.0003190896808862309,246.66568598
2025-11-04,CLZ25,CLG26,2,1.0,0.0,False,True,0.06056,0.06105,-0.008026208026208015,196.87336088,0.00010551042183970516,244.71192167
2025-11-05,CLZ25,CLG26,3,1.0,0.0,False,True,0.0596,0.06056,-0.015852047556142668,193.752515,0.00010551042183970516,240.85855631
2025-11-06,CLZ25,CLG26,4,1.0,0.0,False,True,0.05943,0.0596,-0.002852348993288678,193.19986521,0.00010551042183970516,240.19695674
2025-11-07,CLZ25,CLG26,5,1.0,0.0,False,True,0.05975,0.05943,0.005384485949857076,194.24014717,0.00010551042183970516,241.51563716
2025-11-10,CLZ25,CLG26,6,0.8,0.2,False,True,0.06013,0.05975,0.006359832635983276,195.475482,0.0003165646640408415,243.12809151
2025-11-11,CLZ25,CLG26,7,0.6,0.4,False,True,0.061006000000000005,0.06008200000000001,0.015378982057854262,198.48169593,0.00010551042183970516,246.89280661
2025-11-12,CLZ25,CLG26,8,0.3999999999999999,0.6000000000000001,False,True,0.058462,0.060972,-0.041166437053073546,190.31091169,0.00010551042183970516,236.75515919
2025-11-13,CLZ25,CLG26,9,0.19999999999999996,0.8,False,True,0.058588,0.058448,0.002395291541199107,190.76676181,0.00010551042183970516,237.34723696
2025-11-14,CLZ25,CLG26,10,0.0,1.0,False,True,0.059842000000000006,0.058554,0.021996789288520002,194.96301807,0.00010551042183970516,242.59315672
2025-11-17,CLZ25,CLG26,11,0.0,1.0,False,True,0.05969,0.05978,-0.0015055202408832402,194.6694973,0.0003165646640408415,242.30472423
2025-11-18,CLZ25,CLG26,12,0.0,1.0,False,True,0.06043,0.05969,0.012397386496900697,197.0828903,0.00010551042183970516,245.33423522
2025-11-19,CLZ25,CLG26,13,0.0,1.0,False,True,0.05897,0.06043,-0.024160185338408025,192.32133114,0.00010551042183970516,239.43279994
2025-11-20,CLZ25,CLG26,14,0.0,1.0,False,True,0.05869,0.05897,-0.004748177039172519,191.40815541,0.00010551042183970516,238.32119327
2025-11-21,CLZ25,CLG26,15,0.0,1.0,False,True,0.05781,0.05869,-0.014994036462770421,188.53817455,0.00010551042183970516,234.77294198
2025-11-24,CLZ25,CLG26,16,0.0,1.0,False,True,0.05859,0.05781,0.013492475350285416,191.08202122,0.0003165646640408415,238.01493093
2025-11-25,CLZ25,CLG26,17,0.0,1.0,False,True,0.05774,0.05859,-0.014507595152756458,188.30988062,0.00010551042183970516,234.58701973
2025-11-26,CLZ25,CLG26,18,0.0,1.0,False,True,0.05842,0.05774,0.0117769310703153,190.5275931,0.00010551042183970516,237.37448626
2025-11-28,CLZ25,CLG26,19,0.0,1.0,False,True,0.05829,0.05842,-0.002225265320095815,190.10361865,0.000211031976128373,236.89635865
2025-12-01,CLG26,CLG26,1,1.0,0.0,False,False,0.05907,0.05829,0.013381369016983946,192.64746532,0.0003165646640408415,240.14134926
2025-12-02,CLG26,CLG26,2,1.0,0.0,False,False,0.05838,0.05907,-0.011681056373793686,190.39713942,0.00010074318590991282,237.36043723
2025-12-03,CLG26,CLG26,3,1.0,0.0,False,False,0.05866,0.05838,0.004796163069544335,191.31031515,0.00010074318590991282,238.52276904
2025-12-04,CLG26,CLG26,4,1.0,0.0,False,False,0.05931,0.05866,0.011080804636890651,193.43018738,0.00010074318590991282,241.18982279
2025-12-05,CLG26,CLG26,5,1.0,0.0,False,False,0.05978,0.05931,0.007924464677120158,194.96301807,0.00010074318590991282,243.12542126
2025-12-08,CLG26,CLG26,6,1.0,0.0,False,False,0.05863,0.05978,-0.019237203077952514,191.2124749,0.0003022600063209424,238.52185525
2025-12-09,CLG26,CLG26,7,1.0,0.0,False,False,0.05808,0.05863,-0.009380863039399667,189.41873686,0.00010074318590991282,236.30834384
2025-12-10,CLG26,CLG26,8,1.0,0.0,False,False,0.0583,0.05808,0.0037878787878786735,190.13623208,0.00010074318590991282,237.22725766
2025-12-11,CLG26,CLG26,9,1.0,0.0,False,False,0.05745,0.0583,-0.014579759862778707,187.36409148,0.00010074318590991282,233.79244025
2025-12-12,CLG26,CLG26,10,1.0,0.0,False,False,0.05724,0.05745,-0.0036553524804178172,186.67920968,0.00010074318590991282,232.96139946
2025-12-15,CLG26,CLG26,11,1.0,0.0,False,False,0.056670000000000005,0.05724,-0.009958071278825864,184.8202448,0.0003022600063209424,230.71196815
2025-12-16,CLG26,CLG26,12,1.0,0.0,False,False,0.055130000000000005,0.056670000000000005,-0.027174872066349054,179.79777829,0.00010074318590991282,224.46564259
2025-12-17,CLG26,CLG26,13,1.0,0.0,False,False,0.055810000000000005,0.055130000000000005,0.012334482133139923,182.01549077,0.00010074318590991282,227.25692343
2025-12-18,CLG26,CLG26,14,1.0,0.0,False,False,0.056,0.055810000000000005,0.003404407812219956,182.63514573,0.00010074318590991282,228.05349326
2025-12-19,CLG26,CLG26,15,1.0,0.0,False,False,0.05652,0.056,0.009285714285714342,184.33104351,0.00010074318590991282,230.19410767
2025-12-22,CLG26,CLG26,16,1.0,0.0,False,False,0.05801,0.05652,0.02636234961075723,189.19044292,0.0003022600063209424,236.33214368
2025-12-23,CLG26,CLG26,17,1.0,0.0,False,False,0.05838,0.05801,0.006378210653335659,190.39713942,0.00010074318590991282,237.86332873
2025-12-24,CLG26,CLG26,18,1.0,0.0,False,False,0.05835,0.05838,-0.0005138746145940676,190.29929916,0.00010074318590991282,237.76505991
2025-12-26,CLG26,CLG26,19,1.0,0.0,False,False,0.05674,0.05835,-0.027592116538131983,185.04853872,0.00020149652100953652,231.2525275
2025-12-29,CLG26,CLG26,20,1.0,0.0,False,False,0.05808,0.05674,0.023616496298907386,189.41873685,0.0003022600063209424,236.78380035
2025-12-30,CLG26,CLG26,21,1.0,0.0,False,False,0.05795,0.05808,-0.002238292011019216,188.9947624,0.00010074318590991282,236.27766341
2025-12-31,CLG26,CLG26,22,1.0,0.0,False,False,0.05742,0.05795,-0.009145815358067355,187.2662512,0.00010074318590991282,234.14051489
2026-01-02,CLG26,CLH26,1,1.0,0.0,False,True,0.05732,0.05742,-0.0017415534656913811,186.94011701,0.00020149652100953652,233.77992516
2026-01-05,CLG26,CLH26,2,1.0,0.0,False,True,0.05832,0.05732,0.017445917655268595,190.2014589,0.0002988951357940639,237.92830617
2026-01-06,CLG26,CLH26,3,1.0,0.0,False,True,0.05713,0.05832,-0.02040466392318241,186.32046205,9.962178710143377e-05,233.09716188
2026-01-07,CLG26,CLH26,4,1.0,0.0,False,True,0.055990000000000005,0.05713,-0.01995448976019598,182.6025323,9.962178710143377e-05,228.46904851
2026-01-08,CLG26,CLH26,5,1.0,0.0,False,True,0.05776,0.055990000000000005,0.03161278799785672,188.37510744,9.962178710143377e-05,235.7143526
2026-01-09,CLG26,CLH26,6,0.8,0.2,False,True,0.05912,0.05776,0.023545706371191244,192.81053241,9.962178710143377e-05,241.28789582
2026-01-12,CLG26,CLH26,7,0.6,0.4,False,True,0.059464,0.059084000000000005,0.00643152122402002,194.05059744,0.0002988951357940639,242.91186382
2026-01-13,CLG26,CLH26,8,0.3999999999999999,0.6000000000000001,False,True,0.06106199999999999,0.059427999999999995,0.02749545668708353,199.38610724,9.962178710143377e-05,249.61503577
2026-01-14,CLG26,CLH26,9,0.19999999999999996,0.8,False,True,0.061936000000000005,0.061018,0.01504474089612895,202.38581956,9.962178710143377e-05,253.3952964
2026-01-15,CLG26,CLH26,10,0.0,1.0,False,True,0.059102,0.061908000000000005,-0.04532532144472445,193.21261723,9.962178710143377e-05,241.93531683
2026-01-16,CLG26,CLH26,11,0.0,1.0,False,True,0.059340000000000004,0.05908,0.004400812457684644,194.06290972,9.962178710143377e-05,243.02413081
2026-01-20,CLG26,CLH26,12,0.0,1.0,False,True,0.06036,0.059340000000000004,0.017189079878665137,197.39867258,0.00039854669936301157,247.29834848
2026-01-21,CLG26,CLH26,13,0.0,1.0,False,True,0.06062,0.06036,0.004307488402915949,198.24896507,9.962178710143377e-05,248.38821955
2026-01-22,CLG26,CLH26,14,0.0,1.0,False,True,0.059359999999999996,0.06062,-0.020785219399538146,194.12831684,9.962178710143377e-05,243.25016079
2026-01-23,CLG26,CLH26,15,0.0,1.0,False,True,0.06107,0.059359999999999996,0.02880727762803237,199.72062516,9.962178710143377e-05,250.28176872
2026-01-26,CLG26,CLH26,16,0.0,1.0,False,True,0.06063,0.06107,-0.007204846897003403,198.28166863,0.0002988951357940639,248.55333489
2026-01-27,CLG26,CLH26,17,0.0,1.0,False,True,0.06239,0.06063,0.02902853372917691,204.03749474,9.962178710143377e-05,255.79323509
2026-01-28,CLG26,CLH26,18,0.0,1.0,False,True,0.06321,0.06239,0.01314313191216554,206.71918645,9.962178710143377e-05,259.1806419
2026-01-29,CLG26,CLH26,19,0.0,1.0,False,True,0.06542,0.06321,0.034962822338237665,213.94667264,9.962178710143377e-05,268.26814868
2026-01-30,CLG26,CLH26,20,0.0,1.0,False,True,0.06520999999999999,0.06542,-0.0032100275145218182,213.25989793,9.962178710143377e-05,267.43372589
2026-02-02,CLH26,CLV26,1,1.0,0.0,False,True,0.06214,0.06520999999999999,-0.04707866891581025,203.2199058,0.0002988951357940639,254.92323669
2026-02-03,CLH26,CLV26,2,1.0,0.0,False,True,0.06321,0.06214,0.017219182491148954,206.71918644,0.00010046282536246842,259.33841673
2026-02-04,CLH26,CLV26,3,1.0,0.0,False,True,0.06514,0.06321,0.030533143489954062,213.03097302,0.00010046282536246842,267.28288769
2026-02-05,CLH26,CLV26,4,1.0,0.0,False,True,0.06329,0.06514,-0.028400368437212276,206.9808149,0.00010046282536246842,259.7188072
2026-02-06,CLH26,CLV26,5,1.0,0.0,False,True,0.06355,0.06329,0.00410807394533097,207.83110739,0.00010046282536246842,260.81184335
2026-02-09,CLH26,CLV26,6,0.8,0.2,False,True,0.06436,0.06355,0.012745869394177989,210.48009554,0.00030141875543931995,264.21473062
2026-02-10,CLH26,CLV26,7,0.6,0.4,False,True,0.063642,0.064016,-0.005842289427643088,209.2504099,0.00010046282536246842,262.69765545
2026-02-11,CLH26,CLV26,8,0.3999999999999999,0.6000000000000001,False,True,0.063914,0.06332399999999999,0.009317162529214995,211.20002998,0.00010046282536246842,265.17164355
2026-02-12,CLH26,CLV26,9,0.19999999999999996,0.8,False,True,0.06186200000000001,0.063556,-0.026653659764616977,205.57077624,0.00010046282536246842,258.13048868
2026-02-13,CLH26,CLV26,10,0.0,1.0,False,True,0.061529999999999994,0.06153600000000001,-9.750390015617061e-05,205.55073229,0.00010046282536246842,258.13125247
2026-02-17,CLH26,CLV26,11,0.0,1.0,False,True,0.06089,0.061189999999999994,-0.004902761889197471,204.54296599,0.00040191186218163644,256.96944241
2026-02-18,CLH26,CLV26,12,0.0,1.0,False,True,0.06294,0.06089,0.0336672688454589,211.42936902,0.00010046282536246842,265.64671759
2026-02-19,CLH26,CLV26,13,0.0,1.0,False,True,0.0639,0.06294,0.015252621544328049,214.65422117,0.00010046282536246842,269.72521406
2026-02-20,CLH26,CLV26,14,0.0,1.0,False,True,0.06395,0.0639,0.0007824726134586513,214.82218222,0.00010046282536246842,269.96336401
2026-02-23,CLH26,CLV26,15,0.0,1.0,False,True,0.06404,0.06395,0.0014073494917903329,215.12451211,0.00030141875543931995,270.42466884
2026-02-24,CLH26,CLV26,16,0.0,1.0,False,True,0.06383,0.06404,-0.0032792004996877733,214.4190757,0.00010046282536246842,269.56505975
2026-02-25,CLH26,CLV26,17,0.0,1.0,False,True,0.06374,0.06383,-0.0014099953000155097,214.11674581,0.00010046282536246842,269.21205555
2026-02-26,CLH26,CLV26,18,0.0,1.0,False,True,0.06332,0.06374,-0.006589268904926282,212.70587299,0.00010046282536246842,267.46519072
2026-02-27,CLH26,CLV26,19,0.0,1.0,False,True,0.06462000000000001,0.06332,0.020530638029058856,217.07286028,0.00010046282536246842,272.98329205
2026-03-02,CLV26,CLM26,1,1.0,0.0,False,True,0.06618,0.06462000000000001,0.0241411327762302,222.31324502,0.00030141875543931995,279.65570023
2026-03-03,CLV26,CLM26,2,1.0,0.0,False,True,0.06703,0.06618,0.012843759443940783,225.16858286,0.00010046282536246842,283.27562577
2026-03-04,CLV26,CLM26,3,1.0,0.0,False,True,0.06722,0.06703,0.0028345516932715142,225.80683485,0.00010046282536246842,284.10704385
2026-03-05,CLV26,CLM26,4,1.0,0.0,False,True,0.06904,0.06722,0.027075275215709738,231.92061705,0.00010046282536246842,291.82786245
2026-03-06,CLV26,CLM26,5,1.0,0.0,False,True,0.07141,0.06904,0.03432792584009259,239.88197079,0.00010046282536246842,301.87502552
2026-03-09,CLV26,CLM26,6,0.8,0.2,False,True,0.07402,0.07141,0.03654950287074632,248.64953757,0.00030141875543931995,312.99939843
2026-03-10,CLV26,CLM26,7,0.6,0.4,False,True,0.073056,0.07655,-0.04564337034617916,237.30033464,0.00010046282536246842,298.74449577
2026-03-11,CLV26,CLM26,8,0.3999999999999999,0.6000000000000001,False,True,0.078416,0.074652,0.050420618335744516,249.26516424,0.00010046282536246842,313.83739068
2026-03-12,CLV26,CLM26,9,0.19999999999999996,0.8,False,True,0.085844,0.08010400000000001,0.07165684610006995,267.12671975,0.00010046282536246842,336.35751727
2026-03-13,CLV26,CLM26,10,0.0,1.0,False,True,0.09,0.088162,0.020847984392368568,272.69577343,0.00010046282536246842,343.40368496
2026-03-16,CLV26,CLM26,11,0.0,1.0,False,True,0.08854000000000001,0.09248,-0.042603806228373675,261.07789554,0.00030141875543931995,328.87688922
2026-03-17,CLV26,CLM26,12,0.0,1.0,False,True,0.09164,0.08854000000000001,0.03501242376327074,270.21886545,0.00010046282536246842,340.42470613
2026-03-18,CLV26,CLM26,13,0.0,1.0,False,True,0.09243000000000001,0.09164,0.008620689655172598,272.54833843,0.00010046282536246842,343.3936019
