date,lead_ticker,next_ticker,bd_of_month,lead_weight,next_weight,is_mde,wav,pwav,der,er_index,ir,tr_index
2016-01-04,CLG16,CLH16,1,1.0,0.0,False,,,,100.0,0.0,100.0
2016-01-05,CLG16,CLH16,2,1.0,0.0,False,0.03597,0.03676,-0.02149075081610441,97.85092492,6.946663748896853e-06,97.85161959
2016-01-06,CLG16,CLH16,3,1.0,0.0,False,0.03397,0.03597,-0.05560189046427588,92.41022851,6.946663748896853e-06,92.4115643
2016-01-07,CLG16,CLH16,4,1.0,0.0,False,0.03327,0.03397,-0.020606417427141532,90.50598477,6.946663748896853e-06,90.50793499
2016-01-08,CLG16,CLH16,5,1.0,0.0,False,0.033159999999999995,0.03327,-0.003306281935677946,90.20674647,6.946663748896853e-06,90.20931897
2016-01-11,CLG16,CLH16,6,0.8,0.2,False,0.03141,0.033159999999999995,-0.0527744270205065,85.44613711,2.0840136015110033e-05,85.45045382
2016-01-12,CLG16,CLH16,7,0.6,0.4,False,0.030656000000000003,0.031632,-0.030854830551340306,82.80971103,6.946663748896853e-06,82.81448814
2016-01-13,CLG16,CLH16,8,0.3999999999999999,0.6000000000000001,False,0.030844,0.030872,-0.0009069707178025466,82.73460505,6.946663748896853e-06,82.73995311
2016-01-14,CLG16,CLH16,9,0.19999999999999996,0.8,False,0.031745999999999996,0.031026,0.023206343067104784,84.65457268,6.946663748896853e-06,84.66061962
2016-01-15,CLG16,CLH16,10,0.0,1.0,False,0.030196,0.031928,-0.05424705587572032,80.06231135,6.946663748896853e-06,80.06861837
2016-01-19,CLG16,CLH16,11,0.0,1.0,False,0.02957,0.03039,-0.026982560052648985,77.90202523,2.778694453331454e-05,77.91038693
2016-01-20,CLG16,CLH16,12,0.0,1.0,False,0.02835,0.02957,-0.04125803178897525,74.687941,6.946663748896853e-06,74.69649893
2016-01-21,CLG16,CLH16,13,0.0,1.0,False,0.02953,0.02835,0.041622574955908265,77.79664542,6.946663748896853e-06,77.80607844
2016-01-22,CLG16,CLH16,14,0.0,1.0,False,0.032189999999999996,0.02953,0.09007788689468321,84.80440285,6.946663748896853e-06,84.81522607
2016-01-25,CLG16,CLH16,15,0.0,1.0,False,0.03034,0.032189999999999996,-0.05747126436781602,79.93058659,2.0840136015110033e-05,79.94255535
2016-01-26,CLG16,CLH16,16,0.0,1.0,False,0.03145,0.03034,0.03658536585365857,82.85487634,6.946663748896853e-06,82.86783832
2016-01-27,CLG16,CLH16,17,0.0,1.0,False,0.032299999999999995,0.03145,0.027027027027026973,85.09419732,6.946663748896853e-06,85.10808528
2016-01-28,CLG16,CLH16,18,0.0,1.0,False,0.03322,0.032299999999999995,0.028482972136222973,87.51793297,6.946663748896853e-06,87.53280772
2016-01-29,CLG16,CLH16,19,0.0,1.0,False,0.03362,0.03322,0.012040939193256994,88.57173108,6.946663748896853e-06,88.587393
2016-02-01,CLH16,CLJ16,1,1.0,0.0,False,0.03162,0.03362,-0.05948839976204623,83.30274053,2.0840136015110033e-05,83.31931692
2016-02-02,CLH16,CLJ16,2,1.0,0.0,False,0.02988,0.03162,-0.05502846299810249,78.71871876,8.892525428683129e-06,78.7351239
2016-02-03,CLH16,CLJ16,3,1.0,0.0,False,0.03228,0.02988,0.08032128514056236,85.04150742,8.892525428683129e-06,85.0599304
2016-02-04,CLH16,CLJ16,4,1.0,0.0,False,0.03172,0.03228,-0.0173482032218093,83.56619007,8.892525428683129e-06,83.58504984
2016-02-05,CLH16,CLJ16,5,1.0,0.0,False,0.03089,0.03172,-0.026166456494325252,81.37955899,8.892525428683129e-06,81.39866855
2016-02-08,CLH16,CLJ16,6,0.8,0.2,False,0.02969,0.03089,-0.038847523470378786,78.21816466,2.6677813517839155e-05,78.2387034
2016-02-09,CLH16,CLJ16,7,0.6,0.4,False,0.0283,0.030080000000000003,-0.059175531914893775,73.58956316,8.892525428683129e-06,73.60958225
2016-02-10,CLH16,CLJ16,8,0.3999999999999999,0.6000000000000001,False,0.028333999999999998,0.028659999999999998,-0.011374738311235144,72.75250114,8.892525428683129e-06,72.77294709
2016-02-11,CLH16,CLJ16,9,0.19999999999999996,0.8,False,0.027782,0.028776,-0.03454267445093129,70.23943518,8.892525428683129e-06,70.25982201
2016-02-12,CLH16,CLJ16,10,0.0,1.0,False,0.031416,0.028306,0.10987069879177547,77.95669101,8.892525428683129e-06,77.97994254
2016-02-16,CLH16,CLJ16,11,0.0,1.0,False,0.030969999999999998,0.03191,-0.029457850203697955,75.66025448,3.5570576179866364e-05,75.68559486
2016-02-17,CLH16,CLJ16,12,0.0,1.0,False,0.032979999999999995,0.030969999999999998,0.06490151759767504,80.57071982,8.892525428683129e-06,80.59837787
2016-02-18,CLH16,CLJ16,13,0.0,1.0,False,0.03293,0.032979999999999995,-0.0015160703456639224,80.44856894,8.892525428683129e-06,80.47690178
2016-02-19,CLH16,CLJ16,14,0.0,1.0,False,0.03175,0.03293,-0.03583358639538414,77.56580819,8.892525428683129e-06,77.59384141
2016-02-22,CLH16,CLJ16,15,0.0,1.0,False,0.03339,0.03175,0.0516535433070866,81.57235702,2.6677813517839155e-05,81.60390829
2016-02-23,CLH16,CLJ16,16,0.0,1.0,False,0.03187,0.03339,-0.045522611560347426,77.8589703,8.892525428683129e-06,77.88981094
2016-02-24,CLH16,CLJ16,17,0.0,1.0,False,0.03215,0.03187,0.008785691873234969,78.54301522,8.892525428683129e-06,78.57481945
2016-02-25,CLH16,CLJ16,18,0.0,1.0,False,0.03307,0.03215,0.02861586314152431,80.79059139,8.892525428683129e-06,80.82400445
2016-02-26,CLH16,CLJ16,19,0.0,1.0,False,0.032780000000000004,0.03307,-0.008769277290595623,80.08211629,8.892525428683129e-06,80.11595507
2016-02-29,CLH16,CLJ16,20,0.0,1.0,False,0.03375,0.032780000000000004,0.029591214154972567,82.45184334,2.6677813517839155e-05,82.48882077
2016-03-01,CLJ16,CLK16,1,1.0,0.0,False,0.0344,0.03375,0.019259259259259087,84.03980477,8.892525428683129e-06,84.07822789
2016-03-02,CLJ16,CLK16,2,1.0,0.0,False,0.034659999999999996,0.0344,0.007558139534883601,84.67498934,8.614523860694945e-06,84.71442716
2016-03-03,CLJ16,CLK16,3,1.0,0.0,False,0.034570000000000004,0.034659999999999996,-0.002596653202538768,84.45511776,8.614523860694945e-06,84.49518295
2016-03-04,CLJ16,CLK16,4,1.0,0.0,False,0.03592,0.034570000000000004,0.03905120046282895,87.75319149,8.614523860694945e-06,87.79554916
2016-03-07,CLJ16,CLK16,5,1.0,0.0,False,0.037899999999999996,0.03592,0.05512249443207118,92.5903663,2.5843794212665472e-05,92.6373278
2016-03-08,CLJ16,CLK16,6,0.8,0.2,False,0.0365,0.037899999999999996,-0.03693931398416883,89.17014169,8.614523860694945e-06,89.21616649
2016-03-09,CLJ16,CLK16,7,0.6,0.4,False,0.038646,0.036884,0.04777139138922015,93.42992343,8.614523860694945e-06,93.47891545
2016-03-10,CLJ16,CLK16,8,0.3999999999999999,0.6000000000000001,False,0.038464,0.039001999999999995,-0.01379416440182546,92.14113571,8.614523860694945e-06,92.1902572
2016-03-11,CLJ16,CLK16,9,0.19999999999999996,0.8,False,0.039454,0.038776,0.01748504229420278,93.75222736,8.614523860694945e-06,93.80300192
2016-03-14,CLJ16,CLK16,10,0.0,1.0,False,0.038508,0.039772,-0.031781152569646975,90.77267352,2.5843794212665472e-05,90.82425863
2016-03-15,CLJ16,CLK16,11,0.0,1.0,False,0.038079999999999996,0.038840000000000006,-0.019567456230690228,88.9964832,8.614523860694945e-06,89.04784133
2016-03-16,CLJ16,CLK16,12,0.0,1.0,False,0.04,0.038079999999999996,0.050420168067226934,93.48370084,8.614523860694945e-06,93.53841556
2016-03-17,CLJ16,CLK16,13,0.0,1.0,False,0.041659999999999996,0.04,0.04149999999999987,97.36327442,8.614523860694945e-06,97.42106559
2016-03-18,CLJ16,CLK16,14,0.0,1.0,False,0.04114,0.041659999999999996,-0.012481997119538901,96.14798631,8.614523860694945e-06,96.20589537
2016-03-21,CLJ16,CLK16,15,0.0,1.0,False,0.04152,0.04114,0.00923675255226053,97.03608147,2.5843794212665472e-05,97.09701175
2016-03-22,CLJ16,CLK16,16,0.0,1.0,False,0.04145,0.04152,-0.001685934489402685,96.87248499,8.614523860694945e-06,96.93414899
2016-03-23,CLJ16,CLK16,17,0.0,1.0,False,0.03979,0.04145,-0.04004825090470454,92.99291141,8.614523860694945e-06,93.05294092
2016-03-24,CLJ16,CLK16,18,0.0,1.0,False,0.03946,0.03979,-0.00829354109072622,92.22167088,8.614523860694945e-06,92.28200414
2016-03-28,CLJ16,CLK16,19,0.0,1.0,False,0.03939,0.03946,-0.00177394830207811,92.0580744,3.445854070527332e-05,92.12148054
2016-03-29,CLJ16,CLK16,20,0.0,1.0,False,0.03828,0.03939,-0.028179741051028162,89.4639017,8.614523860694945e-06,89.52631465
2016-03-30,CLJ16,CLK16,21,0.0,1.0,False,0.03832,0.03828,0.0010449320794148065,89.5573854,8.614523860694945e-06,89.62063479
2016-03-31,CLJ16,CLK16,22,0.0,1.0,False,0.038340000000000006,0.03832,0.000521920668058673,89.60412725,8.614523860694945e-06,89.66818169
2016-04-01,CLK16,CLM16,1,1.0,0.0,False,0.036789999999999996,0.038340000000000006,-0.04042775169535762,85.98163384,8.614523860694945e-06,86.04387115
2016-04-04,CLK16,CLM16,2,1.0,0.0,False,0.0357,0.036789999999999996,-0.029627616200054163,83.43420299,1.9172424259306098e-05,83.49624603
2016-04-05,CLK16,CLM16,3,1.0,0.0,False,0.03589,0.0357,0.005322128851540597,83.87825057,6.390767244512929e-06,83.94115742
2016-04-06,CLK16,CLM16,4,1.0,0.0,False,0.03775,0.03589,0.05182502089718577,88.22524266,6.390767244512929e-06,88.29194611
2016-04-07,CLK16,CLM16,5,1.0,0.0,False,0.03726,0.03775,-0.012980132450331028,87.08006732,6.390767244512929e-06,87.1464692
2016-04-08,CLK16,CLM16,6,0.8,0.2,False,0.03972,0.03726,0.0660225442834137,92.82931492,6.390767244512929e-06,92.90065775
2016-04-11,CLK16,CLM16,7,0.6,0.4,False,0.04063800000000001,0.039973999999999996,0.016610797018062007,94.37128383,1.9172424259306098e-05,94.44559285
2016-04-12,CLK16,CLM16,8,0.3999999999999999,0.6000000000000001,False,0.042702,0.040916,0.04365040570925793,98.49062866,6.390767244512929e-06,98.56878488
2016-04-13,CLK16,CLM16,9,0.19999999999999996,0.8,False,0.04251,0.042968,-0.01065909514056973,97.44080768,6.390767244512929e-06,97.51876076
2016-04-14,CLK16,CLM16,10,0.0,1.0,False,0.042436,0.04276,-0.007577174929840891,96.70248163,6.390767244512929e-06,96.78046727
2016-04-15,CLK16,CLM16,11,0.0,1.0,False,0.041710000000000004,0.04267,-0.02249824232481823,94.52684576,6.390767244512929e-06,94.60369536
2016-04-18,CLK16,CLM16,12,0.0,1.0,False,0.04119,0.041710000000000004,-0.01246703428434448,93.34837633,1.9172424259306098e-05,93.42608163
2016-04-19,CLK16,CLM16,13,0.0,1.0,False,0.04247,0.04119,0.03107550376304946,96.24922415,6.390767244512929e-06,96.32994125
2016-04-20,CLK16,CLM16,14,0.0,1.0,False,0.04418,0.04247,0.04026371556392738,100.12457553,6.390767244512929e-06,100.20915822
2016-04-21,CLK16,CLM16,15,0.0,1.0,False,0.04318,0.04418,-0.02263467632412841,97.85828817,6.390767244512929e-06,97.94159677
2016-04-22,CLK16,CLM16,16,0.0,1.0,False,0.04373,0.04318,0.012737378415933254,99.10474622,6.390767244512929e-06,99.18974188
2016-04-25,CLK16,CLM16,17,0.0,1.0,False,0.04264,0.04373,-0.024925680310999287,96.634493,1.9172424259306098e-05,96.71927179
2016-04-26,CLK16,CLM16,18,0.0,1.0,False,0.044039999999999996,0.04264,0.03283302063789861,99.8072953,6.390767244512929e-06,99.89547574
2016-04-27,CLK16,CLM16,19,0.0,1.0,False,0.045329999999999995,0.044039999999999996,0.029291553133514947,102.73080599,6.390767244512929e-06,102.82220778
2016-04-28,CLK16,CLM16,20,0.0,1.0,False,0.04603,0.045329999999999995,0.015442311934701136,104.31720714,6.390767244512929e-06,104.4106775
2016-04-29,CLK16,CLM16,21,0.0,1.0,False,0.04592,0.04603,-0.0023897458179448217,104.06791553,6.390767244512929e-06,104.16182978
2016-05-02,CLM16,CLN16,1,1.0,0.0,False,0.04478,0.04592,-0.024825783972125426,101.48434794,1.9172424259306098e-05,101.57792773
2016-05-03,CLM16,CLN16,2,1.0,0.0,False,0.04365,0.04478,-0.025234479678427846,98.92344322,8.058542054101281e-06,99.01548014
2016-05-04,CLM16,CLN16,3,1.0,0.0,False,0.04378,0.04365,0.002978235967926679,99.21806058,8.058542054101281e-06,99.31116953
2016-05-05,CLM16,CLN16,4,1.0,0.0,False,0.04432,0.04378,0.012334399269072538,100.44185575,8.058542054101281e-06,100.53691345
2016-05-06,CLM16,CLN16,5,1.0,0.0,False,0.04466,0.04432,0.007671480144404441,101.21239345,8.058542054101281e-06,101.30899056
2016-05-09,CLM16,CLN16,6,0.8,0.2,False,0.04344,0.04466,-0.027317510076130702,98.44752287,2.4175820982907936e-05,98.54393042
2016-05-10,CLM16,CLN16,7,0.6,0.4,False,0.044798000000000004,0.043558,0.02846779007300615,101.25010628,8.058542054101281e-06,101.35005246
2016-05-11,CLM16,CLN16,8,0.3999999999999999,0.6000000000000001,False,0.046542,0.044936,0.035739718711055746,104.8687566,8.058542054101281e-06,104.97309156
2016-05-12,CLM16,CLN16,9,0.19999999999999996,0.8,False,0.04715000000000001,0.046697999999999996,0.009679215383956885,105.88380388,8.058542054101281e-06,105.98999465
2016-05-13,CLM16,CLN16,10,0.0,1.0,False,0.046762,0.04730000000000001,-0.011374207188160845,104.67945956,8.058542054101281e-06,104.78529662
2016-05-16,CLM16,CLN16,11,0.0,1.0,False,0.048420000000000005,0.0469,0.032409381663113246,108.07205612,2.4175820982907936e-05,108.18385656
2016-05-17,CLM16,CLN16,12,0.0,1.0,False,0.04899,0.048420000000000005,0.011771995043370342,109.34427983,8.058542054101281e-06,109.45826819
2016-05-18,CLM16,CLN16,13,0.0,1.0,False,0.048780000000000004,0.04899,-0.004286589099816163,108.87556583,8.058542054101281e-06,108.98994764
2016-05-19,CLM16,CLN16,14,0.0,1.0,False,0.048670000000000005,0.048780000000000004,-0.0022550225502254717,108.63004897,8.058542054101281e-06,108.74505115
2016-05-20,CLM16,CLN16,15,0.0,1.0,False,0.048409999999999995,0.048670000000000005,-0.005342099856174398,108.0497364,8.058542054101281e-06,108.16500055
2016-05-23,CLM16,CLN16,16,0.0,1.0,False,0.04808,0.048409999999999995,-0.006816773393926834,107.31318583,2.4175820982907936e-05,107.43027923
2016-05-24,CLM16,CLN16,17,0.0,1.0,False,0.04862,0.04808,0.011231281198003318,108.5184504,8.058542054101281e-06,108.63772464
2016-05-25,CLM16,CLN16,18,0.0,1.0,False,0.04956,0.04862,0.01933360756890168,110.61650353,8.058542054101281e-06,110.73895923
2016-05-26,CLM16,CLN16,19,0.0,1.0,False,0.049479999999999996,0.04956,-0.0016142050040356404,110.43794582,8.058542054101281e-06,110.56109625
2016-05-27,CLM16,CLN16,20,0.0,1.0,False,0.04933,0.049479999999999996,-0.0030315278900565623,110.10315011,8.058542054101281e-06,110.22681817
2016-05-31,CLM16,CLN16,21,0.0,1.0,False,0.049100000000000005,0.04933,-0.004662477194404935,109.58979668,3.223455785894558e-05,109.71644125
2016-06-01,CLN16,CLQ16,1,1.0,0.0,False,0.04901,0.049100000000000005,-0.0018329938900204512,109.38891925,8.058542054101281e-06,109.51621584
2016-06-02,CLN16,CLQ16,2,1.0,0.0,False,0.04917,0.04901,0.0032646398694144985,109.74603468,7.5025886843160805e-06,109.8745685
2016-06-03,CLN16,CLQ16,3,1.0,0.0,False,0.04862,0.04917,-0.011185682326621982,108.5184504,7.5025886843160805e-06,108.64637083
2016-06-06,CLN16,CLQ16,4,1.0,0.0,False,0.04969,0.04862,0.02200740436034554,110.90665982,2.2507934920090733e-05,111.03984085
2016-06-07,CLN16,CLQ16,5,1.0,0.0,False,0.05036,0.04969,0.013483598309519174,112.40208067,7.5025886843160805e-06,112.53789055
2016-06-08,CLN16,CLQ16,6,0.8,0.2,False,0.05123,0.05036,0.017275615567911018,114.3438958,7.5025886843160805e-06,114.4828962
2016-06-09,CLN16,CLQ16,7,0.6,0.4,False,0.05069200000000001,0.051352,-0.012852469231967478,112.8742944,7.5025886843160805e-06,113.01236722
2016-06-10,CLN16,CLQ16,8,0.3999999999999999,0.6000000000000001,False,0.04933,0.050824,-0.029395561152211647,109.55629118,7.5025886843160805e-06,109.69115316
2016-06-13,CLN16,CLQ16,9,0.19999999999999996,0.8,False,0.049264,0.049460000000000004,-0.003962798220784491,109.1221417,2.2507934920090733e-05,109.25893817
2016-06-14,CLN16,CLQ16,10,0.0,1.0,False,0.048946,0.049392000000000005,-0.009029802397149345,108.13679032,7.5025886843160805e-06,108.27317127
2016-06-15,CLN16,CLQ16,11,0.0,1.0,False,0.0485,0.04906,-0.011414594374235643,106.90245272,7.5025886843160805e-06,107.03808927
2016-06-16,CLN16,CLQ16,12,0.0,1.0,False,0.046740000000000004,0.0485,-0.03628865979381435,103.02310598,7.5025886843160805e-06,103.15462352
2016-06-17,CLN16,CLQ16,13,0.0,1.0,False,0.04856,0.046740000000000004,0.03893881044073577,107.03470317,7.5025886843160805e-06,107.17211577
2016-06-20,CLN16,CLQ16,14,0.0,1.0,False,0.04996,0.04856,0.02883031301482708,110.12054717,2.2507934920090733e-05,110.26433364
2016-06-21,CLN16,CLQ16,15,0.0,1.0,False,0.04985,0.04996,-0.002201761409127312,109.878088,7.5025886843160805e-06,110.02238515
2016-06-22,CLN16,CLQ16,16,0.0,1.0,False,0.04913,0.04985,-0.014443329989969889,108.29108252,7.5025886843160805e-06,108.43412099
2016-06-23,CLN16,CLQ16,17,0.0,1.0,False,0.05011,0.04913,0.019947079177691895,110.45117332,7.5025886843160805e-06,110.59787853
2016-06-24,CLN16,CLQ16,18,0.0,1.0,False,0.04764,0.05011,-0.049291558571143534,105.00686284,7.5025886843160805e-06,105.14716649
2016-06-27,CLN16,CLQ16,19,0.0,1.0,False,0.046329999999999996,0.04764,-0.02749790092359372,102.11939453,2.2507934920090733e-05,102.25820677
2016-06-28,CLN16,CLQ16,20,0.0,1.0,False,0.047850000000000004,0.046329999999999996,0.03280811569177655,105.46973944,7.5025886843160805e-06,105.61387305
2016-06-29,CLN16,CLQ16,21,0.0,1.0,False,0.04988,0.047850000000000004,0.04242424242424225,109.94421323,7.5025886843160805e-06,110.09525398
2016-06-30,CLN16,CLQ16,22,0.0,1.0,False,0.04833,0.04988,-0.031074578989574997,106.52774309,7.5025886843160805e-06,106.67491631
2016-07-01,CLQ16,CLU16,1,1.0,0.0,False,0.04899,0.04833,0.01365611421477353,107.98249812,7.5025886843160805e-06,108.13248149
2016-07-05,CLQ16,CLU16,2,1.0,0.0,False,0.0466,0.04899,-0.04878546642171866,102.71452158,3.445854070527332e-05,102.86091403
2016-07-06,CLQ16,CLU16,3,1.0,0.0,False,0.04743,0.0466,0.01781115879828321,104.54398623,8.614523860694945e-06,104.6938722
2016-07-07,CLQ16,CLU16,4,1.0,0.0,False,0.04514,0.04743,-0.04828167826270291,99.49642712,8.614523860694945e-06,99.63997823
2016-07-08,CLQ16,CLU16,5,1.0,0.0,False,0.04541,0.04514,0.005981391227292798,100.09155418,8.614523860694945e-06,100.23682228
2016-07-11,CLQ16,CLU16,6,0.8,0.2,False,0.04476,0.04541,-0.014314027747192148,98.6588409,2.5843794212665472e-05,98.80462013
2016-07-12,CLQ16,CLU16,7,0.6,0.4,False,0.046953999999999996,0.044912,0.04546669041681506,103.14453188,8.614523860694945e-06,103.29779036
2016-07-13,CLQ16,CLU16,8,0.3999999999999999,0.6000000000000001,False,0.045026,0.047108,-0.044196314850980745,98.58592367,8.614523860694945e-06,98.73329855
2016-07-14,CLQ16,CLU16,9,0.19999999999999996,0.8,False,0.046124,0.045163999999999996,0.021255867505092674,100.681453,8.614523860694945e-06,100.832811
2016-07-15,CLQ16,CLU16,10,0.0,1.0,False,0.046509999999999996,0.046272,0.0051434993084369385,101.19930798,8.614523860694945e-06,101.35231312
2016-07-18,CLQ16,CLU16,11,0.0,1.0,False,0.045939999999999995,0.04665,-0.015219721329046143,99.65908271,2.5843794212665472e-05,99.81237848
2016-07-19,CLQ16,CLU16,12,0.0,1.0,False,0.045450000000000004,0.045939999999999995,-0.010666086199390357,98.59611034,8.614523860694945e-06,98.74863088
2016-07-20,CLQ16,CLU16,13,0.0,1.0,False,0.04575,0.045450000000000004,0.0066006600660064585,99.24690975,8.614523860694945e-06,99.4012877
2016-07-21,CLQ16,CLU16,14,0.0,1.0,False,0.04475,0.04575,-0.021857923497267784,97.07757839,8.614523860694945e-06,97.22943825
2016-07-22,CLQ16,CLU16,15,0.0,1.0,False,0.04419,0.04475,-0.012513966480446892,95.86275283,8.614523860694945e-06,96.01354991
2016-07-25,CLQ16,CLU16,16,0.0,1.0,False,0.04313,0.04419,-0.023987327449649154,93.56326159,2.5843794212665472e-05,93.71292281
2016-07-26,CLQ16,CLU16,17,0.0,1.0,False,0.04292,0.04313,-0.0048690006955716125,93.107702,8.614523860694945e-06,93.25744181
2016-07-27,CLQ16,CLU16,18,0.0,1.0,False,0.04192,0.04292,-0.02329916123019571,90.93837064,8.614523860694945e-06,91.08542501
2016-07-28,CLQ16,CLU16,19,0.0,1.0,False,0.04114,0.04192,-0.018606870229007533,89.24629218,8.614523860694945e-06,89.39139499
2016-07-29,CLQ16,CLU16,20,0.0,1.0,False,0.0416,0.04114,0.011181332036946934,90.24418461,8.614523860694945e-06,90.39167993
2016-08-01,CLU16,CLV16,1,1.0,0.0,False,0.040060000000000005,0.0416,-0.03701923076923064,86.90341431,2.5843794212665472e-05,87.04778553
2016-08-02,CLU16,CLV16,2,1.0,0.0,False,0.039509999999999997,0.040060000000000005,-0.013729405891163449,85.71028206,8.614523860694945e-06,85.85342102
2016-08-03,CLU16,CLV16,3,1.0,0.0,False,0.04083,0.039509999999999997,0.03340926347760065,88.57379946,8.614523860694945e-06,88.72246017
2016-08-04,CLU16,CLV16,4,1.0,0.0,False,0.04193,0.04083,0.026940974773451032,90.96006396,8.614523860694945e-06,91.11349404
2016-08-05,CLU16,CLV16,5,1.0,0.0,False,0.0418,0.04193,-0.003100405437634235,90.67805088,8.614523860694945e-06,90.83179016
2016-08-08,CLU16,CLV16,6,0.8,0.2,False,0.04302,0.0418,0.029186602870813427,93.32463514,2.5843794212665472e-05,93.48520899
2016-08-09,CLU16,CLV16,7,0.6,0.4,False,0.042916,0.043168000000000005,-0.005837657524091933,92.77983788,8.614523860694945e-06,92.94027969
2016-08-10,CLU16,CLV16,8,0.3999999999999999,0.6000000000000001,False,0.042010000000000006,0.043062,-0.024429891783939395,90.51323648,8.614523860694945e-06,90.67055935
2016-08-11,CLU16,CLV16,9,0.19999999999999996,0.8,False,0.043934,0.04216,0.04207779886148,94.32183424,8.614523860694945e-06,94.48655799
2016-08-12,CLU16,CLV16,10,0.0,1.0,False,0.045042,0.044081999999999996,0.02177759629780862,96.37593707,8.614523860694945e-06,96.54506206
2016-08-15,CLU16,CLV16,11,0.0,1.0,False,0.0464,0.04518,0.027003098716246177,98.97838601,2.5843794212665472e-05,99.15457299
2016-08-16,CLU16,CLV16,12,0.0,1.0,False,0.04722,0.0464,0.01767241379310347,100.727573,8.614523860694945e-06,100.9077278
2016-08-17,CLU16,CLV16,13,0.0,1.0,False,0.04752,0.04722,0.006353240152477735,101.36751946,8.614523860694945e-06,101.5496881
2016-08-18,CLU16,CLV16,14,0.0,1.0,False,0.04889,0.04752,0.028829966329966483,104.28994163,8.614523860694945e-06,104.47823699
2016-08-19,CLU16,CLV16,15,0.0,1.0,False,0.04911,0.04889,0.004499897729596913,104.7592357,8.614523860694945e-06,104.9492784
2016-08-22,CLU16,CLV16,16,0.0,1.0,False,0.047409999999999994,0.04911,-0.034616167786601704,101.13287242,2.5843794212665472e-05,101.31904886
2016-08-23,CLU16,CLV16,17,0.0,1.0,False,0.048100000000000004,0.047409999999999994,0.01455389158405418,102.60474928,8.614523860694945e-06,102.79450813
2016-08-24,CLU16,CLV16,18,0.0,1.0,False,0.046770000000000006,0.048100000000000004,-0.027650727650727625,99.7676533,8.614523860694945e-06,99.95305071
2016-08-25,CLU16,CLV16,19,0.0,1.0,False,0.04733,0.046770000000000006,0.011973487278169603,100.96222003,8.614523860694945e-06,101.15069834
2016-08-26,CLU16,CLV16,20,0.0,1.0,False,0.04764,0.04733,0.006549757025142711,101.62349804,8.614523860694945e-06,101.8140822
2016-08-29,CLU16,CLV16,21,0.0,1.0,False,0.046979999999999994,0.04764,-0.01385390428211608,100.21561583,2.5843794212665472e-05,100.40619092
2016-08-30,CLU16,CLV16,22,0.0,1.0,False,0.04635,0.046979999999999994,-0.013409961685823535,98.87172826,8.614523860694945e-06,99.0606127
2016-08-31,CLU16,CLV16,23,0.0,1.0,False,0.044700000000000004,0.04635,-0.035598705501618144,95.35202272,8.614523860694945e-06,95.53503648
2016-09-01,CLV16,CLX16,1,1.0,0.0,False,0.04316,0.044700000000000004,-0.034451901565995646,92.06696422,8.614523860694945e-06,92.2444958
2016-09-02,CLV16,CLX16,2,1.0,0.0,False,0.04444,0.04316,0.029657089898053934,94.79740245,8.892525428683129e-06,94.98101939
2016-09-06,CLV16,CLX16,3,1.0,0.0,False,0.044829999999999995,0.04444,0.008775877587758663,95.62933285,3.5570576179866364e-05,95.81793972
2016-09-07,CLV16,CLX16,4,1.0,0.0,False,0.0455,0.044829999999999995,0.01494534909658718,97.05854661,8.892525428683129e-06,97.25082434
2016-09-08,CLV16,CLX16,5,1.0,0.0,False,0.047619999999999996,0.0455,0.046593406593406606,101.58083494,8.892525428683129e-06,101.78293635
2016-09-09,CLV16,CLX16,6,0.8,0.2,False,0.045880000000000004,0.047619999999999996,-0.03653926921461559,97.86914547,8.892525428683129e-06,98.06476735
2016-09-12,CLV16,CLX16,7,0.6,0.4,False,0.046400000000000004,0.04599600000000001,0.008783372467170869,98.72876663,2.6677813517839155e-05,98.92872288
2016-09-13,CLV16,CLX16,8,0.3999999999999999,0.6000000000000001,False,0.04513199999999999,0.046509999999999996,-0.02962803698129446,95.80362708,8.892525428683129e-06,95.99853875
2016-09-14,CLV16,CLX16,9,0.19999999999999996,0.8,False,0.043922,0.045248,-0.029305162659122974,92.99608621,8.892525428683129e-06,93.18613963
2016-09-15,CLV16,CLX16,10,0.0,1.0,False,0.044398,0.044036000000000006,0.008220546825324693,93.76056489,8.892525428683129e-06,93.95300931
2016-09-16,CLV16,CLX16,11,0.0,1.0,False,0.04362,0.044520000000000004,-0.020215633423180668,91.86513568,8.892525428683129e-06,92.05452519
2016-09-19,CLV16,CLX16,12,0.0,1.0,False,0.043859999999999996,0.04362,0.005502063273727487,92.37058347,2.6677813517839155e-05,92.56347083
2016-09-20,CLV16,CLX16,13,0.0,1.0,False,0.04405,0.043859999999999996,0.0043319653442772665,92.77072964,8.892525428683129e-06,92.9652757
2016-09-21,CLV16,CLX16,14,0.0,1.0,False,0.045340000000000005,0.04405,0.02928490351872881,95.48751151,8.892525428683129e-06,95.68858153
2016-09-22,CLV16,CLX16,15,0.0,1.0,False,0.04632,0.045340000000000005,0.021614468460520397,97.55142332,8.892525428683129e-06,97.75769027
2016-09-23,CLV16,CLX16,16,0.0,1.0,False,0.04448,0.04632,-0.039723661485319584,93.6763236,8.892525428683129e-06,93.87526618
2016-09-26,CLV16,CLX16,17,0.0,1.0,False,0.04593,0.04448,0.03259892086330929,96.73007066,2.6677813517839155e-05,96.93800294
2016-09-27,CLV16,CLX16,18,0.0,1.0,False,0.04467,0.04593,-0.02743305029392551,94.07646977,8.892525428683129e-06,94.27955986
2016-09-28,CLV16,CLX16,19,0.0,1.0,False,0.047049999999999995,0.04467,0.05327960599955217,99.08882701,8.892525428683129e-06,99.30357604
2016-09-29,CLV16,CLX16,20,0.0,1.0,False,0.04783,0.047049999999999995,0.016578108395324254,100.73153232,8.892525428683129e-06,100.95072454
2016-09-30,CLV16,CLX16,21,0.0,1.0,False,0.048240000000000005,0.04783,0.008572025925151827,101.59500563,8.892525428683129e-06,101.81697448
2016-10-03,CLX16,CLZ16,1,1.0,0.0,False,0.04881,0.048240000000000005,0.011815920398009938,102.79544413,2.6677813517839155e-05,103.022752
2016-10-04,CLX16,CLZ16,2,1.0,0.0,False,0.04869,0.04881,-0.0024585125998771717,102.54272024,9.448549896262648e-06,102.77044269
2016-10-05,CLX16,CLZ16,3,1.0,0.0,False,0.04983,0.04869,0.023413431916204708,104.94359724,9.448549896262648e-06,105.17762249
2016-10-06,CLX16,CLZ16,4,1.0,0.0,False,0.05044,0.04983,0.012241621513144674,106.22827704,9.448549896262648e-06,106.46616091
2016-10-07,CLX16,CLZ16,5,1.0,0.0,False,0.04981,0.05044,-0.01249008723235523,104.90147659,9.448549896262648e-06,105.13739522
2016-10-10,CLX16,CLZ16,6,0.8,0.2,False,0.05135,0.04981,0.030917486448504228,108.14476657,2.8345917514771557e-05,108.39095943
2016-10-11,CLX16,CLZ16,7,0.6,0.4,False,0.05088,0.05145400000000001,-0.011155595288996123,106.93834732,9.448549896262648e-06,107.18281789
2016-10-12,CLX16,CLZ16,8,0.3999999999999999,0.6000000000000001,False,0.050364,0.05097,-0.011889346674514467,105.66692024,9.448549896262648e-06,105.90949694
2016-10-13,CLX16,CLZ16,9,0.19999999999999996,0.8,False,0.050686,0.050456,0.004558427144442767,106.1485952,9.448549896262648e-06,106.39327836
2016-10-14,CLX16,CLZ16,10,0.0,1.0,False,0.05067,0.050768,-0.001930349826662514,105.94369128,9.448549896262648e-06,106.18890738
2016-10-17,CLX16,CLZ16,11,0.0,1.0,False,0.05037,0.05075,-0.007487684729064137,105.15041832,2.8345917514771557e-05,105.39680834
2016-10-18,CLX16,CLZ16,12,0.0,1.0,False,0.05062,0.05037,0.004963271788763102,105.67230842,9.448549896262648e-06,105.92091719
2016-10-19,CLX16,CLZ16,13,0.0,1.0,False,0.05182,0.05062,0.023706045041485657,108.17738092,9.448549896262648e-06,108.43288402
2016-10-20,CLX16,CLZ16,14,0.0,1.0,False,0.05063,0.05182,-0.022964106522578076,105.69318402,9.448549896262648e-06,105.94384425
2016-10-21,CLX16,CLZ16,15,0.0,1.0,False,0.05085,0.05063,0.004345249851866351,106.15244731,9.448549896262648e-06,106.40519774
2016-10-24,CLX16,CLZ16,16,0.0,1.0,False,0.05052,0.05085,-0.006489675516224147,105.46355237,2.8345917514771557e-05,105.71767868
2016-10-25,CLX16,CLZ16,17,0.0,1.0,False,0.04996,0.05052,-0.011084718923198844,104.29451854,9.448549896262648e-06,104.54682681
2016-10-26,CLX16,CLZ16,18,0.0,1.0,False,0.04918,0.04996,-0.015612489991993495,102.66622141,9.448549896262648e-06,102.91557834
2016-10-27,CLX16,CLZ16,19,0.0,1.0,False,0.04972,0.04918,0.010980073200487883,103.79350404,9.448549896262648e-06,104.04657133
2016-10-28,CLX16,CLZ16,20,0.0,1.0,False,0.0487,0.04972,-0.020514883346741786,101.66419241,9.448549896262648e-06,101.91305114
2016-10-31,CLX16,CLZ16,21,0.0,1.0,False,0.04686,0.0487,-0.03778234086242305,97.82308124,2.8345917514771557e-05,98.06542632
2016-11-01,CLZ16,CLF17,1,1.0,0.0,False,0.04667,0.04686,-0.004054630815194082,97.42644476,9.448549896262648e-06,97.6687338
2016-11-02,CLZ16,CLF17,2,1.0,0.0,False,0.045340000000000005,0.04667,-0.028497964431111966,94.6499894,1.3341517768550304e-05,94.88667674
2016-11-03,CLZ16,CLF17,3,1.0,0.0,False,0.04466,0.045340000000000005,-0.014997794441994006,93.23044832,1.3341517768550304e-05,93.4648518
2016-11-04,CLZ16,CLF17,4,1.0,0.0,False,0.04407,0.04466,-0.013210927004030482,91.99878767,1.3341517768550304e-05,92.23134143
2016-11-07,CLZ16,CLF17,5,1.0,0.0,False,0.04489,0.04407,0.018606761969593766,93.71058721,4.002508729605836e-05,93.95115961
2016-11-08,CLZ16,CLF17,6,0.8,0.2,False,0.04498,0.04489,0.002004900868790349,93.89846765,1.3341517768550304e-05,94.14077582
2016-11-09,CLZ16,CLF17,7,0.6,0.4,False,0.04540400000000001,0.045106,0.006606659867866904,94.51882289,1.3341517768550304e-05,94.76398789
2016-11-10,CLZ16,CLF17,8,0.3999999999999999,0.6000000000000001,False,0.044939999999999994,0.045538,-0.013131889850235168,93.27761212,1.3341517768550304e-05,93.52082194
2016-11-11,CLZ16,CLF17,9,0.19999999999999996,0.8,False,0.043854000000000004,0.045079999999999995,-0.027196095829636002,90.74082524,1.3341517768550304e-05,90.97866841
2016-11-14,CLZ16,CLF17,10,0.0,1.0,False,0.043816,0.044002,-0.004227080587245968,90.35725646,4.002508729605836e-05,90.59773568
2016-11-15,CLZ16,CLF17,11,0.0,1.0,False,0.04639,0.04394,0.055757851615839904,95.39538296,1.3341517768550304e-05,95.6504795
2016-11-16,CLZ16,CLF17,12,0.0,1.0,False,0.0461,0.04639,-0.006251347273119157,94.79903329,1.3341517768550304e-05,95.05381126
2016-11-17,CLZ16,CLF17,13,0.0,1.0,False,0.04598,0.0461,-0.0026030368763557687,94.55226791,1.3341517768550304e-05,94.80765085
2016-11-18,CLZ16,CLF17,14,0.0,1.0,False,0.04636,0.04598,0.008264462809917328,95.33369161,1.3341517768550304e-05,95.59245003
2016-11-21,CLZ16,CLF17,15,0.0,1.0,False,0.048240000000000005,0.04636,0.04055220017256267,99.19968256,4.002508729605836e-05,99.4727603
2016-11-22,CLZ16,CLF17,16,0.0,1.0,False,0.04803,0.048240000000000005,-0.0043532338308458485,98.76784315,1.3341517768550304e-05,99.04105924
2016-11-23,CLZ16,CLF17,17,0.0,1.0,False,0.04796,0.04803,-0.0014574224443056893,98.62389668,1.3341517768550304e-05,98.89803594
2016-11-25,CLZ16,CLF17,18,0.0,1.0,False,0.046060000000000004,0.04796,-0.03961634695579652,94.71677817,2.6683213532940897e-05,94.98269595
2016-11-28,CLZ16,CLF17,19,0.0,1.0,False,0.04708,0.046060000000000004,0.022145028224055396,96.8142839,4.002508729605836e-05,97.08989213
2016-11-29,CLZ16,CLF17,20,0.0,1.0,False,0.04523,0.04708,-0.039294817332200416,93.0099843,1.3341517768550304e-05,93.27605788
2016-11-30,CLZ16,CLF17,21,0.0,1.0,False,0.04944,0.04523,0.09307981428255574,101.66733637,1.3341517768550304e-05,101.95942047
2016-12-01,CLF17,CLG17,1,1.0,0.0,False,0.05106,0.04944,0.03276699029126218,104.99866899,1.3341517768550304e-05,105.3016841
2016-12-02,CLF17,CLG17,2,1.0,0.0,False,0.05168,0.05106,0.012142577359968598,106.27362345,1.4454050440093624e-05,106.58183998
2016-12-05,CLF17,CLG17,3,1.0,0.0,False,0.051789999999999996,0.05168,0.002128482972136192,106.49982505,4.3362778082256526e-05,106.8133193
2016-12-06,CLF17,CLG17,4,1.0,0.0,False,0.05093,0.051789999999999996,-0.016605522301602504,104.73133983,1.4454050440093624e-05,105.04117223
2016-12-07,CLF17,CLG17,5,1.0,0.0,False,0.04977,0.05093,-0.02277635970940506,102.34594116,1.4454050440093624e-05,102.65023498
2016-12-08,CLF17,CLG17,6,0.8,0.2,False,0.05084,0.04977,0.021498894916616385,104.54626579,1.4454050440093624e-05,104.8585853
2016-12-09,CLF17,CLG17,7,0.6,0.4,False,0.051688,0.05104800000000001,0.012537219871493255,105.85698531,1.4454050440093624e-05,106.17473607
2016-12-12,CLF17,CLG17,8,0.3999999999999999,0.6000000000000001,False,0.053197999999999995,0.051876,0.025483846094533025,108.55462843,4.3362778082256526e-05,108.88508073
2016-12-13,CLF17,CLG17,9,0.19999999999999996,0.8,False,0.053556,0.053382,0.0032595256828145125,108.90846503,1.4454050440093624e-05,109.24156828
2016-12-14,CLF17,CLG17,10,0.0,1.0,False,0.05188000000000001,0.05374799999999999,-0.0347547815732675,105.12337512,1.4454050440093624e-05,105.44648042
2016-12-15,CLF17,CLG17,11,0.0,1.0,False,0.05197,0.052090000000000004,-0.00230370512574396,104.88120186,1.4454050440093624e-05,105.20508695
2016-12-16,CLF17,CLG17,12,0.0,1.0,False,0.052950000000000004,0.05197,0.018857032903598192,106.85895013,1.4454050440093624e-05,107.19046337
2016-12-19,CLF17,CLG17,13,0.0,1.0,False,0.05306,0.052950000000000004,0.002077431539187824,107.08094228,4.3362778082256526e-05,107.41779229
2016-12-20,CLF17,CLG17,14,0.0,1.0,False,0.0533,0.05306,0.004523181304183943,107.5652888,1.4454050440093624e-05,107.90521507
2016-12-21,CLF17,CLG17,15,0.0,1.0,False,0.05249,0.0533,-0.015196998123827354,105.93061931,1.4454050440093624e-05,106.26693939
2016-12-22,CLF17,CLG17,16,0.0,1.0,False,0.052950000000000004,0.05249,0.008763574014097886,106.85895013,1.4454050440093624e-05,107.19975356
2016-12-23,CLF17,CLG17,17,0.0,1.0,False,0.053020000000000005,0.052950000000000004,0.0013220018885742313,107.00021786,1.4454050440093624e-05,107.3430213
2016-12-27,CLF17,CLG17,18,0.0,1.0,False,0.053899999999999997,0.053020000000000005,0.016597510373443924,108.77615509,5.781745529032101e-05,109.13085451
2016-12-28,CLF17,CLG17,19,0.0,1.0,False,0.054060000000000004,0.053899999999999997,0.0029684601113173503,109.09905277,1.4454050440093624e-05,109.45638248
2016-12-29,CLF17,CLG17,20,0.0,1.0,False,0.053770000000000005,0.054060000000000004,-0.005364409914909385,108.51380073,1.4454050440093624e-05,108.87079567
2016-12-30,CLF17,CLG17,21,0.0,1.0,False,0.05372,0.053770000000000005,-0.0009298865538406309,108.41289521,1.4454050440093624e-05,108.77113181
2017-01-03,CLG17,CLH17,1,1.0,0.0,False,0.05233,0.05372,-0.025874906924795105,105.60772164,5.781745529032101e-05,105.96297777
2017-01-04,CLG17,CLH17,2,1.0,0.0,False,0.053259999999999995,0.05233,0.017771832600802506,107.48456439,1.4454050440093624e-05,107.84766567
2017-01-05,CLG17,CLH17,3,1.0,0.0,False,0.053759999999999995,0.053259999999999995,0.009387908374014264,108.49361963,1.4454050440093624e-05,108.86168851
2017-01-06,CLG17,CLH17,4,1.0,0.0,False,0.05399,0.053759999999999995,0.004278273809523947,108.95778504,1.4454050440093624e-05,109.32900211
2017-01-09,CLG17,CLH17,5,1.0,0.0,False,0.05196,0.05399,-0.0375995554732359,104.86102076,4.3362778082256526e-05,105.22302104
2017-01-10,CLG17,CLH17,6,0.8,0.2,False,0.05082,0.05196,-0.021939953810623636,102.56037481,1.4454050440093624e-05,102.91595372
2017-01-11,CLG17,CLH17,7,0.6,0.4,False,0.05241200000000001,0.050996,0.02776688367715119,105.40815681,1.4454050440093624e-05,105.77509659
2017-01-12,CLG17,CLH17,8,0.3999999999999999,0.6000000000000001,False,0.053342,0.052573999999999996,0.01460798113135775,106.94795718,1.4454050440093624e-05,107.32178609
2017-01-13,CLG17,CLH17,9,0.19999999999999996,0.8,False,0.052837999999999996,0.053508,-0.01252149211332887,105.60880918,1.4454050440093624e-05,105.97950843
2017-01-17,CLG17,CLH17,10,0.0,1.0,False,0.053104,0.052994,0.0020757066837755467,105.82802209,5.781745529032101e-05,106.20561827
2017-01-18,CLG17,CLH17,11,0.0,1.0,False,0.05189,0.053259999999999995,-0.025722868944799027,103.10582175,1.4454050440093624e-05,103.47524017
2017-01-19,CLG17,CLH17,12,0.0,1.0,False,0.05212,0.05189,0.004432453266525416,103.56283349,1.4454050440093624e-05,103.93538498
2017-01-20,CLG17,CLH17,13,0.0,1.0,False,0.053219999999999996,0.05212,0.021105141980046094,105.74854179,1.4454050440093624e-05,106.13045832
2017-01-23,CLG17,CLH17,14,0.0,1.0,False,0.05275,0.053219999999999996,-0.00883126644118748,104.81464824,4.3362778082256526e-05,105.19779407
2017-01-24,CLG17,CLH17,15,0.0,1.0,False,0.05318,0.05275,0.008151658767772574,105.66906149,1.4454050440093624e-05,106.05685113
2017-01-25,CLG17,CLH17,16,0.0,1.0,False,0.05275,0.05318,-0.008085746521248605,104.81464824,1.4454050440093624e-05,105.20083526
2017-01-26,CLG17,CLH17,17,0.0,1.0,False,0.05378,0.05275,0.019526066350710858,106.86126602,1.4454050440093624e-05,107.25651433
2017-01-27,CLG17,CLH17,18,0.0,1.0,False,0.05317,0.05378,-0.011342506507995509,105.64919141,1.4454050440093624e-05,106.0415069
2017-01-30,CLG17,CLH17,19,0.0,1.0,False,0.05263,0.05317,-0.010156103065638522,104.57620733,4.3362778082256526e-05,104.96913668
2017-01-31,CLG17,CLH17,20,0.0,1.0,False,0.05281,0.05263,0.0034201026030780124,104.93386869,1.4454050440093624e-05,105.32965913
2017-02-01,CLH17,CLJ17,1,1.0,0.0,False,0.053880000000000004,0.05281,0.02026131414504828,107.05996677,1.4454050440093624e-05,107.46529888
2017-02-02,CLH17,CLJ17,2,1.0,0.0,False,0.05354,0.053880000000000004,-0.00631031922791403,106.3843842,1.473220140102427e-05,106.78874174
2017-02-03,CLH17,CLJ17,3,1.0,0.0,False,0.053829999999999996,0.05354,0.005416511019798342,106.96061639,1.473220140102427e-05,107.36873737
2017-02-06,CLH17,CLJ17,4,1.0,0.0,False,0.053009999999999995,0.053829999999999996,-0.01523314137098275,105.3312702,4.419725531978891e-05,105.73791962
2017-02-07,CLH17,CLJ17,5,1.0,0.0,False,0.05217,0.053009999999999995,-0.015846066779852785,103.66218386,1.473220140102427e-05,104.06394724
2017-02-08,CLH17,CLJ17,6,0.8,0.2,False,0.052340000000000005,0.05217,0.0032585777266629368,103.99997514,1.473220140102427e-05,104.40458079
2017-02-09,CLH17,CLJ17,7,0.6,0.4,False,0.053092,0.05245400000000001,0.01216303809051733,105.2649308,1.473220140102427e-05,105.67599579
2017-02-10,CLH17,CLJ17,8,0.3999999999999999,0.6000000000000001,False,0.054048,0.053183999999999995,0.016245487364620947,106.9750109,1.473220140102427e-05,107.39431068
2017-02-13,CLH17,CLJ17,9,0.19999999999999996,0.8,False,0.05323,0.054141999999999996,-0.016844593845812827,105.17306029,4.419725531978891e-05,105.59004367
2017-02-14,CLH17,CLJ17,10,0.0,1.0,False,0.053608,0.05333,0.005212825801612642,105.72130913,1.473220140102427e-05,106.14202175
2017-02-15,CLH17,CLJ17,11,0.0,1.0,False,0.0536,0.05371,-0.0020480357475329836,105.50478811,1.473220140102427e-05,105.9262028
2017-02-16,CLH17,CLJ17,12,0.0,1.0,False,0.05375,0.0536,0.002798507462686617,105.80004405,1.473220140102427e-05,106.2241986
2017-02-17,CLH17,CLJ17,13,0.0,1.0,False,0.05378,0.05375,0.0005581395348837059,105.85909524,1.473220140102427e-05,106.28505144
2017-02-21,CLH17,CLJ17,14,0.0,1.0,False,0.054329999999999996,0.05378,0.010226850130159892,106.94170034,5.8930107843746526e-05,107.37827612
2017-02-22,CLH17,CLJ17,15,0.0,1.0,False,0.053590000000000006,0.054329999999999996,-0.013620467513344225,105.48510438,1.473220140102427e-05,105.91731571
2017-02-23,CLH17,CLJ17,16,0.0,1.0,False,0.054450000000000005,0.053590000000000006,0.016047770106363046,107.17790508,1.473220140102427e-05,107.61861283
2017-02-24,CLH17,CLJ17,17,0.0,1.0,False,0.05399,0.054450000000000005,-0.008448117539026634,106.27245354,1.473220140102427e-05,106.7110236
2017-02-27,CLH17,CLJ17,18,0.0,1.0,False,0.054049999999999994,0.05399,0.0011113169105387843,106.39055591,4.419725531978891e-05,106.83432969
2017-02-28,CLH17,CLJ17,19,0.0,1.0,False,0.054009999999999996,0.054049999999999994,-0.0007400555041627843,106.31182099,1.473220140102427e-05,106.75684026
2017-03-01,CLJ17,CLK17,1,1.0,0.0,False,0.053829999999999996,0.054009999999999996,-0.003332716163673366,105.95751387,1.473220140102427e-05,106.40262278
2017-03-02,CLJ17,CLK17,2,1.0,0.0,False,0.05261,0.053829999999999996,-0.022663942039754748,103.55609892,2.1409960676344042e-05,103.99339798
2017-03-03,CLJ17,CLK17,3,1.0,0.0,False,0.053329999999999995,0.05261,0.01368561110055122,104.97332742,2.1409960676344042e-05,105.41883768
2017-03-06,CLJ17,CLK17,4,1.0,0.0,False,0.053200000000000004,0.053329999999999995,-0.0024376523532718686,104.71743894,6.42312571978998e-05,105.16863439
2017-03-07,CLJ17,CLK17,5,1.0,0.0,False,0.05314,0.053200000000000004,-0.0011278195488723108,104.59933657,2.1409960676344042e-05,105.05227481
2017-03-08,CLJ17,CLK17,6,0.8,0.2,False,0.05028,0.05314,-0.053820097854723414,98.96979004,2.1409960676344042e-05,99.40060026
2017-03-09,CLJ17,CLK17,7,0.6,0.4,False,0.04939000000000001,0.050390000000000004,-0.01984520738241702,97.00571403,2.1409960676344042e-05,97.43010289
2017-03-10,CLJ17,CLK17,8,0.3999999999999999,0.6000000000000001,False,0.048706000000000006,0.0495,-0.016040404040403966,95.44970318,2.1409960676344042e-05,95.86937065
2017-03-13,CLJ17,CLK17,9,0.19999999999999996,0.8,False,0.048723999999999996,0.048814,-0.0018437333551851731,95.27371938,6.42312571978998e-05,95.69877091
2017-03-14,CLJ17,CLK17,10,0.0,1.0,False,0.048224,0.048832,-0.012450851900393078,94.08748041,2.1409960676344042e-05,94.50928859
2017-03-15,CLJ17,CLK17,11,0.0,1.0,False,0.04938,0.048350000000000004,0.021302998965873732,96.09182591,2.1409960676344042e-05,96.52464331
2017-03-16,CLJ17,CLK17,12,0.0,1.0,False,0.04924,0.04938,-0.0028351559335764165,95.8193906,2.1409960676344042e-05,96.25304748
2017-03-17,CLJ17,CLK17,13,0.0,1.0,False,0.04931,0.04924,0.0014216084484159897,95.95560826,2.1409960676344042e-05,96.3919424
2017-03-20,CLJ17,CLK17,14,0.0,1.0,False,0.048909999999999995,0.04931,-0.008111944838775198,95.17722166,6.42312571978998e-05,95.61620766
2017-03-21,CLJ17,CLK17,15,0.0,1.0,False,0.048240000000000005,0.048909999999999995,-0.013698630136986134,93.8734241,2.1409960676344042e-05,94.30844373
2017-03-22,CLJ17,CLK17,16,0.0,1.0,False,0.04804,0.048240000000000005,-0.004145936981758025,93.4842308,2.1409960676344042e-05,93.91946601
2017-03-23,CLJ17,CLK17,17,0.0,1.0,False,0.047700000000000006,0.04804,-0.007077435470441151,92.82260219,2.1409960676344042e-05,93.25676786
2017-03-24,CLJ17,CLK17,18,0.0,1.0,False,0.04797,0.047700000000000006,0.005660377358490454,93.34801315,2.1409960676344042e-05,93.78663299
2017-03-27,CLJ17,CLK17,19,0.0,1.0,False,0.047729999999999995,0.04797,-0.005003126954346571,92.88098119,6.42312571978998e-05,93.32343059
2017-03-28,CLJ17,CLK17,20,0.0,1.0,False,0.048369999999999996,0.047729999999999995,0.013408757594804088,94.12639975,2.1409960676344042e-05,94.5767799
2017-03-29,CLJ17,CLK17,21,0.0,1.0,False,0.04951,0.048369999999999996,0.02356832747570814,96.34480156,2.1409960676344042e-05,96.8078213
2017-03-30,CLJ17,CLK17,22,0.0,1.0,False,0.05035,0.04951,0.016966269440517046,97.97941342,2.1409960676344042e-05,98.45236153
2017-03-31,CLJ17,CLK17,23,0.0,1.0,False,0.0506,0.05035,0.0049652432969216065,98.46590505,2.1409960676344042e-05,98.94330932
2017-04-03,CLK17,CLM17,1,1.0,0.0,False,0.05024,0.0506,-0.007114624505928813,97.76535711,6.42312571978998e-05,98.24572008
2017-04-04,CLK17,CLM17,2,1.0,0.0,False,0.05103,0.05024,0.015724522292993592,99.30267065,2.2523319511469353e-05,99.79279992
2017-04-05,CLK17,CLM17,3,1.0,0.0,False,0.05115,0.05103,0.0023515579071136106,99.53618663,2.2523319511469353e-05,100.02971613
2017-04-06,CLK17,CLM17,4,1.0,0.0,False,0.0517,0.05115,0.010752688172043001,100.60646821,2.2523319511469353e-05,101.10755748
2017-04-07,CLK17,CLM17,5,1.0,0.0,False,0.05224,0.0517,0.010444874274661453,101.65729012,2.2523319511469353e-05,102.16589048
2017-04-10,CLK17,CLM17,6,0.8,0.2,False,0.053079999999999995,0.05224,0.016079632465543447,103.29190198,6.75714804454497e-05,103.81558395
2017-04-11,CLK17,CLM17,7,0.6,0.4,False,0.053478,0.05316,0.005981941309255001,103.90978808,2.2523319511469353e-05,104.43894096
2017-04-12,CLK17,CLM17,8,0.3999999999999999,0.6000000000000001,False,0.053274,0.053556,-0.005265516468742959,103.36264938,2.2523319511469353e-05,103.89136831
2017-04-13,CLK17,CLM17,9,0.19999999999999996,0.8,False,0.05343200000000001,0.053356,0.0014243946322813894,103.50987858,2.2523319511469353e-05,104.04169059
2017-04-17,CLK17,CLM17,10,0.0,1.0,False,0.053017999999999996,0.053516,-0.009305628223335138,102.54665413,9.009632189105332e-05,103.08289107
2017-04-18,CLK17,CLM17,11,0.0,1.0,False,0.05285,0.05311,-0.004895499905855694,102.04463699,2.2523319511469353e-05,102.58057055
2017-04-19,CLK17,CLM17,12,0.0,1.0,False,0.05085,0.05285,-0.03784295175023655,98.18296672,2.2523319511469353e-05,98.70092943
2017-04-20,CLK17,CLM17,13,0.0,1.0,False,0.05071,0.05085,-0.002753195673549702,97.9126498,2.2523319511469353e-05,98.43140953
2017-04-21,CLK17,CLM17,14,0.0,1.0,False,0.04962,0.05071,-0.021494774206270995,95.8080395,2.2523319511469353e-05,96.31786561
2017-04-24,CLK17,CLM17,15,0.0,1.0,False,0.049229999999999996,0.04962,-0.007859733978234584,95.0550138,6.75714804454497e-05,95.56734115
2017-04-25,CLK17,CLM17,16,0.0,1.0,False,0.04956,0.049229999999999996,0.006703229737964778,95.6921894,2.2523319511469353e-05,96.21010349
2017-04-26,CLK17,CLM17,17,0.0,1.0,False,0.04962,0.04956,0.001210653753026536,95.80803951,2.2523319511469353e-05,96.32874759
2017-04-27,CLK17,CLM17,18,0.0,1.0,False,0.04897,0.04962,-0.013099556630390974,94.55299667,2.2523319511469353e-05,95.06905335
2017-04-28,CLK17,CLM17,19,0.0,1.0,False,0.04933,0.04897,0.007351439656932746,95.24809732,2.2523319511469353e-05,95.77008903
2017-05-01,CLM17,CLN17,1,1.0,0.0,False,0.04884,0.04933,-0.009933103588080194,94.3019881,6.75714804454497e-05,94.82526614
2017-05-02,CLM17,CLN17,2,1.0,0.0,False,0.047659999999999994,0.04884,-0.024160524160524277,92.02360264,2.5307215616221512e-05,92.53663777
2017-05-03,CLM17,CLN17,3,1.0,0.0,False,0.04782,0.047659999999999994,0.003357112882920843,92.33253626,2.5307215616221512e-05,92.84963555
2017-05-04,CLM17,CLN17,4,1.0,0.0,False,0.045520000000000005,0.04782,-0.048097030531158436,87.89161544,2.5307215616221512e-05,88.38619356
2017-05-05,CLM17,CLN17,5,1.0,0.0,False,0.04622,0.045520000000000005,0.015377855887521719,89.24320004,2.5307215616221512e-05,89.74762052
2017-05-08,CLM17,CLN17,6,0.8,0.2,False,0.04643,0.04622,0.004543487667676427,89.64867542,7.592356823016289e-05,90.16220169
2017-05-09,CLM17,CLN17,7,0.6,0.4,False,0.04595800000000001,0.046512000000000005,-0.011910904712762127,88.58087859,2.5307215616221512e-05,89.09057005
2017-05-10,CLM17,CLN17,8,0.3999999999999999,0.6000000000000001,False,0.047478,0.04603600000000001,0.031323312190459474,91.3555251,2.5307215616221512e-05,91.88343642
2017-05-11,CLM17,CLN17,9,0.19999999999999996,0.8,False,0.048052,0.047552,0.010514804845222159,92.31611062,2.5307215616221512e-05,92.85189814
2017-05-12,CLM17,CLN17,10,0.0,1.0,False,0.04810400000000001,0.048126,-0.00045713335826780277,92.27390985,2.5307215616221512e-05,92.81180227
2017-05-15,CLM17,CLN17,11,0.0,1.0,False,0.049159999999999995,0.048170000000000004,0.02055221091965942,94.17034271,7.592356823016289e-05,94.72633661
2017-05-16,CLM17,CLN17,12,0.0,1.0,False,0.049,0.049159999999999995,-0.0032546786004881145,93.86384851,2.5307215616221512e-05,94.42043009
2017-05-17,CLM17,CLN17,13,0.0,1.0,False,0.049409999999999996,0.049,0.008367346938775277,94.6492399,2.5307215616221512e-05,95.21286811
2017-05-18,CLM17,CLN17,14,0.0,1.0,False,0.049659999999999996,0.049409999999999996,0.0050597045132563245,95.12813709,2.5307215616221512e-05,95.69702666
2017-05-19,CLM17,CLN17,15,0.0,1.0,False,0.05067,0.049659999999999996,0.020338300443012658,97.06288172,2.5307215616221512e-05,97.64576336
2017-05-22,CLM17,CLN17,16,0.0,1.0,False,0.05113,0.05067,0.00907835010854563,97.94405254,7.592356823016289e-05,98.5396394
2017-05-23,CLM17,CLN17,17,0.0,1.0,False,0.05147,0.05113,0.006649716409153239,98.59535271,2.5307215616221512e-05,99.19739382
2017-05-24,CLM17,CLN17,18,0.0,1.0,False,0.05136,0.05147,-0.0021371672819118226,98.38463795,2.5307215616221512e-05,98.98790281
2017-05-25,CLM17,CLN17,19,0.0,1.0,False,0.0489,0.05136,-0.04789719626168232,93.67228964,2.5307215616221512e-05,94.24916491
2017-05-26,CLM17,CLN17,20,0.0,1.0,False,0.0498,0.0489,0.018404907975460016,95.39631951,2.5307215616221512e-05,95.9861973
2017-05-30,CLM17,CLN17,21,0.0,1.0,False,0.049659999999999996,0.0498,-0.0028112449799196915,95.12813709,0.0001012327052605233,95.72607353
2017-05-31,CLM17,CLN17,22,0.0,1.0,False,0.04832,0.049659999999999996,-0.026983487716471855,92.56124817,2.5307215616221512e-05,93.14547276
2017-06-01,CLN17,CLQ17,1,1.0,0.0,False,0.04836,0.04832,0.0008278145695364003,92.63787172,2.5307215616221512e-05,93.22493719
2017-06-02,CLN17,CLQ17,2,1.0,0.0,False,0.047659999999999994,0.04836,-0.01447477253928875,91.2969596,2.781333186185897e-05,91.87812033
2017-06-05,CLN17,CLQ17,3,1.0,0.0,False,0.0474,0.047659999999999994,-0.0054553084347460645,90.79890653,8.344231635160071e-05,91.38456337
2017-06-06,CLN17,CLQ17,4,1.0,0.0,False,0.04819,0.0474,0.016666666666666607,92.31222164,2.781333186185897e-05,92.91018114
2017-06-07,CLN17,CLQ17,5,1.0,0.0,False,0.04572,0.04819,-0.05125544718821329,87.58071744,2.781333186185897e-05,88.1506124
2017-06-08,CLN17,CLQ17,6,0.8,0.2,False,0.04564,0.04572,-0.0017497812773402677,87.42747034,2.781333186185897e-05,87.99881987
2017-06-09,CLN17,CLQ17,7,0.6,0.4,False,0.045877999999999995,0.04569,0.004114685926898565,87.78720692,2.781333186185897e-05,88.36335491
2017-06-12,CLN17,CLQ17,8,0.3999999999999999,0.6000000000000001,False,0.046175999999999995,0.045925999999999995,0.0054435396071941256,88.26508006,8.344231635160071e-05,88.85173758
2017-06-13,CLN17,CLQ17,9,0.19999999999999996,0.8,False,0.046586,0.046224,0.007831429560401615,88.95632182,2.781333186185897e-05,89.55004497
2017-06-14,CLN17,CLQ17,10,0.0,1.0,False,0.04488999999999999,0.046628,-0.037273741099768554,85.64058691,2.781333186185897e-05,86.21467046
2017-06-15,CLN17,CLQ17,11,0.0,1.0,False,0.04468,0.04493,-0.005564210994880914,85.16406461,2.781333186185897e-05,85.73735176
2017-06-16,CLN17,CLQ17,12,0.0,1.0,False,0.044969999999999996,0.04468,0.006490599820949017,85.71683047,2.781333186185897e-05,86.29622324
2017-06-19,CLN17,CLQ17,13,0.0,1.0,False,0.04443,0.044969999999999996,-0.012008005336891281,84.68754231,8.344231635160071e-05,85.26717849
2017-06-20,CLN17,CLQ17,14,0.0,1.0,False,0.04351,0.04443,-0.020706729687148262,82.93394026,2.781333186185897e-05,83.50394563
2017-06-21,CLN17,CLQ17,15,0.0,1.0,False,0.04253,0.04351,-0.022523557802804017,81.06597286,2.781333186185897e-05,81.6254622
2017-06-22,CLN17,CLQ17,16,0.0,1.0,False,0.04274,0.04253,0.004937691041617676,81.46625159,2.781333186185897e-05,82.03077379
2017-06-23,CLN17,CLQ17,17,0.0,1.0,False,0.04301,0.04274,0.006317267197005094,81.98089567,2.781333186185897e-05,82.55126566
2017-06-26,CLN17,CLQ17,18,0.0,1.0,False,0.04338,0.04301,0.008602650546384538,82.68614867,8.344231635160071e-05,83.26831362
2017-06-27,CLN17,CLQ17,19,0.0,1.0,False,0.04424,0.04338,0.019824804057169132,84.32538537,2.781333186185897e-05,84.9214076
2017-06-28,CLN17,CLQ17,20,0.0,1.0,False,0.04474,0.04424,0.011301989150090508,85.27842996,2.781333186185897e-05,85.88355037
2017-06-29,CLN17,CLQ17,21,0.0,1.0,False,0.04493,0.04474,0.004246759052302096,85.6405869,2.781333186185897e-05,86.25066582
2017-06-30,CLN17,CLQ17,22,0.0,1.0,False,0.04604,0.04493,0.024705096817271288,87.75634589,2.781333186185897e-05,88.38389579
2017-07-03,CLQ17,CLU17,1,1.0,0.0,False,0.04707,0.04604,0.022371850564726348,89.71961775,8.344231635160071e-05,90.36858206
2017-07-05,CLQ17,CLU17,2,1.0,0.0,False,0.04513,0.04707,-0.04121521138729545,86.02180474,6.008385432632046e-05,86.64945154
2017-07-06,CLQ17,CLU17,3,1.0,0.0,False,0.045520000000000005,0.04513,0.008641701750498498,86.76517952,3.0041475918007876e-05,87.40085333
2017-07-07,CLQ17,CLU17,4,1.0,0.0,False,0.04423,0.045520000000000005,-0.02833919156414777,84.30632448,3.0041475918007876e-05,84.92660946
2017-07-10,CLQ17,CLU17,5,1.0,0.0,False,0.0444,0.04423,0.0038435451051324065,84.63035964,9.01271352520272e-05,85.26068291
2017-07-11,CLQ17,CLU17,6,0.8,0.2,False,0.04504,0.0444,0.014414414414414267,85.85025672,3.0041475918007876e-05,86.49222709
2017-07-12,CLQ17,CLU17,7,0.6,0.4,False,0.045524,0.045078,0.009893961577709831,86.69965586,3.0041475918007876e-05,87.35057621
2017-07-13,CLQ17,CLU17,8,0.3999999999999999,0.6000000000000001,False,0.046147999999999995,0.045558,0.01295052460599666,87.82246189,3.0041475918007876e-05,88.48443614
2017-07-14,CLQ17,CLU17,9,0.19999999999999996,0.8,False,0.046666,0.046182,0.01048027369970983,88.74286533,3.0041475918007876e-05,89.41443545
2017-07-17,CLQ17,CLU17,10,0.0,1.0,False,0.046188,0.046708,-0.011132996488824154,87.75489132,9.01271352520272e-05,88.42704352
2017-07-18,CLQ17,CLU17,11,0.0,1.0,False,0.046590000000000006,0.04623,0.0077871512005192045,88.43825193,3.0041475918007876e-05,89.11829476
2017-07-19,CLQ17,CLU17,12,0.0,1.0,False,0.04732,0.046590000000000006,0.015668598411676227,89.82395538,3.0041475918007876e-05,90.51733077
2017-07-20,CLQ17,CLU17,13,0.0,1.0,False,0.04692,0.04732,-0.008453085376162295,89.06466582,3.0041475918007876e-05,89.75489932
2017-07-21,CLQ17,CLU17,14,0.0,1.0,False,0.045770000000000005,0.04692,-0.02450980392156854,86.88170832,3.0041475918007876e-05,87.5577207
2017-07-24,CLQ17,CLU17,15,0.0,1.0,False,0.046340000000000006,0.045770000000000005,0.012453572208870556,87.96369595,9.01271352520272e-05,88.65601843
2017-07-25,CLQ17,CLU17,16,0.0,1.0,False,0.04789,0.046340000000000006,0.03344842468709519,90.90594301,3.0041475918007876e-05,91.62408594
2017-07-26,CLQ17,CLU17,17,0.0,1.0,False,0.04875,0.04789,0.01795782000417634,92.53841557,3.0041475918007876e-05,93.2722073
2017-07-27,CLQ17,CLU17,18,0.0,1.0,False,0.04904,0.04875,0.005948717948717874,93.0889005,3.0041475918007876e-05,93.82985938
2017-07-28,CLQ17,CLU17,19,0.0,1.0,False,0.049710000000000004,0.04904,0.01366231647634586,94.36071052,3.0041475918007876e-05,95.1146114
2017-07-31,CLQ17,CLU17,20,0.0,1.0,False,0.05017,0.049710000000000004,0.009253671293502297,95.23389352,9.01271352520272e-05,96.00334316
2017-08-01,CLU17,CLV17,1,1.0,0.0,False,0.049159999999999995,0.05017,-0.020131552720749513,93.31668737,3.0041475918007876e-05,94.07353088
2017-08-02,CLU17,CLV17,2,1.0,0.0,False,0.04959,0.049159999999999995,0.0087469487388121,94.13292365,2.8370325058757473e-05,94.89905613
2017-08-03,CLU17,CLV17,3,1.0,0.0,False,0.049030000000000004,0.04959,-0.011292599314377871,93.06991826,2.8370325058757473e-05,93.83009143
2017-08-04,CLU17,CLV17,4,1.0,0.0,False,0.04958,0.049030000000000004,0.01121762186416464,94.11394141,2.8370325058757473e-05,94.88530391
2017-08-07,CLU17,CLV17,5,1.0,0.0,False,0.04939,0.04958,-0.0038321903993544515,93.75327887,8.511338982519767e-05,94.52976137
2017-08-08,CLU17,CLV17,6,0.8,0.2,False,0.04917,0.04939,-0.0044543429844099425,93.33566961,2.8370325058757473e-05,94.11137523
2017-08-09,CLU17,CLV17,7,0.6,0.4,False,0.049592000000000004,0.049206,0.007844571800187161,94.06784797,2.8370325058757473e-05,94.85230864
2017-08-10,CLU17,CLV17,8,0.3999999999999999,0.6000000000000001,False,0.048654,0.049624,-0.019546993390294976,92.22910437,2.8370325058757473e-05,93.00092218
2017-08-11,CLU17,CLV17,9,0.19999999999999996,0.8,False,0.04891,0.048686,0.00460091196647916,92.65344236,2.8370325058757473e-05,93.4314497
2017-08-14,CLU17,CLV17,10,0.0,1.0,False,0.047701999999999994,0.04894,-0.025296281160604894,90.30965483,8.511338982519767e-05,91.07593374
2017-08-15,CLU17,CLV17,11,0.0,1.0,False,0.047700000000000006,0.047729999999999995,-0.0006285355122561676,90.252892,2.8370325058757473e-05,91.02127313
2017-08-16,CLU17,CLV17,12,0.0,1.0,False,0.046939999999999996,0.047700000000000006,-0.01593291404612185,88.81490043,2.8370325058757473e-05,89.57362131
2017-08-17,CLU17,CLV17,13,0.0,1.0,False,0.047240000000000004,0.046939999999999996,0.00639113762249699,89.38252868,2.8370325058757473e-05,90.14863988
2017-08-18,CLU17,CLV17,14,0.0,1.0,False,0.048659999999999995,0.047240000000000004,0.030059271803556165,92.0693024,2.8370325058757473e-05,92.86099989
2017-08-21,CLU17,CLV17,15,0.0,1.0,False,0.04753,0.048659999999999995,-0.02322235922729121,89.93123599,8.511338982519767e-05,90.71245211
2017-08-22,CLU17,CLV17,16,0.0,1.0,False,0.04783,0.04753,0.006311803071743949,90.49886424,2.8370325058757473e-05,91.28758478
2017-08-23,CLU17,CLV17,17,0.0,1.0,False,0.048409999999999995,0.04783,0.01212628057704368,91.59627886,2.8370325058757473e-05,92.39715351
2017-08-24,CLU17,CLV17,18,0.0,1.0,False,0.04743,0.048409999999999995,-0.02024375129105549,89.74202657,2.8370325058757473e-05,90.52930985
2017-08-25,CLU17,CLV17,19,0.0,1.0,False,0.047869999999999996,0.04743,0.009276829011174215,90.57454801,2.8370325058757473e-05,91.37170313
2017-08-28,CLU17,CLV17,20,0.0,1.0,False,0.04657,0.047869999999999996,-0.027156883225401995,88.11482559,8.511338982519767e-05,88.89810942
2017-08-29,CLU17,CLV17,21,0.0,1.0,False,0.046439999999999995,0.04657,-0.0027914966716771072,87.86885335,2.8370325058757473e-05,88.65247271
2017-08-30,CLU17,CLV17,22,0.0,1.0,False,0.04596,0.046439999999999995,-0.010335917312661369,86.96064815,2.8370325058757473e-05,87.73868318
2017-08-31,CLU17,CLV17,23,0.0,1.0,False,0.047229999999999994,0.04596,0.027632724107919726,89.36360775,2.8370325058757473e-05,90.16563118
2017-09-01,CLV17,CLX17,1,1.0,0.0,False,0.04729,0.047229999999999994,0.0012703789964005896,89.4771334,2.8370325058757473e-05,90.28273373
2017-09-05,CLV17,CLX17,2,1.0,0.0,False,0.048659999999999995,0.04729,0.028970183971241292,92.06930242,0.00011571440803881394,92.90868815
2017-09-06,CLV17,CLX17,3,1.0,0.0,False,0.049159999999999995,0.048659999999999995,0.01027538018906693,93.01534951,2.8927346798379716e-05,93.86604785
2017-09-07,CLV17,CLX17,4,1.0,0.0,False,0.04909,0.049159999999999995,-0.001423921887713453,92.88290292,2.8927346798379716e-05,93.73510523
2017-09-08,CLV17,CLX17,5,1.0,0.0,False,0.047479999999999994,0.04909,-0.032796903646364006,89.8366313,2.8927346798379716e-05,90.66359552
2017-09-11,CLV17,CLX17,6,0.8,0.2,False,0.04807,0.047479999999999994,0.012426284751474448,90.95296686,8.678455079369485e-05,91.79807537
2017-09-12,CLV17,CLX17,7,0.6,0.4,False,0.048334,0.04818,0.0031963470319635867,91.24368411,2.8927346798379716e-05,92.09414935
2017-09-13,CLV17,CLX17,8,0.3999999999999999,0.6000000000000001,False,0.049479999999999996,0.048437999999999995,0.02151203600478957,93.20652153,2.8927346798379716e-05,94.07794605
2017-09-14,CLV17,CLX17,9,0.19999999999999996,0.8,False,0.050166,0.04957,0.012023401250756516,94.32718094,2.8927346798379716e-05,95.21180437
2017-09-15,CLV17,CLX17,10,0.0,1.0,False,0.05033,0.050258000000000004,0.001432607744040748,94.46231479,2.8927346798379716e-05,95.35095976
2017-09-18,CLV17,CLX17,11,0.0,1.0,False,0.05035,0.05044,-0.001784298176050747,94.29376585,8.678455079369485e-05,95.1891002
2017-09-19,CLV17,CLX17,12,0.0,1.0,False,0.0499,0.05035,-0.00893743793445878,93.45102117,2.8927346798379716e-05,94.34110709
2017-09-20,CLV17,CLX17,13,0.0,1.0,False,0.05069,0.0499,0.01583166332665331,94.93050627,2.8927346798379716e-05,95.83741277
2017-09-21,CLV17,CLX17,14,0.0,1.0,False,0.05055,0.05069,-0.0027618859735648593,94.66831904,2.8927346798379716e-05,95.57549309
2017-09-22,CLV17,CLX17,15,0.0,1.0,False,0.05066,0.05055,0.0021760633036598254,94.8743233,2.8927346798379716e-05,95.78623616
2017-09-25,CLV17,CLX17,16,0.0,1.0,False,0.052219999999999996,0.05066,0.030793525463876703,97.79583819,8.678455079369485e-05,98.74414483
2017-09-26,CLV17,CLX17,17,0.0,1.0,False,0.05188,0.052219999999999996,-0.006510915358100222,97.15909777,2.8927346798379716e-05,98.10408647
2017-09-27,CLV17,CLX17,18,0.0,1.0,False,0.05214,0.05188,0.005011565150346842,97.64601692,2.8927346798379716e-05,98.59857938
2017-09-28,CLV17,CLX17,19,0.0,1.0,False,0.05156,0.05214,-0.011123897199846522,96.55981267,2.8927346798379716e-05,97.50463112
2017-09-29,CLV17,CLX17,20,0.0,1.0,False,0.05167,0.05156,0.0021334367726919545,96.76581693,2.8927346798379716e-05,97.71547164
2017-10-02,CLX17,CLZ17,1,1.0,0.0,False,0.05058,0.05167,-0.021095413199148427,94.72450204,8.678455079369485e-05,95.66260358
2017-10-03,CLX17,CLZ17,2,1.0,0.0,False,0.05042,0.05058,-0.00316330565440881,94.42485949,3.0320026041863457e-05,95.36289402
2017-10-04,CLX17,CLZ17,3,1.0,0.0,False,0.04998,0.05042,-0.008726695755652547,93.60084247,3.0320026041863457e-05,94.53358246
2017-10-05,CLX17,CLZ17,4,1.0,0.0,False,0.05079,0.04998,0.016206482593037252,95.11778289,3.0320026041863457e-05,96.06850558
2017-10-06,CLX17,CLZ17,5,1.0,0.0,False,0.04929,0.05079,-0.02953337271116363,92.30863396,3.0320026041863457e-05,93.2341914
2017-10-09,CLX17,CLZ17,6,0.8,0.2,False,0.04958,0.04929,0.0058835463582875835,92.85173609,9.096283606502276e-05,93.79121994
2017-10-10,CLX17,CLZ17,7,0.6,0.4,False,0.050982,0.04965000000000001,0.026827794561933294,95.34274339,3.0320026041863457e-05,96.31027527
2017-10-11,CLX17,CLZ17,8,0.3999999999999999,0.6000000000000001,False,0.05142,0.051044,0.007366193871953586,96.04505652,3.0320026041863457e-05,97.02263556
2017-10-12,CLX17,CLZ17,9,0.19999999999999996,0.8,False,0.050797999999999996,0.05148,-0.013247863247863312,94.77266475,3.0320026041863457e-05,95.74023469
2017-10-13,CLX17,CLZ17,10,0.0,1.0,False,0.051674000000000005,0.050864,0.015924819125511247,96.28190229,3.0320026041863457e-05,97.26778345
2017-10-16,CLX17,CLZ17,11,0.0,1.0,False,0.05214,0.05173,0.007925768412913259,97.04501035,9.096283606502276e-05,98.04755313
2017-10-17,CLX17,CLZ17,12,0.0,1.0,False,0.05211,0.05214,-0.0005753739930955959,96.98917317,3.0320026041863457e-05,97.99411192
2017-10-18,CLX17,CLZ17,13,0.0,1.0,False,0.05226,0.05211,0.0028785261945885043,97.26835905,3.0320026041863457e-05,98.27916173
2017-10-19,CLX17,CLZ17,14,0.0,1.0,False,0.05151,0.05226,-0.014351320321469574,95.87242967,3.0320026041863457e-05,96.87170582
2017-10-20,CLX17,CLZ17,15,0.0,1.0,False,0.051840000000000004,0.05151,0.006406523005241693,96.4866386,3.0320026041863457e-05,97.49525379
2017-10-23,CLX17,CLZ17,16,0.0,1.0,False,0.0519,0.051840000000000004,0.0011574074074074403,96.59831295,9.096283606502276e-05,97.61696396
2017-10-24,CLX17,CLZ17,17,0.0,1.0,False,0.052469999999999996,0.0519,0.010982658959537428,97.65921928,3.0320026041863457e-05,98.69201754
2017-10-25,CLX17,CLZ17,18,0.0,1.0,False,0.05218,0.052469999999999996,-0.00552696779111872,97.11945992,3.0320026041863457e-05,98.14954228
2017-10-26,CLX17,CLZ17,19,0.0,1.0,False,0.05264,0.05218,0.008815638175546203,97.97562994,3.0320026041863457e-05,99.01776903
2017-10-27,CLX17,CLZ17,20,0.0,1.0,False,0.053899999999999997,0.05264,0.02393617021276584,100.32079129,3.0320026041863457e-05,101.39087742
2017-10-30,CLX17,CLZ17,21,0.0,1.0,False,0.05415,0.053899999999999997,0.004638218923933124,100.78610108,9.096283606502276e-05,101.87037331
2017-10-31,CLX17,CLZ17,22,0.0,1.0,False,0.054380000000000005,0.05415,0.004247460757156096,101.21418609,3.0320026041863457e-05,102.30615244
2017-11-01,CLZ17,CLF18,1,1.0,0.0,False,0.054299999999999994,0.054380000000000005,-0.0014711290915779829,101.06528696,3.0320026041863457e-05,102.15874881
2017-11-02,CLZ17,CLF18,2,1.0,0.0,False,0.05454,0.054299999999999994,0.0044198895027625085,101.51198436,3.477779907279377e-05,102.61383205
2017-11-03,CLZ17,CLF18,3,1.0,0.0,False,0.05564,0.05454,0.020168683535020326,103.55934745,3.477779907279377e-05,104.68698664
2017-11-06,CLZ17,CLF18,4,1.0,0.0,False,0.05735,0.05564,0.030733285406182587,106.74206643,0.00010433702574608184,107.91528441
2017-11-07,CLZ17,CLF18,5,1.0,0.0,False,0.0572,0.05735,-0.0026155187445509043,106.46288055,3.477779907279377e-05,107.63678301
2017-11-08,CLZ17,CLF18,6,0.8,0.2,False,0.05681,0.0572,-0.006818181818181834,105.73699727,3.477779907279377e-05,106.90663922
2017-11-09,CLZ17,CLF18,7,0.6,0.4,False,0.057214,0.056858000000000006,0.006261212142530503,106.39903904,3.477779907279377e-05,107.57972234
2017-11-10,CLZ17,CLF18,8,0.3999999999999999,0.6000000000000001,False,0.056836,0.057258,-0.007370149149463878,105.61486225,3.477779907279377e-05,106.79058512
2017-11-13,CLZ17,CLF18,9,0.19999999999999996,0.8,False,0.056886,0.056884,3.515927149999598e-05,105.61857559,0.00010433702574608184,106.80548201
2017-11-14,CLZ17,CLF18,10,0.0,1.0,False,0.055852,0.056928000000000006,-0.01890106801573932,103.62227171,3.477779907279377e-05,104.79045879
2017-11-15,CLZ17,CLF18,11,0.0,1.0,False,0.05552,0.05589,-0.006620146716765141,102.93627707,3.477779907279377e-05,104.10037496
2017-11-16,CLZ17,CLF18,12,0.0,1.0,False,0.05535,0.05552,-0.0030619596541786587,102.62109034,3.477779907279377e-05,103.78524419
2017-11-17,CLZ17,CLF18,13,0.0,1.0,False,0.05671,0.05535,0.024570912375790455,105.14258416,3.477779907279377e-05,106.33895175
2017-11-20,CLZ17,CLF18,14,0.0,1.0,False,0.056420000000000005,0.05671,-0.005113736554399506,104.60491268,0.00010433702574608184,105.80625745
2017-11-21,CLZ17,CLF18,15,0.0,1.0,False,0.05683,0.056420000000000005,0.007266926621765313,105.3650689,3.477779907279377e-05,106.57882346
2017-11-22,CLZ17,CLF18,16,0.0,1.0,False,0.05802,0.05683,0.020939644553932935,107.57137599,3.477779907279377e-05,108.81425272
2017-11-24,CLZ17,CLF18,17,0.0,1.0,False,0.05895,0.05802,0.016028955532574996,109.29563279,6.955680764075822e-05,110.56600031
2017-11-27,CLZ17,CLF18,18,0.0,1.0,False,0.05811,0.05895,-0.014249363867684495,107.73823955,0.00010433702574608184,109.00204127
2017-11-28,CLZ17,CLF18,19,0.0,1.0,False,0.05799,0.05811,-0.0020650490449148906,107.5157548,3.477779907279377e-05,108.78073756
2017-11-29,CLZ17,CLF18,20,0.0,1.0,False,0.0573,0.05799,-0.01189860320744962,106.2364675,3.477779907279377e-05,107.49018189
2017-11-30,CLZ17,CLF18,21,0.0,1.0,False,0.0574,0.0573,0.0017452006980802626,106.42187146,3.477779907279377e-05,107.68151211
2017-12-01,CLF18,CLG18,1,1.0,0.0,False,0.05836,0.0574,0.01672473867595814,108.20174945,3.477779907279377e-05,109.48620219
2017-12-04,CLF18,CLG18,2,1.0,0.0,False,0.05747,0.05836,-0.015250171350239872,106.55165423,0.00011269874096520027,107.8288578
2017-12-05,CLF18,CLG18,3,1.0,0.0,False,0.05762,0.05747,0.002610057421263301,106.82976017,3.756483585370951e-05,108.11434789
2017-12-06,CLF18,CLG18,4,1.0,0.0,False,0.05596,0.05762,-0.028809441166261607,103.75205448,3.756483585370951e-05,105.00369524
2017-12-07,CLF18,CLG18,5,1.0,0.0,False,0.05669,0.05596,0.013045032165832637,105.10550337,3.756483585370951e-05,106.37741627
2017-12-08,CLF18,CLG18,6,0.8,0.2,False,0.05736,0.05669,0.011818662903510413,106.34770988,3.756483585370951e-05,107.63865114
2017-12-11,CLF18,CLG18,7,0.6,0.4,False,0.058002000000000005,0.057376,0.010910485220301247,107.508015,0.00011269874096520027,108.8251718
2017-12-12,CLF18,CLG18,8,0.3999999999999999,0.6000000000000001,False,0.057148000000000004,0.058013999999999996,-0.01492743130968377,105.90319649,3.756483585370951e-05,107.20477952
2017-12-13,CLF18,CLG18,9,0.19999999999999996,0.8,False,0.056594000000000005,0.057151999999999994,-0.009763437849943823,104.86921721,3.756483585370951e-05,106.16211944
2017-12-14,CLF18,CLG18,10,0.0,1.0,False,0.057072,0.056592,0.008481764206955011,105.75869318,3.756483585370951e-05,107.06654946
2017-12-15,CLF18,CLG18,11,0.0,1.0,False,0.05733,0.05708,0.004379817799579522,106.22189699,3.756483585370951e-05,107.53950338
2017-12-18,CLF18,CLG18,12,0.0,1.0,False,0.05722,0.05733,-0.001918716204430515,106.01808731,0.00011269874096520027,107.34528515
2017-12-19,CLF18,CLG18,13,0.0,1.0,False,0.05756,0.05722,0.005941978329255582,106.64804449,3.756483585370951e-05,107.98716092
2017-12-20,CLF18,CLG18,14,0.0,1.0,False,0.05809,0.05756,0.009207783182765938,107.63003656,3.756483585370951e-05,108.9855398
2017-12-21,CLF18,CLG18,15,0.0,1.0,False,0.05836,0.05809,0.004647960061972878,108.13029667,3.756483585370951e-05,109.49619426
2017-12-22,CLF18,CLG18,16,0.0,1.0,False,0.05847,0.05836,0.001884852638793566,108.33410635,3.756483585370951e-05,109.70669166
2017-12-26,CLF18,CLG18,17,0.0,1.0,False,0.059969999999999996,0.05847,0.02565418163160582,111.11332919,0.00015026781032867476,112.53761244
2017-12-27,CLF18,CLG18,18,0.0,1.0,False,0.05964,0.059969999999999996,-0.005502751375687787,110.50190016,3.756483585370951e-05,111.92257339
2017-12-28,CLF18,CLG18,19,0.0,1.0,False,0.059840000000000004,0.05964,0.003353454057679617,110.87246321,3.756483585370951e-05,112.30210496
2017-12-29,CLF18,CLG18,20,0.0,1.0,False,0.06042,0.059840000000000004,0.009692513368983802,111.94709604,3.756483585370951e-05,113.39481322
2018-01-02,CLG18,CLH18,1,1.0,0.0,False,0.06037,0.06042,-0.0008275405494869714,111.85445528,0.00015026781032867476,113.31801401
2018-01-03,CLG18,CLH18,2,1.0,0.0,False,0.061630000000000004,0.06037,0.02087129368891838,114.18900247,3.9794979897811444e-05,115.68761705
2018-01-04,CLG18,CLH18,3,1.0,0.0,False,0.062009999999999996,0.061630000000000004,0.006165828330358503,114.89307226,3.9794979897811444e-05,116.40553083
2018-01-05,CLG18,CLH18,4,1.0,0.0,False,0.061439999999999995,0.062009999999999996,-0.009192065795839421,113.83696758,3.9794979897811444e-05,115.34015589
2018-01-08,CLG18,CLH18,5,1.0,0.0,False,0.06173,0.061439999999999995,0.004720052083333481,114.374284,0.00011938969067792904,115.89833786
2018-01-09,CLG18,CLH18,6,0.8,0.2,False,0.06296,0.06173,0.01992548193746968,116.65324673,3.9794979897811444e-05,118.21228027
2018-01-10,CLG18,CLH18,7,0.6,0.4,False,0.06354000000000001,0.062942,0.009500810269772453,117.76154709,3.9794979897811444e-05,119.34009697
2018-01-11,CLG18,CLH18,8,0.3999999999999999,0.6000000000000001,False,0.063752,0.06351000000000001,0.0038104235553455545,118.21026846,3.9794979897811444e-05,119.79958242
2018-01-12,CLG18,CLH18,9,0.19999999999999996,0.8,False,0.06425800000000001,0.063728,0.00831659553100672,119.19337545,3.9794979897811444e-05,120.80067451
2018-01-16,CLG18,CLH18,10,0.0,1.0,False,0.063682,0.06424400000000001,-0.008747898636448648,118.15068388,0.00015918942168613448,119.76315264
2018-01-17,CLG18,CLH18,11,0.0,1.0,False,0.06392,0.06367,0.003926495994974077,118.61460207,3.9794979897811444e-05,120.23816815
2018-01-18,CLG18,CLH18,12,0.0,1.0,False,0.06389,0.06392,-0.00046933667083859376,118.55893189,3.9794979897811444e-05,120.18652085
2018-01-19,CLG18,CLH18,13,0.0,1.0,False,0.06331,0.06389,-0.00907810298951317,117.4826417,3.9794979897811444e-05,119.10023806
2018-01-22,CLG18,CLH18,14,0.0,1.0,False,0.06357,0.06331,0.004106776180698102,117.96511661,0.00011938969067792904,119.60357542
2018-01-23,CLG18,CLH18,15,0.0,1.0,False,0.06447,0.06357,0.014157621519584662,119.63522208,3.9794979897811444e-05,121.30163719
2018-01-24,CLG18,CLH18,16,0.0,1.0,False,0.06561,0.06447,0.017682643089809158,121.75068901,3.9794979897811444e-05,123.45139794
2018-01-25,CLG18,CLH18,17,0.0,1.0,False,0.06551,0.06561,-0.001524157902758727,121.56512174,3.9794979897811444e-05,123.26815127
2018-01-26,CLG18,CLH18,18,0.0,1.0,False,0.06614,0.06551,0.009616852388948383,122.73419557,3.9794979897811444e-05,124.45850834
2018-01-29,CLG18,CLH18,19,0.0,1.0,False,0.06556000000000001,0.06614,-0.008769277290595623,121.65790538,0.00011938969067792904,123.38195624
2018-01-30,CLG18,CLH18,20,0.0,1.0,False,0.0645,0.06556000000000001,-0.016168395363026278,119.69089227,3.9794979897811444e-05,121.39197798
2018-01-31,CLG18,CLH18,21,0.0,1.0,False,0.06473000000000001,0.0645,0.0035658914728682323,120.117697,3.9794979897811444e-05,121.82967939
2018-02-01,CLH18,CLJ18,1,1.0,0.0,False,0.0658,0.06473000000000001,0.016530202379112957,122.10326684,3.9794979897811444e-05,123.84839686
2018-02-02,CLH18,CLJ18,2,1.0,0.0,False,0.06545000000000001,0.0658,-0.005319148936170026,121.45378138,4.4256641097639715e-05,123.19510991
2018-02-05,CLH18,CLJ18,3,1.0,0.0,False,0.06415000000000001,0.06545000000000001,-0.019862490450725634,119.04140681,0.0001327757993305756,120.76450555
2018-02-06,CLH18,CLJ18,4,1.0,0.0,False,0.06339,0.06415000000000001,-0.01184723304754498,117.63109552,4.4256641097639715e-05,119.33912494
2018-02-07,CLH18,CLJ18,5,1.0,0.0,False,0.06179,0.06339,-0.025240574223063694,114.66201912,4.4256641097639715e-05,116.33221845
2018-02-08,CLH18,CLJ18,6,0.8,0.2,False,0.061149999999999996,0.06179,-0.010357663052273813,113.47438856,4.4256641097639715e-05,115.132437
2018-02-09,CLH18,CLJ18,7,0.6,0.4,False,0.05915800000000001,0.061107999999999996,-0.03191071545460478,109.85333964,4.4256641097639715e-05,111.46357394
2018-02-12,CLH18,CLJ18,8,0.3999999999999999,0.6000000000000001,False,0.059206,0.059116,0.0015224304756749074,110.02058371,0.0001327757993305756,111.64806914
2018-02-13,CLH18,CLJ18,9,0.19999999999999996,0.8,False,0.059094,0.059164,-0.0011831519167061488,109.89041265,4.4256641097639715e-05,111.52091369
2018-02-14,CLH18,CLJ18,10,0.0,1.0,False,0.060528000000000005,0.059062,0.02482137414919916,112.6180437,4.4256641097639715e-05,114.29395156
2018-02-15,CLH18,CLJ18,11,0.0,1.0,False,0.06117,0.06051,0.010907288051561714,113.84640114,4.4256641097639715e-05,115.54564688
2018-02-16,CLH18,CLJ18,12,0.0,1.0,False,0.06155,0.06117,0.006212195520679975,114.55363724,4.4256641097639715e-05,116.26855269
2018-02-20,CLH18,CLJ18,13,0.0,1.0,False,0.06179,0.06155,0.0038992688870835845,115.00031267,0.0001770383166392886,116.74249903
2018-02-21,CLH18,CLJ18,14,0.0,1.0,False,0.06168,0.06179,-0.0017802233371095877,114.79558643,4.4256641097639715e-05,116.53983794
2018-02-22,CLH18,CLJ18,15,0.0,1.0,False,0.06277,0.06168,0.017671854734111703,116.82423736,4.4256641097639715e-05,118.60447069
2018-02-23,CLH18,CLJ18,16,0.0,1.0,False,0.06355,0.06277,0.012426318304922468,118.27593252,4.4256641097639715e-05,120.08353663
2018-02-26,CLH18,CLJ18,17,0.0,1.0,False,0.06391,0.06355,0.0056648308418567606,118.94594567,0.0001327757993305756,120.77973374
2018-02-27,CLH18,CLJ18,18,0.0,1.0,False,0.06301,0.06391,-0.014082303238929672,117.27091279,4.4256641097639715e-05,119.08422221
2018-02-28,CLH18,CLJ18,19,0.0,1.0,False,0.06164,0.06301,-0.021742580542770895,114.72114052,4.4256641097639715e-05,116.50029418
2018-03-01,CLJ18,CLK18,1,1.0,0.0,False,0.06099,0.06164,-0.010545100584036349,113.51139455,4.4256641097639715e-05,115.27694277
2018-03-02,CLJ18,CLK18,2,1.0,0.0,False,0.06125,0.06099,0.004262993933431547,113.99529294,4.7883089752120966e-05,115.7738875
2018-03-05,CLJ18,CLK18,3,1.0,0.0,False,0.06257,0.06125,0.021551020408163257,116.45200782,0.00014365614773725888,118.28556454
2018-03-06,CLJ18,CLK18,4,1.0,0.0,False,0.0626,0.06257,0.00047946300143841825,116.50784225,4.7883089752120966e-05,118.34794197
2018-03-07,CLJ18,CLK18,5,1.0,0.0,False,0.061149999999999996,0.0626,-0.023162939297124763,113.80917817,4.7883089752120966e-05,115.61232264
2018-03-08,CLJ18,CLK18,6,0.8,0.2,False,0.06012,0.061149999999999996,-0.01684382665576445,111.8921961,4.7883089752120966e-05,113.67050459
2018-03-09,CLJ18,CLK18,7,0.6,0.4,False,0.062016,0.060108,0.031742862846875664,115.44397473,4.7883089752120966e-05,117.28417472
2018-03-12,CLJ18,CLK18,8,0.3999999999999999,0.6000000000000001,False,0.06134799999999999,0.061992000000000005,-0.01038843721770566,114.24469225,0.00014365614773725888,116.08262403
2018-03-13,CLJ18,CLK18,9,0.19999999999999996,0.8,False,0.060733999999999996,0.061341999999999994,-0.009911642920022112,113.11233965,4.7883089752120966e-05,114.9376129
2018-03-14,CLJ18,CLK18,10,0.0,1.0,False,0.06100800000000001,0.060742000000000004,0.004379177504856724,113.60767866,4.7883089752120966e-05,115.44644867
2018-03-15,CLJ18,CLK18,11,0.0,1.0,False,0.06125,0.061020000000000005,0.0037692559816453475,114.03589508,4.7883089752120966e-05,115.88712382
2018-03-16,CLJ18,CLK18,12,0.0,1.0,False,0.06240999999999999,0.06125,0.018938775510203953,116.1955953,4.7883089752120966e-05,118.08743308
2018-03-19,CLJ18,CLK18,13,0.0,1.0,False,0.062130000000000005,0.06240999999999999,-0.00448646050312429,115.67428835,0.00014365614773725888,117.57460246
2018-03-20,CLJ18,CLK18,14,0.0,1.0,False,0.06354,0.062130000000000005,0.022694350555287235,118.2994412,4.7883089752120966e-05,120.24851154
2018-03-21,CLJ18,CLK18,15,0.0,1.0,False,0.06517,0.06354,0.025653131885426506,121.33419237,4.7883089752120966e-05,123.33902034
2018-03-22,CLJ18,CLK18,16,0.0,1.0,False,0.0643,0.06517,-0.013349700782568807,119.71441721,4.7883089752120966e-05,121.69838718
2018-03-23,CLJ18,CLK18,17,0.0,1.0,False,0.06588,0.0643,0.02457231726283049,122.65607785,4.7883089752120966e-05,124.69462585
2018-03-26,CLJ18,CLK18,18,0.0,1.0,False,0.06555,0.06588,-0.005009107468123775,122.04168037,0.00014365614773725888,124.08793021
2018-03-27,CLJ18,CLK18,19,0.0,1.0,False,0.06525,0.06555,-0.004576659038901476,121.48313721,4.7883089752120966e-05,123.52596378
2018-03-28,CLJ18,CLK18,20,0.0,1.0,False,0.06437999999999999,0.06525,-0.01333333333333353,119.86336205,4.7883089752120966e-05,121.88486574
2018-03-29,CLJ18,CLK18,21,0.0,1.0,False,0.06494,0.06437999999999999,0.008698353525939728,120.90597595,4.7883089752120966e-05,122.95089962
2018-04-02,CLK18,CLM18,1,1.0,0.0,False,0.06301,0.06494,-0.029719741299661262,117.31268162,0.0001915461161896559,119.32038145
2018-04-03,CLK18,CLM18,2,1.0,0.0,False,0.06351,0.06301,0.007935248373274195,118.24358689,4.955724342714518e-05,120.27313151
2018-04-04,CLK18,CLM18,3,1.0,0.0,False,0.06337,0.06351,-0.0022043772634231518,117.98293342,4.955724342714518e-05,120.01396456
2018-04-05,CLK18,CLM18,4,1.0,0.0,False,0.06354,0.06337,0.0026826574088685273,118.29944121,4.955724342714518e-05,120.34186847
2018-04-06,CLK18,CLM18,5,1.0,0.0,False,0.062060000000000004,0.06354,-0.023292414227258362,115.54396162,4.955724342714518e-05,117.54477963
2018-04-09,CLK18,CLM18,6,0.8,0.2,False,0.06342,0.062060000000000004,0.02191427650660649,118.07602394,0.0001486790981641839,120.13816488
2018-04-10,CLK18,CLM18,7,0.6,0.4,False,0.065496,0.063422,0.03270158620037189,121.93729722,4.955724342714518e-05,124.07282716
2018-04-11,CLK18,CLM18,8,0.3999999999999999,0.6000000000000001,False,0.06678799999999999,0.065482,0.019944412204880635,124.36926494,4.955724342714518e-05,126.55353548
2018-04-12,CLK18,CLM18,9,0.19999999999999996,0.8,False,0.066998,0.066772,0.003384652249445841,124.79021165,4.955724342714518e-05,126.98814683
2018-04-13,CLK18,CLM18,10,0.0,1.0,False,0.067342,0.066974,0.0054946695732671635,125.47589263,4.955724342714518e-05,127.69219792
2018-04-16,CLK18,CLM18,11,0.0,1.0,False,0.06620000000000001,0.06733,-0.016783009059854304,123.37002959,0.0001486790981641839,125.56812377
2018-04-17,CLK18,CLM18,12,0.0,1.0,False,0.06651,0.06620000000000001,0.00468277945619322,123.94774423,4.955724342714518e-05,126.16235441
2018-04-18,CLK18,CLM18,13,0.0,1.0,False,0.06847,0.06651,0.029469252743948404,127.60039163,4.955724342714518e-05,129.88651698
2018-04-19,CLK18,CLM18,14,0.0,1.0,False,0.06833,0.06847,-0.002044691105593688,127.33948824,4.955724342714518e-05,129.62737599
2018-04-20,CLK18,CLM18,15,0.0,1.0,False,0.0684,0.06833,0.0010244402165959787,127.46993993,4.955724342714518e-05,129.76659546
2018-04-23,CLK18,CLM18,16,0.0,1.0,False,0.06864,0.0684,0.0035087719298245723,127.91720288,0.0001486790981641839,130.24121043
2018-04-24,CLK18,CLM18,17,0.0,1.0,False,0.0677,0.06864,-0.013694638694638828,126.165423,4.955724342714518e-05,128.4640585
2018-04-25,CLK18,CLM18,18,0.0,1.0,False,0.06805,0.0677,0.005169867060561328,126.81768146,4.955724342714518e-05,129.13456692
2018-04-26,CLK18,CLM18,19,0.0,1.0,False,0.06819,0.06805,0.002057310800881673,127.07858485,4.955724342714518e-05,129.40663642
2018-04-27,CLK18,CLM18,20,0.0,1.0,False,0.0681,0.06819,-0.0013198416190057793,126.91086124,4.955724342714518e-05,129.24225319
2018-04-30,CLK18,CLM18,21,0.0,1.0,False,0.06856999999999999,0.0681,0.006901615271659223,127.78675118,0.0001486790981641839,130.15344912
2018-05-01,CLM18,CLN18,1,1.0,0.0,False,0.06725,0.06856999999999999,-0.019250401050021737,125.32680497,4.955724342714518e-05,127.65439307
2018-05-02,CLM18,CLN18,2,1.0,0.0,False,0.06793,0.06725,0.010111524163568752,126.59404999,5.2348072665964196e-05,128.95185601
2018-05-03,CLM18,CLN18,3,1.0,0.0,False,0.06843,0.06793,0.007360518180479891,127.5258478,5.2348072665964196e-05,129.90775888
2018-05-04,CLM18,CLN18,4,1.0,0.0,False,0.06972,0.06843,0.018851380973257337,129.92988614,5.2348072665964196e-05,132.36349995
2018-05-07,CLM18,CLN18,5,1.0,0.0,False,0.07073,0.06972,0.014486517498565554,131.81211771,0.00015705243910346667,134.30177412
2018-05-08,CLM18,CLN18,6,0.8,0.2,False,0.06906,0.07073,-0.023610914746218126,128.69991304,5.2348072665964196e-05,131.13781682
2018-05-09,CLM18,CLN18,7,0.6,0.4,False,0.07112199999999999,0.06904199999999999,0.030126589612120114,132.5772025,5.2348072665964196e-05,135.09541682
2018-05-10,CLM18,CLN18,8,0.3999999999999999,0.6000000000000001,False,0.07133999999999999,0.071104,0.0033190819081905243,133.01723709,5.2348072665964196e-05,135.55088155
2018-05-11,CLM18,CLN18,9,0.19999999999999996,0.8,False,0.070688,0.07132999999999999,-0.009000420580400847,131.82002601,5.2348072665964196e-05,134.33796243
2018-05-14,CLM18,CLN18,10,0.0,1.0,False,0.07098399999999999,0.07068400000000001,0.004244241978382357,132.3795021,0.00015705243910346667,134.92922336
2018-05-15,CLM18,CLN18,11,0.0,1.0,False,0.07137,0.07099,0.0053528666009297066,133.08811192,5.2348072665964196e-05,135.65854478
2018-05-16,CLM18,CLN18,12,0.0,1.0,False,0.07156,0.07137,0.00266218299005172,133.44241683,5.2348072665964196e-05,136.02679412
2018-05-17,CLM18,CLN18,13,0.0,1.0,False,0.07157,0.07156,0.00013974287311335765,133.46106446,5.2348072665964196e-05,136.05292364
2018-05-18,CLM18,CLN18,14,0.0,1.0,False,0.07137,0.07157,-0.0027944669554281765,133.08811193,5.2348072665964196e-05,135.67985035
2018-05-21,CLM18,CLN18,15,0.0,1.0,False,0.07235,0.07137,0.013731259632898896,134.91557935,0.00015705243910346667,137.56421445
2018-05-22,CLM18,CLN18,16,0.0,1.0,False,0.0722,0.07235,-0.0020732550103662595,134.63586495,5.2348072665964196e-05,137.28620998
2018-05-23,CLM18,CLN18,17,0.0,1.0,False,0.07184,0.0722,-0.004986149584487509,133.96455039,5.2348072665964196e-05,136.60886707
2018-05-24,CLM18,CLN18,18,0.0,1.0,False,0.07071,0.07184,-0.01572939866369716,131.85736857,5.2348072665964196e-05,134.46724295
2018-05-25,CLM18,CLN18,19,0.0,1.0,False,0.06788,0.07071,-0.040022627633998,126.58009021,5.2348072665964196e-05,129.09254966
2018-05-29,CLM18,CLN18,20,0.0,1.0,False,0.06673,0.06788,-0.01694166175604006,124.43561314,0.00020940873316188657,126.93254046
2018-05-30,CLM18,CLN18,21,0.0,1.0,False,0.06820999999999999,0.06673,0.0221789300164843,127.1954619,5.2348072665964196e-05,129.75441307
2018-05-31,CLM18,CLN18,22,0.0,1.0,False,0.06704,0.06820999999999999,-0.01715291013047926,125.01368957,5.2348072665964196e-05,127.53553967
2018-06-01,CLN18,CLQ18,1,1.0,0.0,False,0.06581000000000001,0.06704,-0.018347255369928317,122.72003148,5.2348072665964196e-05,125.20228879
2018-06-04,CLN18,CLQ18,2,1.0,0.0,False,0.06475,0.06581000000000001,-0.016106974623917414,120.74338305,0.0001595648697680918,123.20563659
2018-06-05,CLN18,CLQ18,3,1.0,0.0,False,0.06552,0.06475,0.01189189189189177,122.17925031,5.3185461179161564e-05,124.67733745
2018-06-06,CLN18,CLQ18,4,1.0,0.0,False,0.06473000000000001,0.06552,-0.012057387057386793,120.7060878,5.3185461179161564e-05,123.18068556
2018-06-07,CLN18,CLQ18,5,1.0,0.0,False,0.06595000000000001,0.06473000000000001,0.01884752046964322,122.98109826,5.3185461179161564e-05,125.50888747
2018-06-08,CLN18,CLQ18,6,0.8,0.2,False,0.06573999999999999,0.06595000000000001,-0.0031842304776348307,122.5894981,5.3185461179161564e-05,125.11591349
2018-06-11,CLN18,CLQ18,7,0.6,0.4,False,0.066086,0.065726,0.005477284484070255,123.26095566,0.0001595648697680918,125.82117305
2018-06-12,CLN18,CLQ18,8,0.3999999999999999,0.6000000000000001,False,0.066328,0.06607199999999999,0.0038745610848771594,123.73853776,5.3185461179161564e-05,126.31536673
2018-06-13,CLN18,CLQ18,9,0.19999999999999996,0.8,False,0.066568,0.06631200000000001,0.0038605380624923136,124.21623509,5.3185461179161564e-05,126.80973015
2018-06-14,CLN18,CLQ18,10,0.0,1.0,False,0.06673,0.06654399999999999,0.0027951430632364715,124.56343724,5.3185461179161564e-05,127.17092592
2018-06-15,CLN18,CLQ18,11,0.0,1.0,False,0.06484999999999999,0.06669,-0.02759034337981714,121.12668923,5.3185461179161564e-05,123.66900005
2018-06-18,CLN18,CLQ18,12,0.0,1.0,False,0.06569,0.06484999999999999,0.01295296838858917,122.69563941,0.0001595648697680918,125.29061393
2018-06-19,CLN18,CLQ18,13,0.0,1.0,False,0.0649,0.06569,-0.012026183589587403,121.22007912,5.3185461179161564e-05,123.79050964
2018-06-20,CLN18,CLQ18,14,0.0,1.0,False,0.06570999999999999,0.0649,0.012480739599383561,122.73299536,5.3185461179161564e-05,125.34209061
2018-06-21,CLN18,CLQ18,15,0.0,1.0,False,0.06554,0.06570999999999999,-0.0025871252472985384,122.41546973,5.3185461179161564e-05,125.0244813
2018-06-22,CLN18,CLQ18,16,0.0,1.0,False,0.06858,0.06554,0.046383887702166726,128.09357513,5.3185461179161564e-05,130.83025228
2018-06-25,CLN18,CLQ18,17,0.0,1.0,False,0.06808,0.06858,-0.00729075532225143,127.15967622,0.0001595648697680918,129.89727684
2018-06-26,CLN18,CLQ18,18,0.0,1.0,False,0.07053,0.06808,0.035987074030552124,131.7357809,5.3185461179161564e-05,134.5788084
2018-06-27,CLN18,CLQ18,19,0.0,1.0,False,0.07276,0.07053,0.0316177513114988,135.90097006,5.3185461179161564e-05,138.84104533
2018-06-28,CLN18,CLQ18,20,0.0,1.0,False,0.07345,0.07276,0.009483232545354436,137.18975056,5.3185461179161564e-05,140.16509157
2018-06-29,CLN18,CLQ18,21,0.0,1.0,False,0.07415000000000001,0.07345,0.009530292716133593,138.49720904,5.3185461179161564e-05,141.50836067
2018-07-02,CLQ18,CLU18,1,1.0,0.0,False,0.07393999999999999,0.07415000000000001,-0.002832097100472275,138.1049715,0.0001595648697680918,141.13017502
2018-07-03,CLQ18,CLU18,2,1.0,0.0,False,0.07414,0.07393999999999999,0.00270489586150946,138.47853107,5.486043175695343e-05,141.51965991
2018-07-05,CLQ18,CLU18,3,1.0,0.0,False,0.07293999999999999,0.07414,-0.016185594820609772,136.23717367,0.000109723873181089,139.24460812
2018-07-06,CLQ18,CLU18,4,1.0,0.0,False,0.07379999999999999,0.07293999999999999,0.011790512750205595,137.8434798,5.486043175695343e-05,140.89401246
2018-07-09,CLQ18,CLU18,5,1.0,0.0,False,0.07385,0.07379999999999999,0.0006775067750679487,137.93686969,0.00016459032443694177,141.0126589
2018-07-10,CLQ18,CLU18,6,0.8,0.2,False,0.07411,0.07385,0.0035206499661475377,138.42249713,5.486043175695343e-05,141.51685113
2018-07-11,CLQ18,CLU18,7,0.6,0.4,False,0.070076,0.0738,-0.0504607046070461,131.43760039,5.486043175695343e-05,134.38357478
2018-07-12,CLQ18,CLU18,8,0.3999999999999999,0.6000000000000001,False,0.069938,0.069772,0.002379177893711004,131.75031382,5.486043175695343e-05,134.71066955
2018-07-13,CLQ18,CLU18,9,0.19999999999999996,0.8,False,0.070374,0.069742,0.009061971265521551,132.94423138,5.486043175695343e-05,135.93880405
2018-07-16,CLQ18,CLU18,10,0.0,1.0,False,0.067268,0.070162,-0.041247398876885,127.46062764,0.00016459032443694177,130.35405619
2018-07-17,CLQ18,CLU18,11,0.0,1.0,False,0.06716,0.06706999999999999,0.0013418816162220626,127.63166471,5.486043175695343e-05,130.53612718
2018-07-18,CLQ18,CLU18,12,0.0,1.0,False,0.06775,0.06716,0.008784991066110859,128.75290774,5.486043175695343e-05,131.69004716
2018-07-19,CLQ18,CLU18,13,0.0,1.0,False,0.06824,0.06775,0.007232472324723016,129.68410958,5.486043175695343e-05,132.64971635
2018-07-20,CLQ18,CLU18,14,0.0,1.0,False,0.06826,0.06824,0.0002930832356389246,129.72211782,5.486043175695343e-05,132.69587098
2018-07-23,CLQ18,CLU18,15,0.0,1.0,False,0.06789,0.06826,-0.005420451215939037,129.01896541,0.00016459032443694177,131.99843994
2018-07-24,CLQ18,CLU18,16,0.0,1.0,False,0.06852,0.06789,0.009279717189571324,130.21622492,5.486043175695343e-05,133.23058962
2018-07-25,CLQ18,CLU18,17,0.0,1.0,False,0.0693,0.06852,0.011383537653240072,131.69854622,5.486043175695343e-05,134.75453414
2018-07-26,CLQ18,CLU18,18,0.0,1.0,False,0.06961,0.0693,0.004473304473304518,132.28767392,5.486043175695343e-05,135.3647249
2018-07-27,CLQ18,CLU18,19,0.0,1.0,False,0.06869,0.06961,-0.013216491883350168,130.53929495,5.486043175695343e-05,133.58310428
2018-07-30,CLQ18,CLU18,20,0.0,1.0,False,0.07013,0.06869,0.020963750181977048,133.27588812,0.00016459032443694177,136.40549359
2018-07-31,CLQ18,CLU18,21,0.0,1.0,False,0.06876,0.07013,-0.019535149008983232,130.67232379,5.486043175695343e-05,133.74827522
2018-08-01,CLU18,CLV18,1,1.0,0.0,False,0.06766,0.06876,-0.015997673065735962,128.58187068,5.486043175695343e-05,131.61595153
2018-08-02,CLU18,CLV18,2,1.0,0.0,False,0.06896,0.06766,0.019213715637008466,131.05240618,5.681489035591625e-05,134.15226074
2018-08-03,CLU18,CLV18,3,1.0,0.0,False,0.06849,0.06896,-0.006815545243619492,130.15921258,5.681489035591625e-05,133.24556179
2018-08-06,CLU18,CLV18,4,1.0,0.0,False,0.06901,0.06849,0.0075923492480654,131.14742678,0.0001704543550467008,134.27992092
2018-08-07,CLU18,CLV18,5,1.0,0.0,False,0.06917,0.06901,0.0023185045645557345,131.45149269,5.681489035591625e-05,134.59887863
2018-08-08,CLU18,CLV18,6,0.8,0.2,False,0.06694,0.06917,-0.03223941014890841,127.2135741,5.681489035591625e-05,130.26713739
2018-08-09,CLU18,CLV18,7,0.6,0.4,False,0.06667600000000001,0.066802,-0.0018861710727221537,126.97362754,5.681489035591625e-05,130.0288324
2018-08-10,CLU18,CLV18,8,0.3999999999999999,0.6000000000000001,False,0.067354,0.066542,0.0122028192720387,128.52306377,5.681489035591625e-05,131.62293832
2018-08-13,CLU18,CLV18,9,0.19999999999999996,0.8,False,0.06682199999999999,0.067216,-0.005861699595334557,127.76970018,0.0001704543550467008,130.8738399
2018-08-14,CLU18,CLV18,10,0.0,1.0,False,0.066472,0.06669599999999999,-0.0033585222502097167,127.3405828,5.681489035591625e-05,130.44173278
2018-08-15,CLU18,CLV18,11,0.0,1.0,False,0.06445999999999999,0.06633,-0.02819237147595377,123.75054979,5.681489035591625e-05,126.77168203
2018-08-16,CLU18,CLV18,12,0.0,1.0,False,0.06488,0.06445999999999999,0.0065156686317096035,124.55686737,5.681489035591625e-05,127.60488683
2018-08-17,CLU18,CLV18,13,0.0,1.0,False,0.06520999999999999,0.06488,0.005086313193588099,125.19040261,5.681489035591625e-05,128.26117511
2018-08-20,CLU18,CLV18,14,0.0,1.0,False,0.06542,0.06520999999999999,0.003220364974697354,125.5935614,0.0001704543550467008,128.69608558
2018-08-21,CLU18,CLV18,15,0.0,1.0,False,0.06584000000000001,0.06542,0.006420055029043192,126.39987898,5.681489035591625e-05,129.52963339
2018-08-22,CLU18,CLV18,16,0.0,1.0,False,0.06786,0.06584000000000001,0.030680437424058127,130.27788256,5.681489035591625e-05,133.51101842
2018-08-23,CLU18,CLV18,17,0.0,1.0,False,0.06783,0.06786,-0.0004420866489832642,130.22028845,5.681489035591625e-05,133.4595804
2018-08-24,CLU18,CLV18,18,0.0,1.0,False,0.06872,0.06783,0.013121037888839782,131.92891379,5.681489035591625e-05,135.2182911
2018-08-27,CLU18,CLV18,19,0.0,1.0,False,0.06887,0.06872,0.0021827706635622057,132.21688435,0.0001704543550467008,135.53649016
2018-08-28,CLU18,CLV18,20,0.0,1.0,False,0.06853000000000001,0.06887,-0.004936837519965098,131.56415107,5.681489035591625e-05,134.87506902
2018-08-29,CLU18,CLV18,21,0.0,1.0,False,0.06951,0.06853000000000001,0.01430030643513791,133.44555875,5.681489035591625e-05,136.81148675
2018-08-30,CLU18,CLV18,22,0.0,1.0,False,0.07025,0.06951,0.010645950222989642,134.86621353,5.681489035591625e-05,138.27574796
2018-08-31,CLU18,CLV18,23,0.0,1.0,False,0.0698,0.07025,-0.006405693950177982,134.00230184,5.681489035591625e-05,137.39785196
2018-09-04,CLV18,CLX18,1,1.0,0.0,False,0.06987,0.0698,0.0010028653295128809,134.1366881,0.00022727892974816477,137.56687114
2018-09-05,CLV18,CLX18,2,1.0,0.0,False,0.06872,0.06987,-0.016459138399885442,131.92891379,5.9328282167925295e-05,135.31080058
2018-09-06,CLV18,CLX18,3,1.0,0.0,False,0.06777,0.06872,-0.013824214202561191,130.10510023,5.9328282167925295e-05,133.44826285
2018-09-07,CLV18,CLX18,4,1.0,0.0,False,0.06775,0.06777,-0.0002951158329643766,130.06670415,5.9328282167925295e-05,133.41679741
2018-09-10,CLV18,CLX18,5,1.0,0.0,False,0.06754,0.06775,-0.0030996309963099433,129.66354536,0.00017799540624796606,133.02700214
2018-09-11,CLV18,CLX18,6,0.8,0.2,False,0.06925,0.06754,0.025318329878590617,132.94640977,5.9328282167925295e-05,136.40291592
2018-09-12,CLV18,CLX18,7,0.6,0.4,False,0.070328,0.069208,0.016183100219627766,135.09789484,5.9328282167925295e-05,138.61843053
2018-09-13,CLV18,CLX18,8,0.3999999999999999,0.6000000000000001,False,0.068518,0.070286,-0.025154369291181866,131.6995925,5.9328282167925295e-05,135.13979533
2018-09-14,CLV18,CLX18,9,0.19999999999999996,0.8,False,0.068858,0.068482,0.005490493852399192,132.4226883,5.9328282167925295e-05,135.88979715
2018-09-17,CLV18,CLX18,10,0.0,1.0,False,0.06872600000000001,0.068814,-0.0012788095445692704,132.2533449,0.00017799540624796606,135.74020774
2018-09-18,CLV18,CLX18,11,0.0,1.0,False,0.06959,0.06868,0.013249854397204386,134.00568246,5.9328282167925295e-05,137.54679896
2018-09-19,CLV18,CLX18,12,0.0,1.0,False,0.07077,0.06959,0.016956459261388224,136.27794436,5.9328282167925295e-05,139.88726607
2018-09-20,CLV18,CLX18,13,0.0,1.0,False,0.07032,0.07077,-0.006358626536668188,135.41140381,5.9328282167925295e-05,139.00607446
2018-09-21,CLV18,CLX18,14,0.0,1.0,False,0.07078,0.07032,0.006541524459613202,136.29720082,5.9328282167925295e-05,139.92363309
2018-09-24,CLV18,CLX18,15,0.0,1.0,False,0.07208,0.07078,0.01836677027408884,138.8005402,0.00017799540624796606,142.51848408
2018-09-25,CLV18,CLX18,16,0.0,1.0,False,0.07228,0.07208,0.002774694783573617,139.18566933,5.9328282167925295e-05,142.92238475
2018-09-26,CLV18,CLX18,17,0.0,1.0,False,0.07157,0.07228,-0.009822910902047677,137.8184609,5.9328282167925295e-05,141.52695024
2018-09-27,CLV18,CLX18,18,0.0,1.0,False,0.07212,0.07157,0.007684784127427902,138.87756602,5.9328282167925295e-05,142.62295085
2018-09-28,CLV18,CLX18,19,0.0,1.0,False,0.07325,0.07212,0.015668330560177468,141.05354563,5.9328282167925295e-05,144.86607596
2018-10-01,CLX18,CLZ18,1,1.0,0.0,False,0.07529999999999999,0.07325,0.027986348122866822,145.00111926,0.00017799540624796606,148.94613389
2018-10-02,CLX18,CLZ18,2,1.0,0.0,False,0.07523,0.07529999999999999,-0.000929614873837803,144.86632406,6.268037550505312e-05,148.81700735
2018-10-03,CLX18,CLZ18,3,1.0,0.0,False,0.07640999999999999,0.07523,0.015685231955336887,147.13858596,6.268037550505312e-05,151.16056454
2018-10-04,CLX18,CLZ18,4,1.0,0.0,False,0.07433,0.07640999999999999,-0.027221567857610207,143.13324296,6.268037550505312e-05,147.05521178
2018-10-05,CLX18,CLZ18,5,1.0,0.0,False,0.07434,0.07433,0.0001345351809498574,143.15249942,6.268037550505312e-05,147.08421336
2018-10-08,CLX18,CLZ18,6,0.8,0.2,False,0.07429000000000001,0.07434,-0.0006725854183480262,143.05621714,0.00018805291324941464,147.01294628
2018-10-09,CLX18,CLZ18,7,0.6,0.4,False,0.07493,0.07426600000000001,0.008940834298332812,144.33525907,6.268037550505312e-05,148.3365795
2018-10-10,CLX18,CLZ18,8,0.3999999999999999,0.6000000000000001,False,0.073114,0.0749,-0.023845126835780994,140.89356651,6.268037550505312e-05,144.80877274
2018-10-11,CLX18,CLZ18,9,0.19999999999999996,0.8,False,0.07087399999999999,0.073086,-0.03026571436390013,136.62932207,6.268037550505312e-05,140.43510845
2018-10-12,CLX18,CLZ18,10,0.0,1.0,False,0.07121200000000001,0.070842,0.005222890375765843,137.34292204,6.268037550505312e-05,141.17738815
2018-10-15,CLX18,CLZ18,11,0.0,1.0,False,0.07161,0.07118000000000001,0.0060410227592018195,138.17261376,0.00018805291324941464,142.05679279
2018-10-16,CLX18,CLZ18,12,0.0,1.0,False,0.07176,0.07161,0.0020946795140344143,138.4620411,6.268037550505312e-05,142.36326041
2018-10-17,CLX18,CLZ18,13,0.0,1.0,False,0.0697,0.07176,-0.02870680044593099,134.48723892,6.268037550505312e-05,138.28539009
2018-10-18,CLX18,CLZ18,14,0.0,1.0,False,0.06871,0.0697,-0.014203730272596915,132.57701845,6.268037550505312e-05,136.32988949
2018-10-19,CLX18,CLZ18,15,0.0,1.0,False,0.06928,0.06871,0.008295735700771356,133.67684236,6.268037550505312e-05,137.46939144
2018-10-22,CLX18,CLZ18,16,0.0,1.0,False,0.06936,0.06928,0.0011547344110856006,133.83120361,0.00018805291324941464,137.6539836
2018-10-23,CLX18,CLZ18,17,0.0,1.0,False,0.06643,0.06936,-0.042243367935409504,128.17772283,6.268037550505312e-05,131.84764392
2018-10-24,CLX18,CLZ18,18,0.0,1.0,False,0.06681999999999999,0.06643,0.005870841487279677,128.93023392,6.268037550505312e-05,132.62996479
2018-10-25,CLX18,CLZ18,19,0.0,1.0,False,0.06733,0.06681999999999999,0.007632445375636232,129.91428689,6.268037550505312e-05,133.65056905
2018-10-26,CLX18,CLZ18,20,0.0,1.0,False,0.06759,0.06733,0.0038615773058072733,130.41596095,6.268037550505312e-05,134.17504832
2018-10-29,CLX18,CLZ18,21,0.0,1.0,False,0.06704,0.06759,-0.008137298416925454,129.35472736,0.00018805291324941464,133.10845792
2018-10-30,CLX18,CLZ18,22,0.0,1.0,False,0.06618,0.06704,-0.012828162291169454,127.69534392,6.268037550505312e-05,131.4092643
2018-10-31,CLX18,CLZ18,23,0.0,1.0,False,0.06531,0.06618,-0.013145965548504002,126.01666533,6.268037550505312e-05,129.68999942
2018-11-01,CLZ18,CLF19,1,1.0,0.0,False,0.06369,0.06531,-0.02480477721635288,122.89085002,6.268037550505312e-05,126.48119689
2018-11-02,CLZ18,CLF19,2,1.0,0.0,False,0.06314,0.06369,-0.008635578583765069,121.82961643,6.51951240451254e-05,125.39720453
2018-11-05,CLZ18,CLF19,3,1.0,0.0,False,0.0631,0.06314,-0.0006335128286347746,121.75243581,0.0001955981236252402,125.34229126
2018-11-06,CLZ18,CLF19,4,1.0,0.0,False,0.06221,0.0631,-0.014104595879556259,120.03516691,6.51951240451254e-05,123.58256061
2018-11-07,CLZ18,CLF19,5,1.0,0.0,False,0.06167,0.06221,-0.0086802764828805,118.99322847,6.51951240451254e-05,122.51788679
2018-11-08,CLZ18,CLF19,6,0.8,0.2,False,0.06067,0.06167,-0.016215339711367016,117.06371285,6.51951240451254e-05,120.53920521
2018-11-09,CLZ18,CLF19,7,0.6,0.4,False,0.060224,0.060708000000000005,-0.007972590103446087,116.13041185,6.51951240451254e-05,119.5860541
2018-11-12,CLZ18,CLF19,8,0.3999999999999999,0.6000000000000001,False,0.05999,0.060258,-0.004447542235055835,115.61391694,0.0001955981236252402,119.07758088
2018-11-13,CLZ18,CLF19,9,0.19999999999999996,0.8,False,0.055779999999999996,0.06002,-0.07064311896034658,107.44658925,6.51951240451254e-05,110.67333244
2018-11-14,CLZ18,CLF19,10,0.0,1.0,False,0.056401999999999994,0.05581,0.010607418025443405,108.58632014,6.51951240451254e-05,111.85450611
2018-11-15,CLZ18,CLF19,11,0.0,1.0,False,0.05668,0.05644,0.00425230333097093,109.04806211,6.51951240451254e-05,112.33743777
2018-11-16,CLZ18,CLF19,12,0.0,1.0,False,0.05668,0.05668,0.0,109.04806211,6.51951240451254e-05,112.34476162
2018-11-19,CLZ18,CLF19,13,0.0,1.0,False,0.0572,0.05668,0.00917431192660545,110.04850305,0.0001955981236252402,113.39742193
2018-11-20,CLZ18,CLF19,14,0.0,1.0,False,0.05343,0.0572,-0.06590909090909092,102.79530626,6.51951240451254e-05,105.9308939
2018-11-21,CLZ18,CLF19,15,0.0,1.0,False,0.054630000000000005,0.05343,0.02245929253228529,105.10401611,6.51951240451254e-05,108.31693301
2018-11-23,CLZ18,CLF19,16,0.0,1.0,False,0.05042,0.054630000000000005,-0.07706388431264877,97.00429237,0.00013039449849450158,99.98373335
2018-11-26,CLZ18,CLF19,17,0.0,1.0,False,0.05163,0.05042,0.02399841332804442,99.33224147,0.0001955981236252402,102.40274094
2018-11-27,CLZ18,CLF19,18,0.0,1.0,False,0.05156,0.05163,-0.0013558008909548835,99.19756673,6.51951240451254e-05,102.27057937
2018-11-28,CLZ18,CLF19,19,0.0,1.0,False,0.05029,0.05156,-0.024631497284716808,96.75418213,6.51951240451254e-05,99.75816941
2018-11-29,CLZ18,CLF19,20,0.0,1.0,False,0.05145,0.05029,0.023066215947504576,98.98593499,6.51951240451254e-05,102.06571664
2018-11-30,CLZ18,CLF19,21,0.0,1.0,False,0.05093,0.05145,-0.010106899902818212,97.98549405,6.51951240451254e-05,101.04080284
2018-12-03,CLF19,CLG19,1,1.0,0.0,False,0.052950000000000004,0.05093,0.0396622815629295,101.8718223,0.0001955981236252402,105.068075
2018-12-04,CLF19,CLG19,2,1.0,0.0,False,0.05325,0.052950000000000004,0.005665722379603277,102.44899976,6.687194633392401e-05,105.67038765
2018-12-05,CLF19,CLG19,3,1.0,0.0,False,0.05289,0.05325,-0.006760563380281637,101.7563868,6.687194633392401e-05,104.96306268
2018-12-06,CLF19,CLG19,4,1.0,0.0,False,0.05149,0.05289,-0.02647003214218191,99.06289197,6.687194633392401e-05,102.19170612
2018-12-07,CLF19,CLG19,5,1.0,0.0,False,0.05261,0.05149,0.021751796465333095,101.21768783,6.687194633392401e-05,104.42139307
2018-12-10,CLF19,CLG19,6,0.8,0.2,False,0.051,0.05261,-0.03060254704428822,98.12016878,0.00020062925487218664,101.24678247
2018-12-11,CLF19,CLG19,7,0.6,0.4,False,0.051688000000000005,0.05104,0.012695924764890343,99.36589506,6.687194633392401e-05,102.53897457
2018-12-12,CLF19,CLG19,8,0.3999999999999999,0.6000000000000001,False,0.051234,0.05172600000000001,-0.009511657580327237,98.42076069,6.687194633392401e-05,101.57051593
2018-12-13,CLF19,CLG19,9,0.19999999999999996,0.8,False,0.05273,0.051276,0.028356346048833636,101.21161384,6.687194633392401e-05,104.45747685
2018-12-14,CLF19,CLG19,10,0.0,1.0,False,0.051416,0.052779999999999994,-0.02584312239484632,98.59598972,6.687194633392401e-05,101.76495477
2018-12-17,CLF19,CLG19,11,0.0,1.0,False,0.0502,0.05147,-0.024674567709345285,96.1631763,0.00020062925487218664,99.27436553
2018-12-18,CLF19,CLG19,12,0.0,1.0,False,0.0466,0.0502,-0.0717131474103585,89.26701226,6.687194633392401e-05,92.16172699
2018-12-19,CLF19,CLG19,13,0.0,1.0,False,0.048170000000000004,0.0466,0.0336909871244635,92.27450602,6.687194633392401e-05,95.27290958
2018-12-20,CLF19,CLG19,14,0.0,1.0,False,0.045880000000000004,0.048170000000000004,-0.047539962632343835,87.88777945,6.687194633392401e-05,90.7500101
2018-12-21,CLF19,CLG19,15,0.0,1.0,False,0.045590000000000006,0.045880000000000004,-0.006320836965998278,87.33225512,6.687194633392401e-05,90.18246271
2018-12-24,CLF19,CLG19,16,0.0,1.0,False,0.04253,0.045590000000000006,-0.06711998245229234,81.47051569,0.00020062925487218664,84.14751064
2018-12-26,CLF19,CLG19,17,0.0,1.0,False,0.04622,0.04253,0.08676228544556785,88.53908383,0.00013374836452495487,91.45959557
2018-12-27,CLF19,CLG19,18,0.0,1.0,False,0.04461,0.04622,-0.03483340545218516,85.45496602,6.687194633392401e-05,88.27986247
2018-12-28,CLF19,CLG19,19,0.0,1.0,False,0.045329999999999995,0.04461,0.016139878950907738,86.83419883,6.687194633392401e-05,89.71059221
2018-12-31,CLF19,CLG19,20,0.0,1.0,False,0.04541,0.045329999999999995,0.0017648356496802187,86.98744692,0.00020062925487218664,89.88691523
2019-01-02,CLG19,CLH19,1,1.0,0.0,False,0.04654,0.04541,0.024884386698964978,89.15207619,0.00013374836452495487,92.13571822
2019-01-03,CLG19,CLH19,2,1.0,0.0,False,0.04709000000000001,0.04654,0.011817791147400225,90.20565681,6.687194633392401e-05,93.23072019
2019-01-04,CLG19,CLH19,3,1.0,0.0,False,0.04796,0.04709000000000001,0.01847526014015699,91.87222979,6.687194633392401e-05,94.95941652
2019-01-07,CLG19,CLH19,4,1.0,0.0,False,0.04852,0.04796,0.011676396997497784,92.94496642,0.00020062925487218664,96.087252
2019-01-08,CLG19,CLH19,5,1.0,0.0,False,0.04978,0.04852,0.025968672712283647,95.35862383,6.687194633392401e-05,98.58893594
2019-01-09,CLG19,CLH19,6,0.8,0.2,False,0.05236,0.04978,0.05182804339091995,100.30087472,6.687194633392401e-05,103.70520042
2019-01-10,CLG19,CLH19,7,0.6,0.4,False,0.052654000000000006,0.052426,0.0043489871437836225,100.73708193,6.687194633392401e-05,104.16314797
2019-01-11,CLG19,CLH19,8,0.3999999999999999,0.6000000000000001,False,0.051718,0.052718,-0.01896885314313901,98.82621502,6.687194633392401e-05,102.19425811
2019-01-14,CLG19,CLH19,9,0.19999999999999996,0.8,False,0.050684,0.051782,-0.02120427947935577,96.73067634,0.00020062925487218664,100.04780566
2019-01-15,CLG19,CLH19,10,0.0,1.0,False,0.052334000000000006,0.050742,0.031374403846911925,99.76554364,6.687194633392401e-05,103.19343631
2019-01-16,CLG19,CLH19,11,0.0,1.0,False,0.05261,0.05239,0.004199274670738662,100.18448656,6.687194633392401e-05,103.63367464
2019-01-17,CLG19,CLH19,12,0.0,1.0,False,0.05236,0.05261,-0.004751948298802544,99.70841506,6.687194633392401e-05,103.14814296
2019-01-18,CLG19,CLH19,13,0.0,1.0,False,0.05404,0.05236,0.03208556149732633,102.90761554,6.687194633392401e-05,106.46460676
2019-01-22,CLG19,CLH19,14,0.0,1.0,False,0.053009999999999995,0.05404,-0.01905995558845308,100.94620096,0.00026751461767493545,104.46387692
2019-01-23,CLG19,CLH19,15,0.0,1.0,False,0.05262,0.053009999999999995,-0.00735710243350296,100.20352942,6.687194633392401e-05,103.70231118
2019-01-24,CLG19,CLH19,16,0.0,1.0,False,0.053130000000000004,0.05262,0.009692132269099263,101.17471528,6.687194633392401e-05,104.71434247
2019-01-25,CLG19,CLH19,17,0.0,1.0,False,0.053689999999999995,0.053130000000000004,0.010540184453227797,102.24111544,6.687194633392401e-05,105.82505341
2019-01-28,CLG19,CLH19,18,0.0,1.0,False,0.05199,0.053689999999999995,-0.031663252002234965,99.00382924,0.00020062925487218664,102.49551968
2019-01-29,CLG19,CLH19,19,0.0,1.0,False,0.05331,0.05199,0.025389497980380815,101.51748676,6.687194633392401e-05,105.10468354
2019-01-30,CLG19,CLH19,20,0.0,1.0,False,0.054229999999999993,0.05331,0.017257550178202852,103.26942988,6.687194633392401e-05,106.92556144
2019-01-31,CLG19,CLH19,21,0.0,1.0,False,0.05379,0.054229999999999993,-0.008113590263691628,102.43154404,6.687194633392401e-05,106.06516157
2019-02-01,CLH19,CLJ19,1,1.0,0.0,False,0.05526,0.05379,0.027328499721137822,105.23084446,6.687194633392401e-05,108.97085609
2019-02-04,CLH19,CLJ19,2,1.0,0.0,False,0.054560000000000004,0.05526,-0.012667390517553279,103.89784426,0.00020062925487218664,107.61234244
2019-02-05,CLH19,CLJ19,3,1.0,0.0,False,0.05366,0.054560000000000004,-0.016495601173020624,102.18398686,6.687194633392401e-05,105.84440841
2019-02-06,CLH19,CLJ19,4,1.0,0.0,False,0.054009999999999996,0.05366,0.006522549385016729,102.85048696,6.687194633392401e-05,106.54186181
2019-02-07,CLH19,CLJ19,5,1.0,0.0,False,0.05264,0.054009999999999996,-0.025365673023514113,100.24161514,6.687194633392401e-05,103.84648044
2019-02-08,CLH19,CLJ19,6,0.8,0.2,False,0.052719999999999996,0.05264,0.001519756838905817,100.39395802,6.687194633392401e-05,104.01124625
2019-02-11,CLH19,CLJ19,7,0.6,0.4,False,0.052484,0.052794,-0.005871879380232592,99.80445681,0.00020062925487218664,103.42137246
2019-02-12,CLH19,CLJ19,8,0.3999999999999999,0.6000000000000001,False,0.053248000000000004,0.052557999999999994,0.013128353438106588,101.11472499,6.687194633392401e-05,104.78604078
2019-02-13,CLH19,CLJ19,9,0.19999999999999996,0.8,False,0.054146,0.053321999999999994,0.015453283822812525,102.67727953,6.687194633392401e-05,106.41233645
2019-02-14,CLH19,CLJ19,10,0.0,1.0,False,0.054714,0.054228000000000005,0.008962159769860367,103.59748971,6.687194633392401e-05,107.37313681
2019-02-15,CLH19,CLJ19,11,0.0,1.0,False,0.055979999999999995,0.05479,0.02171929184157695,105.84755382,6.687194633392401e-05,109.71238555
2019-02-19,CLH19,CLJ19,12,0.0,1.0,False,0.05645,0.055979999999999995,0.008395855662736817,106.7362346,0.00026751461767493545,110.66286457
2019-02-20,CLH19,CLJ19,13,0.0,1.0,False,0.057159999999999996,0.05645,0.012577502214348835,108.07870983,6.687194633392401e-05,112.06212724
2019-02-21,CLH19,CLJ19,14,0.0,1.0,False,0.056960000000000004,0.057159999999999996,-0.0034989503149054357,107.70054779,6.687194633392401e-05,111.67752123
2019-02-22,CLH19,CLJ19,15,0.0,1.0,False,0.05726,0.056960000000000004,0.005266853932584192,108.26779084,6.687194633392401e-05,112.27317851
2019-02-25,CLH19,CLJ19,16,0.0,1.0,False,0.055479999999999995,0.05726,-0.03108627314006296,104.90214872,0.00020062925487218664,108.8055491
2019-02-26,CLH19,CLJ19,17,0.0,1.0,False,0.0555,0.055479999999999995,0.00036049026676288065,104.93996492,6.687194633392401e-05,108.85204848
2019-02-27,CLH19,CLJ19,18,0.0,1.0,False,0.05694,0.0555,0.025945945945945903,107.66273158,6.687194633392401e-05,111.683597
2019-02-28,CLH19,CLJ19,19,0.0,1.0,False,0.05722,0.05694,0.004917456972251433,108.19215843,6.687194633392401e-05,112.24026478
2019-03-01,CLJ19,CLK19,1,1.0,0.0,False,0.055799999999999995,0.05722,-0.024816497728067155,105.50720798,6.687194633392401e-05,109.46236023
2019-03-04,CLJ19,CLK19,2,1.0,0.0,False,0.05659,0.055799999999999995,0.014157706093190114,107.00094802,0.00020146785384556054,111.0341493
2019-03-05,CLJ19,CLK19,3,1.0,0.0,False,0.05656,0.05659,-0.0005301289980562673,106.94422371,6.71514418646435e-05,110.98274298
2019-03-06,CLJ19,CLK19,4,1.0,0.0,False,0.05622,0.05656,-0.006011315417255969,106.30134825,6.71514418646435e-05,110.32304336
2019-03-07,CLJ19,CLK19,5,1.0,0.0,False,0.056659999999999995,0.05622,0.00782639630024895,107.13330473,6.71514418646435e-05,111.19388357
2019-03-08,CLJ19,CLK19,6,0.8,0.2,False,0.05607,0.056659999999999995,-0.010412989763501468,106.01772672,6.71514418646435e-05,110.04348962
2019-03-11,CLJ19,CLK19,7,0.6,0.4,False,0.056856000000000004,0.05614200000000001,0.012717751416051915,107.36603381,0.00020146785384556054,111.46516559
2019-03-12,CLJ19,CLK19,8,0.3999999999999999,0.6000000000000001,False,0.057002,0.056922,0.0014054319946592564,107.51692947,6.71514418646435e-05,111.62930735
2019-03-13,CLJ19,CLK19,9,0.19999999999999996,0.8,False,0.058457999999999996,0.057067999999999994,0.024356907548889195,110.13570938,6.71514418646435e-05,114.35574814
2019-03-14,CLJ19,CLK19,10,0.0,1.0,False,0.05885,0.058524,0.005570364294990027,110.7492054,6.71514418646435e-05,115.00043047
2019-03-15,CLJ19,CLK19,11,0.0,1.0,False,0.05882,0.05891,-0.0015277542013240053,110.58000784,6.71514418646435e-05,114.83246053
2019-03-18,CLJ19,CLK19,12,0.0,1.0,False,0.05938,0.05882,0.009520571234274078,111.63279268,0.00020146785384556054,115.9488662
2019-03-19,CLJ19,CLK19,13,0.0,1.0,False,0.05929,0.05938,-0.0015156618390029797,111.46359512,6.71514418646435e-05,115.78091307
2019-03-20,CLJ19,CLK19,14,0.0,1.0,False,0.06023,0.05929,0.015854275594535228,113.23076968,6.71514418646435e-05,117.62431043
2019-03-21,CLJ19,CLK19,15,0.0,1.0,False,0.05998,0.06023,-0.004150755437489662,112.76077645,6.71514418646435e-05,117.14397933
2019-03-22,CLJ19,CLK19,16,0.0,1.0,False,0.05904,0.05998,-0.015671890630210017,110.99360189,6.71514418646435e-05,115.31597808
2019-03-25,CLJ19,CLK19,17,0.0,1.0,False,0.05882,0.05904,-0.0037262872628727184,110.58000785,0.00020146785384556054,114.90951009
2019-03-26,CLJ19,CLK19,18,0.0,1.0,False,0.05994,0.05882,0.019041142468548156,112.68557753,6.71514418646435e-05,117.10523478
2019-03-27,CLJ19,CLK19,19,0.0,1.0,False,0.05941,0.05994,-0.008842175508842254,111.68919188,6.71514418646435e-05,116.07763353
2019-03-28,CLJ19,CLK19,20,0.0,1.0,False,0.0593,0.05941,-0.001851540144756747,111.48239486,6.71514418646435e-05,115.87050591
2019-03-29,CLJ19,CLK19,21,0.0,1.0,False,0.06014,0.0593,0.014165261382799388,113.06157212,6.71514418646435e-05,117.51962278
2019-04-01,CLK19,CLM19,1,1.0,0.0,False,0.061590000000000006,0.06014,0.024110409045560388,115.78753287,0.00020146785384556054,120.37674538
2019-04-02,CLK19,CLM19,2,1.0,0.0,False,0.06258,0.061590000000000006,0.016074037993180523,117.64870607,6.63129768301296e-05,122.3196683
2019-04-03,CLK19,CLM19,3,1.0,0.0,False,0.06246,0.06258,-0.0019175455417065335,117.42310932,6.63129768301296e-05,122.09322615
2019-04-04,CLK19,CLM19,4,1.0,0.0,False,0.0621,0.06246,-0.0057636887608069065,116.74631906,6.63129768301296e-05,121.39761516
2019-04-05,CLK19,CLM19,5,1.0,0.0,False,0.06308,0.0621,0.015780998389693934,118.58869253,6.63129768301296e-05,123.32144096
2019-04-08,CLK19,CLM19,6,0.8,0.2,False,0.0644,0.06308,0.020925808497146425,121.0702568,0.00019895212301501708,125.92657688
2019-04-09,CLK19,CLM19,7,0.6,0.4,False,0.063976,0.064386,-0.006367843941229356,120.2993003,6.63129768301296e-05,125.13304666
2019-04-10,CLK19,CLM19,8,0.3999999999999999,0.6000000000000001,False,0.064626,0.063972,0.010223222659913711,121.52914683,6.63129768301296e-05,126.4206076
2019-04-11,CLK19,CLM19,9,0.19999999999999996,0.8,False,0.063634,0.064634,-0.015471733143546773,119.6488803,6.63129768301296e-05,124.47304502
2019-04-12,CLK19,CLM19,10,0.0,1.0,False,0.063994,0.063652,0.005372965499905735,120.29174961,6.63129768301296e-05,125.15008858
2019-04-15,CLK19,CLM19,11,0.0,1.0,False,0.06356,0.06402,-0.007185254607934843,119.42742276,0.00019895212301501708,124.2757522
2019-04-16,CLK19,CLM19,12,0.0,1.0,False,0.06419,0.06356,0.009911894273127553,120.61117475,6.63129768301296e-05,125.51580141
2019-04-17,CLK19,CLM19,13,0.0,1.0,False,0.06387,0.06419,-0.004985200186945038,120.0099039,6.63129768301296e-05,124.89840334
2019-04-18,CLK19,CLM19,14,0.0,1.0,False,0.06406999999999999,0.06387,0.00313136057617025,120.38569818,6.63129768301296e-05,125.29778766
2019-04-22,CLK19,CLM19,15,0.0,1.0,False,0.06555,0.06406999999999999,0.02309973466520998,123.16657587,0.00026527829295264205,128.2253721
2019-04-23,CLK19,CLM19,16,0.0,1.0,False,0.0663,0.06555,0.011441647597254079,124.57580443,6.63129768301296e-05,129.70098463
2019-04-24,CLK19,CLM19,17,0.0,1.0,False,0.06589,0.0663,-0.0061840120663648745,123.80542615,6.63129768301296e-05,128.90751303
2019-04-25,CLK19,CLM19,18,0.0,1.0,False,0.06520999999999999,0.06589,-0.010320230687509646,122.52772559,6.63129768301296e-05,127.585706
2019-04-26,CLK19,CLM19,19,0.0,1.0,False,0.0633,0.06520999999999999,-0.029289986198435702,118.9388902,6.63129768301296e-05,123.85718302
2019-04-29,CLK19,CLM19,20,0.0,1.0,False,0.0635,0.0633,0.003159557661927437,119.31468448,0.00019895212301501708,124.27315858
2019-04-30,CLK19,CLM19,21,0.0,1.0,False,0.06391,0.0635,0.0064566929133857975,120.08506276,6.63129768301296e-05,125.08379313
2019-05-01,CLM19,CLN19,1,1.0,0.0,False,0.0636,0.06391,-0.0048505711156312525,119.50258162,6.63129768301296e-05,124.48535997
2019-05-02,CLM19,CLN19,2,1.0,0.0,False,0.061810000000000004,0.0636,-0.028144654088050336,116.1392228,6.547457646455257e-05,120.9899132
2019-05-03,CLM19,CLN19,3,1.0,0.0,False,0.061939999999999995,0.061810000000000004,0.002103219543762913,116.38348908,6.547457646455257e-05,121.25230331
2019-05-06,CLM19,CLN19,4,1.0,0.0,False,0.06225,0.061939999999999995,0.005004843396835712,116.96597022,0.00019643659043500072,121.88297049
2019-05-07,CLM19,CLN19,5,1.0,0.0,False,0.061399999999999996,0.06225,-0.013654618473895597,115.36884452,6.547457646455257e-05,120.22668526
2019-05-08,CLM19,CLN19,6,0.8,0.2,False,0.062119999999999995,0.061399999999999996,0.011726384364820763,116.72170393,6.547457646455257e-05,121.64438137
2019-05-09,CLM19,CLN19,7,0.6,0.4,False,0.06172200000000001,0.06214,-0.006726746057289845,115.93654667,6.547457646455257e-05,120.83407512
2019-05-10,CLM19,CLN19,8,0.3999999999999999,0.6000000000000001,False,0.061716,0.06174400000000001,-0.0004534853589014398,115.88397114,6.547457646455257e-05,120.78719019
2019-05-13,CLM19,CLN19,9,0.19999999999999996,0.8,False,0.061142,0.06174399999999999,-0.009749935216377126,114.75410993,0.00019643659043500072,119.63324994
2019-05-14,CLM19,CLN19,10,0.0,1.0,False,0.061924,0.061176,0.012227017130900908,116.1572104,6.547457646455257e-05,121.10384067
2019-05-15,CLM19,CLN19,11,0.0,1.0,False,0.062240000000000004,0.06196,0.004519044544867734,116.68213001,6.547457646455257e-05,121.65904355
2019-05-16,CLM19,CLN19,12,0.0,1.0,False,0.06306,0.062240000000000004,0.013174807197943394,118.21939458,6.547457646455257e-05,123.26984357
2019-05-17,CLM19,CLN19,13,0.0,1.0,False,0.06292,0.06306,-0.002220107833809104,117.95693478,6.547457646455257e-05,123.00424227
2019-05-20,CLM19,CLN19,14,0.0,1.0,False,0.06321,0.06292,0.004609027336299976,118.50060152,0.00019643659043500072,123.59533472
2019-05-21,CLM19,CLN19,15,0.0,1.0,False,0.06313,0.06321,-0.0012656225280809341,118.35062449,6.547457646455257e-05,123.44700203
2019-05-22,CLM19,CLN19,16,0.0,1.0,False,0.06142,0.06313,-0.027086963408838982,115.14486546,6.547457646455257e-05,120.11128025
2019-05-23,CLM19,CLN19,17,0.0,1.0,False,0.057909999999999996,0.06142,-0.05714750895473797,108.56462323,6.547457646455257e-05,113.25508402
2019-05-24,CLM19,CLN19,18,0.0,1.0,False,0.05863,0.057909999999999996,0.012433085822828538,109.91441651,6.547457646455257e-05,114.67060953
2019-05-28,CLM19,CLN19,19,0.0,1.0,False,0.05914,0.05863,0.008698618454715978,110.87052008,0.000261924028502003,115.6981204
2019-05-29,CLM19,CLN19,20,0.0,1.0,False,0.05881,0.05914,-0.005579979709164684,110.25186483,6.547457646455257e-05,115.06010252
2019-05-30,CLM19,CLN19,21,0.0,1.0,False,0.05659,0.05881,-0.0377486821969053,106.09000222,6.547457646455257e-05,110.72426878
2019-05-31,CLM19,CLN19,22,0.0,1.0,False,0.0535,0.05659,-0.05460328679978799,100.2971394,6.547457646455257e-05,104.6856094
2019-06-03,CLN19,CLQ19,1,1.0,0.0,False,0.05325,0.0535,-0.004672897196261738,99.82846118,0.00019643659043500072,104.2169884
2019-06-04,CLN19,CLQ19,2,1.0,0.0,False,0.05348,0.05325,0.004319248826291089,100.25964514,6.12835443227766e-05,104.67351429
2019-06-05,CLN19,CLQ19,3,1.0,0.0,False,0.05168,0.05348,-0.03365744203440546,96.88516195,6.12835443227766e-05,101.15688632
2019-06-06,CLN19,CLQ19,4,1.0,0.0,False,0.052590000000000005,0.05168,0.017608359133127083,98.59115068,6.12835443227766e-05,102.94429236
2019-06-07,CLN19,CLQ19,5,1.0,0.0,False,0.05399,0.052590000000000005,0.026621030614185193,101.21574872,6.12835443227766e-05,105.69108431
2019-06-10,CLN19,CLQ19,6,0.8,0.2,False,0.05341,0.05399,-0.010742730135210321,100.12841525,0.00018386190021679738,104.57510608
2019-06-11,CLN19,CLQ19,7,0.6,0.4,False,0.05404,0.05341,0.011795543905635641,101.30948437,6.12835443227766e-05,105.81503507
2019-06-12,CLN19,CLQ19,8,0.3999999999999999,0.6000000000000001,False,0.05294,0.05403999999999999,-0.02035529237601763,99.2473002,6.12835443227766e-05,103.66762382
2019-06-13,CLN19,CLQ19,9,0.19999999999999996,0.8,False,0.053489999999999996,0.05294,0.010389119758216658,100.27839229,6.12835443227766e-05,104.7509923
2019-06-14,CLN19,CLQ19,10,0.0,1.0,False,0.053590000000000006,0.05349,0.0018695083193120965,100.46586358,6.12835443227766e-05,104.95324467
2019-06-17,CLN19,CLQ19,11,0.0,1.0,False,0.053450000000000004,0.053590000000000006,-0.002612427691733532,100.20340378,0.00018386190021679738,104.69835881
2019-06-18,CLN19,CLQ19,12,0.0,1.0,False,0.0544,0.053450000000000004,0.017773620205799645,101.98438102,6.12835443227766e-05,106.56564396
2019-06-19,CLN19,CLQ19,13,0.0,1.0,False,0.05407,0.0544,-0.006066176470588158,101.36572577,6.12835443227766e-05,105.92572868
2019-06-20,CLN19,CLQ19,14,0.0,1.0,False,0.054920000000000004,0.05407,0.015720362493064632,102.95923172,6.12835443227766e-05,107.59741103
2019-06-21,CLN19,CLQ19,15,0.0,1.0,False,0.054630000000000005,0.054920000000000004,-0.005280407865986825,102.41556498,6.12835443227766e-05,107.03584676
2019-06-24,CLN19,CLQ19,16,0.0,1.0,False,0.05509,0.054630000000000005,0.008420281896393877,103.27793291,0.00018386190021679738,107.95679858
2019-06-25,CLN19,CLQ19,17,0.0,1.0,False,0.055380000000000006,0.05509,0.005264113269195958,103.82159965,6.12835443227766e-05,108.53171137
2019-06-26,CLN19,CLQ19,18,0.0,1.0,False,0.055439999999999996,0.055380000000000006,0.0010834236186347823,103.93408242,6.12835443227766e-05,108.65594839
2019-06-27,CLN19,CLQ19,19,0.0,1.0,False,0.05527,0.055439999999999996,-0.003066378066377995,103.61538123,6.12835443227766e-05,108.329427
2019-06-28,CLN19,CLQ19,20,0.0,1.0,False,0.05475,0.05527,-0.009408358965080521,102.64053053,6.12835443227766e-05,107.31686368
2019-07-01,CLQ19,CLU19,1,1.0,0.0,False,0.05465999999999999,0.05475,-0.0016438356164384382,102.47180637,0.00018386190021679738,107.16018388
2019-07-02,CLQ19,CLU19,2,1.0,0.0,False,0.05398,0.05465999999999999,-0.01244054152945473,101.19700161,5.9048987711030065e-05,105.83338087
2019-07-03,CLQ19,CLU19,3,1.0,0.0,False,0.054770000000000006,0.05398,0.014635050018525497,102.67802479,5.9048987711030065e-05,107.38850705
2019-07-05,CLQ19,CLU19,4,1.0,0.0,False,0.054450000000000005,0.054770000000000006,-0.00584261457002011,102.07811667,0.00011810146220492257,106.77376014
2019-07-08,CLQ19,CLU19,5,1.0,0.0,False,0.05483,0.054450000000000005,0.006978879706152297,102.79050757,0.0001771574236877349,107.53783714
2019-07-09,CLQ19,CLU19,6,0.8,0.2,False,0.05533,0.05483,0.009119095385737852,103.72786401,5.9048987711030065e-05,108.52483493
2019-07-10,CLQ19,CLU19,7,0.6,0.4,False,0.05562,0.05533,0.005241279595156412,104.27153075,5.9048987711030065e-05,109.10005222
2019-07-11,CLQ19,CLU19,8,0.3999999999999999,0.6000000000000001,False,0.054909999999999994,0.05562,-0.012765192376843038,102.9404846,5.9048987711030065e-05,107.71381131
2019-07-12,CLQ19,CLU19,9,0.19999999999999996,0.8,False,0.054329999999999996,0.05491,-0.010562739027499601,101.85315113,5.9048987711030065e-05,106.58241883
2019-07-15,CLQ19,CLU19,10,0.0,1.0,False,0.05403,0.05433,-0.005521811154058587,101.29073726,0.0001771574236877349,106.0127727
2019-07-16,CLQ19,CLU19,11,0.0,1.0,False,0.05323,0.05403,-0.01480658893207476,99.79096695,5.9048987711030065e-05,104.4493451
2019-07-17,CLQ19,CLU19,12,0.0,1.0,False,0.05371,0.05323,0.009017471350742046,100.69082914,5.9048987711030065e-05,105.39738171
2019-07-18,CLQ19,CLU19,13,0.0,1.0,False,0.05288,0.05371,-0.015453360640476532,99.13481744,5.9048987711030065e-05,103.77486156
2019-07-19,CLQ19,CLU19,14,0.0,1.0,False,0.053770000000000005,0.05288,0.016830559757942565,100.80331191,5.9048987711030065e-05,105.52757837
2019-07-22,CLQ19,CLU19,15,0.0,1.0,False,0.05415,0.053770000000000005,0.007067137809187107,101.51570281,0.0001771574236877349,106.29205131
2019-07-23,CLQ19,CLU19,16,0.0,1.0,False,0.05364,0.05415,-0.009418282548476431,100.55959924,5.9048987711030065e-05,105.29723918
2019-07-24,CLQ19,CLU19,17,0.0,1.0,False,0.05314,0.05364,-0.009321401938851559,99.6222428,5.9048987711030065e-05,104.32193899
2019-07-25,CLQ19,CLU19,18,0.0,1.0,False,0.05343,0.05314,0.005457282649604878,100.16590954,5.9048987711030065e-05,104.89741341
2019-07-26,CLQ19,CLU19,19,0.0,1.0,False,0.053939999999999995,0.05343,0.009545199326221221,101.12201311,5.9048987711030065e-05,105.90487421
2019-07-29,CLQ19,CLU19,20,0.0,1.0,False,0.05342,0.053939999999999995,-0.00964034111976253,100.14716241,0.0001771574236877349,104.90267693
2019-07-30,CLQ19,CLU19,21,0.0,1.0,False,0.05367,0.05342,0.0046798951703481695,100.61584063,5.9048987711030065e-05,105.39980486
2019-07-31,CLQ19,CLU19,22,0.0,1.0,False,0.05385,0.05367,0.003353828954723248,100.95328895,5.9048987711030065e-05,105.75952153
2019-08-01,CLU19,CLV19,1,1.0,0.0,False,0.05233,0.05385,-0.028226555246053886,98.10372536,5.9048987711030065e-05,102.78053954
2019-08-02,CLU19,CLV19,2,1.0,0.0,False,0.05403,0.05233,0.032486145614370354,101.29073727,5.4302079553369964e-05,106.12506431
2019-08-05,CLU19,CLV19,3,1.0,0.0,False,0.054240000000000003,0.05403,0.0038867295946696245,101.68442698,0.00016291508496801832,106.55483312
2019-08-06,CLU19,CLV19,4,1.0,0.0,False,0.053770000000000005,0.054240000000000003,-0.008665191740412914,100.80331192,5.4302079553369964e-05,105.63730121
2019-08-07,CLU19,CLV19,5,1.0,0.0,False,0.054,0.053770000000000005,0.00427747814766577,101.23449588,5.4302079553369964e-05,106.09489878
2019-08-08,CLU19,CLV19,6,0.8,0.2,False,0.05396,0.054,-0.0007407407407407085,101.15950736,5.4302079553369964e-05,106.02207113
2019-08-09,CLU19,CLV19,7,0.6,0.4,False,0.05469,0.05396000000000001,0.013528539659006578,102.52804777,5.4302079553369964e-05,107.46215215
2019-08-12,CLU19,CLV19,8,0.3999999999999999,0.6000000000000001,False,0.05472999999999999,0.054689999999999996,0.0007313951362222237,102.60303629,0.00016291508496801832,107.55825666
2019-08-13,CLU19,CLV19,9,0.19999999999999996,0.8,False,0.05621,0.05472999999999999,0.02704184176868285,105.37761136,5.4302079553369964e-05,110.47267065
2019-08-14,CLU19,CLV19,10,0.0,1.0,False,0.054880000000000005,0.05621000000000001,-0.023661270236612797,102.88424322,5.4302079553369964e-05,107.86474583
2019-08-15,CLU19,CLV19,11,0.0,1.0,False,0.05441,0.054880000000000005,-0.008564139941691029,102.00312816,5.4302079553369964e-05,106.94683433
2019-08-16,CLU19,CLV19,12,0.0,1.0,False,0.054299999999999994,0.05441,-0.0020216871898549593,101.79690974,5.4302079553369964e-05,106.73642872
2019-08-19,CLU19,CLV19,13,0.0,1.0,False,0.05428,0.054299999999999994,-0.000368324125230024,101.75941548,0.00016291508496801832,106.71450409
2019-08-20,CLU19,CLV19,14,0.0,1.0,False,0.0538,0.05428,-0.008843036109064117,100.85955329,5.4302079553369964e-05,105.77661869
2019-08-21,CLU19,CLV19,15,0.0,1.0,False,0.054,0.0538,0.0037174721189590088,101.23449587,5.4302079553369964e-05,106.17558421
2019-08-22,CLU19,CLV19,16,0.0,1.0,False,0.053869999999999994,0.054,-0.0024074074074075247,100.99078319,5.4302079553369964e-05,105.92574187
2019-08-23,CLU19,CLV19,17,0.0,1.0,False,0.053880000000000004,0.053869999999999994,0.00018563207722310793,101.00953032,5.4302079553369964e-05,105.95115707
2019-08-26,CLU19,CLV19,18,0.0,1.0,False,0.05379,0.053880000000000004,-0.0016703786191537562,100.84080616,0.00016291508496801832,105.79143956
2019-08-27,CLU19,CLV19,19,0.0,1.0,False,0.054509999999999996,0.05379,0.013385387618516376,102.19059944,5.4302079553369964e-05,107.21324368
2019-08-28,CLU19,CLV19,20,0.0,1.0,False,0.054450000000000005,0.054509999999999996,-0.0011007154650520823,102.07811667,5.4302079553369964e-05,107.10105431
2019-08-29,CLU19,CLV19,21,0.0,1.0,False,0.054259999999999996,0.054450000000000005,-0.0034894398530763704,101.72192122,5.4302079553369964e-05,106.73314743
2019-08-30,CLU19,CLV19,22,0.0,1.0,False,0.053149999999999996,0.054259999999999996,-0.020457058606708434,99.64098992,5.4302079553369964e-05,104.55549701
2019-09-03,CLV19,CLX19,1,1.0,0.0,False,0.05342,0.053149999999999996,0.005079962370649227,100.1471624,0.000217226011149263,105.10934717
2019-09-04,CLV19,CLX19,2,1.0,0.0,False,0.054270000000000006,0.05342,0.015911643579183954,101.74066835,5.3185461179161564e-05,106.78739992
2019-09-05,CLV19,CLX19,3,1.0,0.0,False,0.05428,0.054270000000000006,0.0001842638658557938,101.75941548,5.3185461179161564e-05,106.81275652
2019-09-06,CLV19,CLX19,4,1.0,0.0,False,0.054259999999999996,0.05428,-0.00036845983787781034,101.72192122,5.3185461179161564e-05,106.77908119
2019-09-09,CLV19,CLX19,5,1.0,0.0,False,0.054340000000000006,0.054259999999999996,0.0014743826022853845,101.87189825,0.0001595648697680918,106.9535526
2019-09-10,CLV19,CLX19,6,0.8,0.2,False,0.05432,0.054340000000000006,-0.0003680529996320514,101.83440399,5.3185461179161564e-05,106.9198764
2019-09-11,CLV19,CLX19,7,0.6,0.4,False,0.054262000000000005,0.054914000000000004,-0.011873110682157573,100.62531284,5.3185461179161564e-05,105.65609146
2019-09-12,CLV19,CLX19,8,0.3999999999999999,0.6000000000000001,False,0.054282,0.054614,-0.006079027355623157,100.01360881,5.3185461179161564e-05,105.01942456
2019-09-13,CLV19,CLX19,9,0.19999999999999996,0.8,False,0.05415199999999999,0.054538,-0.007077633943305739,99.3057491,5.3185461179161564e-05,104.28172103
2019-09-16,CLV19,CLX19,10,0.0,1.0,False,0.061014000000000006,0.054476,0.12001615390263609,111.22404317,0.0001595648697680918,116.81385181
2019-09-17,CLV19,CLX19,11,0.0,1.0,False,0.0591,0.06267,-0.05696505505026339,104.88815943,5.3185461179161564e-05,110.16575711
2019-09-18,CLV19,CLX19,12,0.0,1.0,False,0.05804,0.0591,-0.017935702199661563,103.00691664,5.3185461179161564e-05,108.19571612
2019-09-19,CLV19,CLX19,13,0.0,1.0,False,0.05819,0.05804,0.0025844245348034534,103.27313024,5.3185461179161564e-05,108.48109422
2019-09-20,CLV19,CLX19,14,0.0,1.0,False,0.05809,0.05819,-0.0017185083347653896,103.0956545,5.3185461179161564e-05,108.30043817
2019-09-23,CLV19,CLX19,15,0.0,1.0,False,0.05864,0.05809,0.009468066792907459,104.07177104,0.0001595648697680918,109.34311489
2019-09-24,CLV19,CLX19,16,0.0,1.0,False,0.05729,0.05864,-0.023021828103683473,101.67584862,5.3185461179161564e-05,106.83165196
2019-09-25,CLV19,CLX19,17,0.0,1.0,False,0.05649,0.05729,-0.013964042590329906,100.25604274,5.3185461179161564e-05,105.34553211
2019-09-26,CLV19,CLX19,18,0.0,1.0,False,0.056409999999999995,0.05649,-0.0014161798548416593,100.11406215,5.3185461179161564e-05,105.20194674
2019-09-27,CLV19,CLX19,19,0.0,1.0,False,0.055909999999999994,0.056409999999999995,-0.008863676653075747,99.22668347,5.3185461179161564e-05,104.27506591
2019-09-30,CLV19,CLX19,20,0.0,1.0,False,0.05407,0.055909999999999994,-0.03291003398318715,95.96112994,0.0001595648697680918,100.86000858
2019-10-01,CLX19,CLZ19,1,1.0,0.0,False,0.053619999999999994,0.05407,-0.00832254484926953,95.16248913,5.3185461179161564e-05,100.02596092
2019-10-02,CLX19,CLZ19,2,1.0,0.0,False,0.05264,0.053619999999999994,-0.018276762402088642,93.42322693,4.5651285867975844e-05,98.20237652
2019-10-03,CLX19,CLZ19,3,1.0,0.0,False,0.052450000000000004,0.05264,-0.0036094224924011487,93.08602303,4.5651285867975844e-05,97.85240571
2019-10-04,CLX19,CLZ19,4,1.0,0.0,False,0.05281,0.052450000000000004,0.0068636796949475,93.72493568,4.5651285867975844e-05,98.52850037
2019-10-07,CLX19,CLZ19,5,1.0,0.0,False,0.05275,0.05281,-0.0011361484567317115,93.61845024,0.00013696010981911755,98.43005184
2019-10-08,CLX19,CLZ19,6,0.8,0.2,False,0.05263,0.05275,-0.0022748815165876124,93.40547936,4.5651285867975844e-05,98.21062859
2019-10-09,CLX19,CLZ19,7,0.6,0.4,False,0.05267600000000001,0.05274,-0.0012135001896093067,93.29213179,4.5651285867975844e-05,98.09593341
2019-10-10,CLX19,CLZ19,8,0.3999999999999999,0.6000000000000001,False,0.053146,0.052762,0.007277965202228787,93.97110868,4.5651285867975844e-05,98.81435041
2019-10-11,CLX19,CLZ19,9,0.19999999999999996,0.8,False,0.053122,0.052944,0.003362042913267027,94.28704358,4.5651285867975844e-05,99.1510795
2019-10-14,CLX19,CLZ19,10,0.0,1.0,False,0.052462,0.052596,-0.002547722260247798,94.04682638,0.00013696010981911755,98.91204983
2019-10-15,CLX19,CLZ19,11,0.0,1.0,False,0.0518,0.05218,-0.007282483710233767,93.3619319,4.5651285867975844e-05,98.1962399
2019-10-16,CLX19,CLZ19,12,0.0,1.0,False,0.05194,0.0518,0.002702702702702675,93.61426145,4.5651285867975844e-05,98.46611793
2019-10-17,CLX19,CLZ19,13,0.0,1.0,False,0.051840000000000004,0.05194,-0.001925298421255217,93.43402606,4.5651285867975844e-05,98.28103637
2019-10-18,CLX19,CLZ19,14,0.0,1.0,False,0.05163,0.051840000000000004,-0.00405092592592593,93.05553174,4.5651285867975844e-05,97.88739383
2019-10-21,CLX19,CLZ19,15,0.0,1.0,False,0.05199,0.05163,0.006972690296339401,93.70437914,0.00013696010981911755,98.58333898
2019-10-22,CLX19,CLZ19,16,0.0,1.0,False,0.052,0.05199,0.00019234468166939855,93.72240268,4.5651285867975844e-05,98.60680142
2019-10-23,CLX19,CLZ19,17,0.0,1.0,False,0.0523,0.052,0.005769230769230749,94.26310885,4.5651285867975844e-05,99.18018834
2019-10-24,CLX19,CLZ19,18,0.0,1.0,False,0.05236,0.0523,0.0011472275334607485,94.37125008,4.5651285867975844e-05,99.29849828
2019-10-25,CLX19,CLZ19,19,0.0,1.0,False,0.052719999999999996,0.05236,0.006875477463712754,95.02009748,4.5651285867975844e-05,99.98575597
2019-10-28,CLX19,CLZ19,20,0.0,1.0,False,0.05228,0.052719999999999996,-0.00834597875569032,94.22706177,0.00013696010981911755,99.16497104
2019-10-29,CLX19,CLZ19,21,0.0,1.0,False,0.05242,0.05228,0.002677888293802555,94.47939132,4.5651285867975844e-05,99.43505077
2019-10-30,CLX19,CLZ19,22,0.0,1.0,False,0.05178,0.05242,-0.01220908050362457,93.32588483,4.5651285867975844e-05,98.22557957
2019-10-31,CLX19,CLZ19,23,0.0,1.0,False,0.05192,0.05178,0.002703746620316805,93.57821438,4.5651285867975844e-05,98.49564078
2019-11-01,CLZ19,CLF20,1,1.0,0.0,False,0.05324,0.05192,0.025423728813559254,95.95732153,4.5651285867975844e-05,101.0042637
2019-11-04,CLZ19,CLF20,2,1.0,0.0,False,0.05274,0.05324,-0.009391435011269711,95.05614458,0.00012942874583310449,100.06876158
2019-11-05,CLZ19,CLF20,3,1.0,0.0,False,0.0531,0.05274,0.0068259385665527805,95.70499198,4.314105410041513e-05,100.75614187
2019-11-06,CLZ19,CLF20,4,1.0,0.0,False,0.05225,0.0531,-0.016007532956685555,94.17299117,4.314105410041513e-05,99.14763134
2019-11-07,CLZ19,CLF20,5,1.0,0.0,False,0.05236,0.05225,0.00210526315789461,94.3712501,4.314105410041513e-05,99.36064053
2019-11-08,CLZ19,CLF20,6,0.8,0.2,False,0.05264,0.05236,0.005347593582887722,94.87590919,4.314105410041513e-05,99.89626737
2019-11-11,CLZ19,CLF20,7,0.6,0.4,False,0.053452000000000006,0.053564,-0.00209095661265013,94.67752778,0.00012942874583310449,99.70031806
2019-11-12,CLZ19,CLF20,8,0.3999999999999999,0.6000000000000001,False,0.054318000000000005,0.054314,7.364583716906736e-05,94.68450039,4.314105410041513e-05,99.71196175
2019-11-13,CLZ19,CLF20,9,0.19999999999999996,0.8,False,0.055403999999999995,0.055162,0.004387078060983818,95.09988868,4.314105410041513e-05,100.15370758
2019-11-14,CLZ19,CLF20,10,0.0,1.0,False,0.055932,0.056302,-0.006571702603815011,94.47492049,4.314105410041513e-05,99.49984793
2019-11-15,CLZ19,CLF20,11,0.0,1.0,False,0.05783,0.05688,0.016701828410689235,96.0528244,4.314105410041513e-05,101.16596984
2019-11-18,CLZ19,CLF20,12,0.0,1.0,False,0.05714,0.05783,-0.011931523430745217,94.90676788,0.00012942874583310449,99.97199949
2019-11-19,CLZ19,CLF20,13,0.0,1.0,False,0.05535,0.05714,-0.03132656632831643,91.93366472,4.314105410041513e-05,96.84453291
2019-11-20,CLZ19,CLF20,14,0.0,1.0,False,0.05701,0.05535,0.029990966576332267,94.69084419,4.314105410041513e-05,99.75317204
2019-11-21,CLZ19,CLF20,15,0.0,1.0,False,0.05858,0.05701,0.02753902824065957,97.29853802,4.314105410041513e-05,102.50458092
2019-11-22,CLZ19,CLF20,16,0.0,1.0,False,0.05777,0.05858,-0.013827244793444882,95.95316732,4.314105410041513e-05,101.09164715
2019-11-25,CLZ19,CLF20,17,0.0,1.0,False,0.05801,0.05777,0.004154405400726979,96.35179568,0.00012942874583310449,101.524707
2019-11-26,CLZ19,CLF20,18,0.0,1.0,False,0.05841,0.05801,0.006895362868470922,97.01617627,4.314105410041513e-05,102.22913657
2019-11-27,CLZ19,CLF20,19,0.0,1.0,False,0.05811,0.05841,-0.005136106831021947,96.51789082,4.314105410041513e-05,101.70848707
2019-11-29,CLZ19,CLF20,20,0.0,1.0,False,0.055170000000000004,0.05811,-0.05059370160041299,91.63469345,8.628396935139726e-05,96.57145403
2019-12-02,CLF20,CLG20,1,1.0,0.0,False,0.05596,0.055170000000000004,0.014319376472720746,92.94684512,0.00012942874583310449,97.96679616
2019-12-03,CLF20,CLG20,2,1.0,0.0,False,0.056100000000000004,0.05596,0.0025017869907075774,93.17937833,4.286217523952196e-05,98.21608729
2019-12-04,CLF20,CLG20,3,1.0,0.0,False,0.05843,0.056100000000000004,0.04153297682709445,97.04939529,4.286217523952196e-05,102.29950352
2019-12-05,CLF20,CLG20,4,1.0,0.0,False,0.05843,0.05843,0.0,97.04939529,4.286217523952196e-05,102.3038883
2019-12-06,CLF20,CLG20,5,1.0,0.0,False,0.0592,0.05843,0.013178161903131924,98.32832793,4.286217523952196e-05,103.65645047
2019-12-09,CLF20,CLG20,6,0.8,0.2,False,0.05902,0.0592,-0.0030405405405404817,98.02935666,0.00012859203729553847,103.35460822
2019-12-10,CLF20,CLG20,7,0.6,0.4,False,0.05922,0.05900000000000001,0.003728813559321864,98.39488985,4.286217523952196e-05,103.74442828
2019-12-11,CLF20,CLG20,8,0.3999999999999999,0.6000000000000001,False,0.058716,0.0592,-0.008175675675675786,97.59044514,4.286217523952196e-05,102.90069419
2019-12-12,CLF20,CLG20,9,0.19999999999999996,0.8,False,0.059108,0.058693999999999996,0.007053531877193597,98.27880246,4.286217523952196e-05,103.63091807
2019-12-13,CLF20,CLG20,10,0.0,1.0,False,0.059997999999999996,0.059084,0.015469501049353518,99.7991265,4.286217523952196e-05,105.23847851
2019-12-16,CLF20,CLG20,11,0.0,1.0,False,0.06014,0.05998,0.002667555851950665,100.06534624,0.00012859203729553847,105.53274086
2019-12-17,CLF20,CLG20,12,0.0,1.0,False,0.06087,0.06014,0.012138343864316559,101.27997382,4.286217523952196e-05,106.81825692
2019-12-18,CLF20,CLG20,13,0.0,1.0,False,0.06085,0.06087,-0.0003285690816493547,101.24669635,4.286217523952196e-05,106.7877382
2019-12-19,CLF20,CLG20,14,0.0,1.0,False,0.06118,0.06085,0.0054231717337716034,101.79577457,4.286217523952196e-05,107.3714436
2019-12-20,CLF20,CLG20,15,0.0,1.0,False,0.06044,0.06118,-0.012095456031382734,100.56450825,4.286217523952196e-05,106.07733919
2019-12-23,CLF20,CLG20,16,0.0,1.0,False,0.060520000000000004,0.06044,0.001323626737260053,100.69761812,0.00012859203729553847,106.23138669
2019-12-24,CLF20,CLG20,17,0.0,1.0,False,0.06111,0.060520000000000004,0.00974884335756765,101.67930343,4.286217523952196e-05,107.27157315
2019-12-26,CLF20,CLG20,18,0.0,1.0,False,0.06168,0.06111,0.009327442317133006,102.62771127,8.572618764524087e-05,108.28133855
2019-12-27,CLF20,CLG20,19,0.0,1.0,False,0.06172,0.06168,0.0006485084306095956,102.69426621,4.286217523952196e-05,108.35620109
2019-12-30,CLF20,CLG20,20,0.0,1.0,False,0.06168,0.06172,-0.0006480881399869576,102.62771127,0.00012859203729553847,108.29991046
2019-12-31,CLF20,CLG20,21,0.0,1.0,False,0.06106,0.06168,-0.010051880674448732,101.59610976,4.286217523952196e-05,107.21593465
2020-01-02,CLG20,CLH20,1,1.0,0.0,False,0.06118,0.06106,0.001965280052407481,101.79577457,8.572618764524087e-05,107.4358352
2020-01-03,CLG20,CLH20,2,1.0,0.0,False,0.06305,0.06118,0.030565544295521274,104.90721783,4.258330353335005e-05,110.72424496
2020-01-06,CLG20,CLH20,3,1.0,0.0,False,0.06327,0.06305,0.003489294210943905,105.27326998,0.00012775535069065036,111.12474004
2020-01-07,CLG20,CLH20,4,1.0,0.0,False,0.0627,0.06327,-0.009009009009009028,104.32486214,4.258330353335005e-05,110.12834831
2020-01-08,CLG20,CLH20,5,1.0,0.0,False,0.059609999999999996,0.0627,-0.049282296650717816,99.18349334,4.258330353335005e-05,104.70566001
2020-01-09,CLG20,CLH20,6,0.8,0.2,False,0.05956,0.059609999999999996,-0.0008387854386846527,99.10029967,4.258330353335005e-05,104.62229314
2020-01-10,CLG20,CLH20,7,0.6,0.4,False,0.059030000000000006,0.059536000000000006,-0.008499059392636399,98.25804034,4.258330353335005e-05,103.73755722
2020-01-13,CLG20,CLH20,8,0.3999999999999999,0.6000000000000001,False,0.05808,0.05902,-0.015926804473060052,96.69310374,0.00012775535069065036,102.09860245
2020-01-14,CLG20,CLH20,9,0.19999999999999996,0.8,False,0.058248,0.05808,0.002892561983471209,96.97279454,4.258330353335005e-05,102.39827669
2020-01-15,CLG20,CLH20,10,0.0,1.0,False,0.057834,0.058254,-0.007209805335255948,96.27363957,4.258330353335005e-05,101.66436551
2020-01-16,CLG20,CLH20,11,0.0,1.0,False,0.05853,0.05784,0.01192946058091282,97.42213216,4.258330353335005e-05,102.88149576
2020-01-17,CLG20,CLH20,12,0.0,1.0,False,0.05858,0.05853,0.0008542627712284645,97.50535626,4.258330353335005e-05,102.97376463
2020-01-21,CLG20,CLH20,13,0.0,1.0,False,0.05838,0.05858,-0.0034141345168999804,97.17245986,0.00017034409446892163,102.63973932
2020-01-22,CLG20,CLH20,14,0.0,1.0,False,0.05674,0.05838,-0.028091812264474214,94.44270936,4.258330353335005e-05,99.76077377
2020-01-23,CLG20,CLH20,15,0.0,1.0,False,0.05559,0.05674,-0.02026788861473383,92.52855505,4.258330353335005e-05,97.74308167
2020-01-24,CLG20,CLH20,16,0.0,1.0,False,0.054189999999999995,0.05559,-0.025184385680877996,90.19828023,4.258330353335005e-05,95.28564442
2020-01-27,CLG20,CLH20,17,0.0,1.0,False,0.05314,0.054189999999999995,-0.019376268684259013,88.45057412,0.00012775535069065036,93.45153743
2020-01-28,CLG20,CLH20,18,0.0,1.0,False,0.05348,0.05314,0.006398193451260914,89.016498,4.258330353335005e-05,94.05343792
2020-01-29,CLG20,CLH20,19,0.0,1.0,False,0.053329999999999995,0.05348,-0.002804786836200557,88.7668257,4.258330353335005e-05,93.79364318
2020-01-30,CLG20,CLH20,20,0.0,1.0,False,0.05214,0.053329999999999995,-0.0223138946184136,86.78609211,4.258330353335005e-05,91.70473576
2020-01-31,CLG20,CLH20,21,0.0,1.0,False,0.05156,0.05214,-0.011123897199846522,85.82069254,4.258330353335005e-05,90.68852679
2020-02-03,CLH20,CLJ20,1,1.0,0.0,False,0.05011,0.05156,-0.028122575640031067,83.40719362,0.00012775535069065036,88.14971778
2020-02-04,CLH20,CLJ20,2,1.0,0.0,False,0.04961,0.05011,-0.009978048293753705,82.57495261,4.286217523952196e-05,87.27393392
2020-02-05,CLH20,CLJ20,3,1.0,0.0,False,0.05075,0.04961,0.022979238056843432,84.4724621,4.286217523952196e-05,89.28316317
2020-02-06,CLH20,CLJ20,4,1.0,0.0,False,0.05095,0.05075,0.003940886699507429,84.8053585,4.286217523952196e-05,89.63884487
2020-02-07,CLH20,CLJ20,5,1.0,0.0,False,0.050320000000000004,0.05095,-0.012365063788027486,83.75673483,4.286217523952196e-05,88.53429695
2020-02-10,CLH20,CLJ20,6,0.8,0.2,False,0.04957,0.050320000000000004,-0.014904610492845749,82.50837332,0.00012859203729553847,87.22611254
2020-02-11,CLH20,CLJ20,7,0.6,0.4,False,0.049986,0.049612,0.007538498750302436,83.13036259,4.286217523952196e-05,87.88740518
2020-02-12,CLH20,CLJ20,8,0.3999999999999999,0.6000000000000001,False,0.051266,0.050032,0.02466421490246251,85.18070772,4.286217523952196e-05,90.05884608
2020-02-13,CLH20,CLJ20,9,0.19999999999999996,0.8,False,0.051564,0.051314,0.004871964765950754,85.59570513,4.286217523952196e-05,90.50146973
2020-02-14,CLH20,CLJ20,10,0.0,1.0,False,0.052266,0.051612000000000005,0.012671471750755448,86.68032869,4.286217523952196e-05,91.65213564
2020-02-18,CLH20,CLJ20,11,0.0,1.0,False,0.052289999999999996,0.05232,-0.0005733944954129377,86.63062667,0.0001714597242696847,91.61529746
2020-02-19,CLH20,CLJ20,12,0.0,1.0,False,0.05349,0.052289999999999996,0.02294893861158931,88.6187076,4.286217523952196e-05,93.72169812
2020-02-20,CLH20,CLJ20,13,0.0,1.0,False,0.053880000000000004,0.05349,0.007291082445316954,89.2648339,4.286217523952196e-05,94.40904786
2020-02-21,CLH20,CLJ20,14,0.0,1.0,False,0.053380000000000004,0.053880000000000004,-0.009279881217520436,88.43646684,4.286217523952196e-05,93.53698968
2020-02-24,CLH20,CLJ20,15,0.0,1.0,False,0.05143,0.053380000000000004,-0.036530535781191587,85.20583532,0.00012859203729553847,90.13206144
2020-02-25,CLH20,CLJ20,16,0.0,1.0,False,0.0499,0.05143,-0.029749173634065706,82.67103213,4.286217523952196e-05,87.45457035
2020-02-26,CLH20,CLJ20,17,0.0,1.0,False,0.048729999999999996,0.0499,-0.02344689378757525,80.73265322,4.286217523952196e-05,85.40778082
2020-02-27,CLH20,CLJ20,18,0.0,1.0,False,0.048729999999999996,0.048729999999999996,0.0,80.73265322,4.286217523952196e-05,85.41144158
2020-02-28,CLH20,CLJ20,19,0.0,1.0,False,0.04476,0.048729999999999996,-0.081469320746973,74.1554188,4.286217523952196e-05,78.45669037
2020-03-02,CLJ20,CLK20,1,1.0,0.0,False,0.04675,0.04476,0.04445933869526364,77.45231968,0.00012859203729553847,81.95491185
2020-03-03,CLJ20,CLK20,2,1.0,0.0,False,0.04718,0.04675,0.009197860962566917,78.16471535,1.0560684166716072e-05,82.70958724
2020-03-04,CLJ20,CLK20,3,1.0,0.0,False,0.04678,0.04718,-0.0084781687155574,77.50202171,1.0560684166716072e-05,82.00923488
2020-03-05,CLJ20,CLK20,4,1.0,0.0,False,0.045899999999999996,0.04678,-0.018811457887986438,76.04409569,1.0560684166716072e-05,80.46738768
2020-03-06,CLJ20,CLK20,5,1.0,0.0,False,0.041280000000000004,0.045899999999999996,-0.1006535947712417,68.3899841,1.0560684166716072e-05,72.36890564
2020-03-09,CLJ20,CLK20,6,0.8,0.2,False,0.031129999999999998,0.041280000000000004,-0.2458817829457366,51.57413287,3.168238708539661e-05,54.57700291
2020-03-10,CLJ20,CLK20,7,0.6,0.4,False,0.034434,0.031198,0.10372459773062381,56.92363906,1.0560684166716072e-05,60.23855696
2020-03-11,CLJ20,CLK20,8,0.3999999999999999,0.6000000000000001,False,0.033144,0.034508,-0.03952706618755064,54.67361461,1.0560684166716072e-05,57.85813969
2020-03-12,CLJ20,CLK20,9,0.19999999999999996,0.8,False,0.031788,0.033226,-0.04327935953771145,52.30737559,1.0560684166716072e-05,55.35468749
2020-03-13,CLJ20,CLK20,10,0.0,1.0,False,0.032034,0.031884,0.00470455400827996,52.55345846,1.0560684166716072e-05,55.61569119
2020-03-16,CLJ20,CLK20,11,0.0,1.0,False,0.029,0.03211,-0.09685456244160695,47.46341624,3.168238708539661e-05,50.2308198
2020-03-17,CLJ20,CLK20,12,0.0,1.0,False,0.027329999999999997,0.029,-0.05758620689655192,44.73017813,1.0560684166716072e-05,47.33874789
2020-03-18,CLJ20,CLK20,13,0.0,1.0,False,0.020829999999999998,0.027329999999999997,-0.23783388218075374,34.09182621,1.0560684166716072e-05,36.08048963
2020-03-19,CLJ20,CLK20,14,0.0,1.0,False,0.02591,0.020829999999999998,0.24387902064330302,42.4061074,1.0560684166716072e-05,44.88014514
2020-03-20,CLJ20,CLK20,15,0.0,1.0,False,0.022629999999999997,0.02591,-0.12659204940177549,37.03783136,1.0560684166716072e-05,39.19914956
2020-03-23,CLJ20,CLK20,16,0.0,1.0,False,0.02336,0.022629999999999997,0.032258064516129004,38.23260011,3.168238708539661e-05,40.46488017
2020-03-24,CLJ20,CLK20,17,0.0,1.0,False,0.02401,0.02336,0.027825342465753522,39.2964353,1.0560684166716072e-05,41.59125665
2020-03-25,CLJ20,CLK20,18,0.0,1.0,False,0.024489999999999998,0.02401,0.01999167013744274,40.08203667,1.0560684166716072e-05,42.42317456
2020-03-26,CLJ20,CLK20,19,0.0,1.0,False,0.022600000000000002,0.024489999999999998,-0.07717435688035912,36.98873127,1.0560684166716072e-05,39.14964137
2020-03-27,CLJ20,CLK20,20,0.0,1.0,False,0.02151,0.022600000000000002,-0.048230088495575196,35.20476149,1.0560684166716072e-05,37.26186415
2020-03-30,CLJ20,CLK20,21,0.0,1.0,False,0.02009,0.02151,-0.06601580660158068,32.88069076,3.168238708539661e-05,34.80317267
2020-03-31,CLJ20,CLK20,22,0.0,1.0,False,0.02048,0.02009,0.019412643106022864,33.51899187,1.0560684166716072e-05,35.47916178
2020-04-01,CLK20,CLM20,1,1.0,0.0,False,0.020309999999999998,0.02048,-0.008300781250000222,33.24075805,1.0560684166716072e-05,35.1850317
2020-04-02,CLK20,CLM20,2,1.0,0.0,False,0.02532,0.020309999999999998,0.24667651403249646,41.44047237,4.445353332771518e-06,43.86450908
2020-04-03,CLK20,CLM20,3,1.0,0.0,False,0.02834,0.02532,0.11927330173775674,46.38321434,4.445353332771518e-06,49.09656891
2020-04-06,CLK20,CLM20,4,1.0,0.0,False,0.02608,0.02834,-0.07974594213126329,42.68434121,1.3336119282003622e-05,45.18197152
2020-04-07,CLK20,CLM20,5,1.0,0.0,False,0.023629999999999998,0.02608,-0.09394171779141103,38.67450087,4.445353332771518e-06,40.93770035
2020-04-08,CLK20,CLM20,6,0.8,0.2,False,0.02509,0.023629999999999998,0.06178586542530695,41.06403838,4.445353332771518e-06,43.46725358
2020-04-09,CLK20,CLM20,7,0.6,0.4,False,0.023972000000000004,0.026106000000000004,-0.08174366046119663,37.70731357,4.445353332771518e-06,39.91427439
2020-04-13,CLK20,CLM20,8,0.3999999999999999,0.6000000000000001,False,0.02515,0.025184000000000005,-0.0013500635324017463,37.6564063,1.7781531898686254e-05,39.86109732
2020-04-14,CLK20,CLM20,9,0.19999999999999996,0.8,False,0.024484,0.026520000000000002,-0.07677224736048271,34.76543936,4.445353332771518e-06,36.80104849
2020-04-15,CLK20,CLM20,10,0.0,1.0,False,0.024806,0.025941999999999996,-0.0437899930614446,33.24306101,4.445353332771518e-06,35.18969442
2020-04-16,CLK20,CLM20,11,0.0,1.0,False,0.02553,0.02604,-0.019585253456221197,32.59198723,4.445353332771518e-06,34.50065176
2020-04-17,CLK20,CLM20,12,0.0,1.0,False,0.02503,0.02553,-0.019584802193497897,31.95367961,4.445353332771518e-06,33.82511669
2020-04-20,CLK20,CLM20,13,0.0,1.0,False,0.02043,0.02503,-0.1837794646424291,26.08124948,1.3336119282003622e-05,27.60920595
2020-04-21,CLK20,CLM20,14,0.0,1.0,False,0.01157,0.02043,-0.43367596671561426,14.7704384,4.445353332771518e-06,15.6358796
2020-04-22,CLK20,CLM20,15,0.0,1.0,False,0.013779999999999999,0.01157,0.19101123595505598,17.59175809,4.445353332771518e-06,18.62257779
2020-04-23,CLK20,CLM20,16,0.0,1.0,False,0.0165,0.013779999999999999,0.19738751814223532,21.06415156,4.445353332771518e-06,22.29852499
2020-04-24,CLK20,CLM20,17,0.0,1.0,False,0.01694,0.0165,0.026666666666666616,21.62586227,4.445353332771518e-06,22.89325145
2020-04-27,CLK20,CLM20,18,0.0,1.0,False,0.01278,0.01694,-0.24557260920897284,16.31514285,1.3336119282003622e-05,17.27160127
2020-04-28,CLK20,CLM20,19,0.0,1.0,False,0.01234,0.01278,-0.034428794992175216,15.75343214,4.445353332771518e-06,16.67703763
2020-04-29,CLK20,CLM20,20,0.0,1.0,False,0.01506,0.01234,0.220421393841167,19.22582561,4.445353332771518e-06,20.35308764
2020-04-30,CLK20,CLM20,21,0.0,1.0,False,0.01884,0.01506,0.250996015936255,24.05143124,4.445353332771518e-06,25.46172203
2020-05-01,CLM20,CLN20,1,1.0,0.0,False,0.019780000000000002,0.01884,0.04989384288747356,25.25144957,4.445353332771518e-06,26.73221837
2020-05-04,CLM20,CLN20,2,1.0,0.0,False,0.020390000000000002,0.019780000000000002,0.030839231547017176,26.03018487,1.0001566988826482e-05,27.55688681
2020-05-05,CLM20,CLN20,3,1.0,0.0,False,0.02456,0.020390000000000002,0.20451201569396749,31.35367045,3.3338445484254464e-06,33.19269315
2020-05-06,CLM20,CLN20,4,1.0,0.0,False,0.023989999999999997,0.02456,-0.02320846905537466,30.62599976,3.3338445484254464e-06,32.42245222
2020-05-07,CLM20,CLN20,5,1.0,0.0,False,0.02355,0.023989999999999997,-0.018340975406419213,30.06428905,3.3338445484254464e-06,31.82790091
2020-05-08,CLM20,CLN20,6,0.8,0.2,False,0.024739999999999998,0.02355,0.05053078556263246,31.58346119,3.3338445484254464e-06,33.43629585
2020-05-11,CLM20,CLN20,7,0.6,0.4,False,0.024328000000000002,0.025026,-0.027890993366898265,30.70256708,1.0001566988826482e-05,32.50405876
2020-05-12,CLM20,CLN20,8,0.3999999999999999,0.6000000000000001,False,0.026,0.024516,0.060531897536302726,32.56105172,3.3338445484254464e-06,34.47169947
2020-05-13,CLM20,CLN20,9,0.19999999999999996,0.8,False,0.025524,0.02611,-0.022443508234392895,31.83026749,3.3338445484254464e-06,33.69814852
2020-05-14,CLM20,CLN20,10,0.0,1.0,False,0.027816,0.025602000000000003,0.08647761893602057,34.58287323,3.3338445484254464e-06,36.61239651
2020-05-15,CLM20,CLN20,11,0.0,1.0,False,0.02952,0.02788,0.05882352941176472,36.61715989,3.3338445484254464e-06,38.76618895
2020-05-18,CLM20,CLN20,12,0.0,1.0,False,0.03165,0.02952,0.07215447154471533,39.25925171,1.0001566988826482e-05,41.56373055
2020-05-19,CLM20,CLN20,13,0.0,1.0,False,0.03196,0.03165,0.009794628751974788,39.64378151,3.3338445484254464e-06,41.97097043
2020-05-20,CLM20,CLN20,14,0.0,1.0,False,0.03349,0.03196,0.0478723404255319,41.54162211,3.3338445484254464e-06,43.98035893
2020-05-21,CLM20,CLN20,15,0.0,1.0,False,0.03392,0.03349,0.0128396536279487,42.07500215,3.3338445484254464e-06,44.54519813
2020-05-22,CLM20,CLN20,16,0.0,1.0,False,0.03325,0.03392,-0.019752358490566002,41.24392162,3.3338445484254464e-06,43.66547391
2020-05-26,CLM20,CLN20,17,0.0,1.0,False,0.03435,0.03325,0.03308270676691727,42.60838218,1.3335444880802072e-05,45.11062827
2020-05-27,CLM20,CLN20,18,0.0,1.0,False,0.03281,0.03435,-0.04483260553129553,40.69813739,3.3338445484254464e-06,43.08835166
2020-05-28,CLM20,CLN20,19,0.0,1.0,False,0.033710000000000004,0.03281,0.02743066138372452,41.81451422,3.3338445484254464e-06,44.2704373
2020-05-29,CLM20,CLN20,20,0.0,1.0,False,0.03549,0.033710000000000004,0.052803322456244306,44.0224595,3.3338445484254464e-06,46.60821107
2020-06-01,CLN20,CLQ20,1,1.0,0.0,False,0.03544,0.03549,-0.0014088475626937713,43.96043857,1.0001566988826482e-05,46.54301337
2020-06-02,CLN20,CLQ20,2,1.0,0.0,False,0.03681,0.03544,0.03865688487584662,45.65981218,4.445353332771518e-06,48.34242818
2020-06-03,CLN20,CLQ20,3,1.0,0.0,False,0.03729,0.03681,0.013039934800325836,46.25521315,4.445353332771518e-06,48.97302519
2020-06-04,CLN20,CLQ20,4,1.0,0.0,False,0.03741,0.03729,0.0032180209171359664,46.40406339,4.445353332771518e-06,49.13083911
2020-06-05,CLN20,CLQ20,5,1.0,0.0,False,0.039549999999999995,0.03741,0.05720395616145413,49.0585594,4.445353332771518e-06,51.94153588
2020-06-08,CLN20,CLQ20,6,0.8,0.2,False,0.038189999999999995,0.039549999999999995,-0.034386852085967146,47.37158997,1.3336119282003622e-05,50.15612266
2020-06-09,CLN20,CLQ20,7,0.6,0.4,False,0.038984,0.038237999999999994,0.019509388566347763,48.29578073,4.445353332771518e-06,51.13486091
2020-06-10,CLN20,CLQ20,8,0.3999999999999999,0.6000000000000001,False,0.039672,0.03902799999999999,0.016500973659936635,49.09270814,4.445353332771518e-06,51.97886322
2020-06-11,CLN20,CLQ20,9,0.19999999999999996,0.8,False,0.036478000000000003,0.039708,-0.08134380981162481,45.09932023,4.445353332771518e-06,47.75093552
2020-06-12,CLN20,CLQ20,10,0.0,1.0,False,0.03646,0.036524,-0.001752272478370398,45.02029393,4.445353332771518e-06,47.66747514
2020-06-15,CLN20,CLQ20,11,0.0,1.0,False,0.03743,0.03651,0.02519857573267581,46.15474122,1.3336119282003622e-05,48.86926333
2020-06-16,CLN20,CLQ20,12,0.0,1.0,False,0.03865,0.03743,0.03259417579481694,47.65911697,4.445353332771518e-06,50.46233393
2020-06-17,CLN20,CLQ20,13,0.0,1.0,False,0.03821,0.03865,-0.011384217335058122,47.11655522,4.445353332771518e-06,49.88808407
2020-06-18,CLN20,CLQ20,14,0.0,1.0,False,0.039049999999999994,0.03821,0.021983773881182778,48.15235492,4.445353332771518e-06,50.9850342
2020-06-19,CLN20,CLQ20,15,0.0,1.0,False,0.03983,0.039049999999999994,0.019974391805377856,49.11416892,4.445353332771518e-06,52.00365589
2020-06-22,CLN20,CLQ20,16,0.0,1.0,False,0.040729999999999995,0.03983,0.02259603314084857,50.22395431,1.3336119282003622e-05,53.17942575
2020-06-23,CLN20,CLQ20,17,0.0,1.0,False,0.040369999999999996,0.040729999999999995,-0.008838693837466272,49.78004015,4.445353332771518e-06,52.70962548
2020-06-24,CLN20,CLQ20,18,0.0,1.0,False,0.038009999999999995,0.040369999999999996,-0.05845925191974244,46.86993624,4.445353332771518e-06,49.62849452
2020-06-25,CLN20,CLQ20,19,0.0,1.0,False,0.03872,0.038009999999999995,0.018679294922388845,47.7454336,4.445353332771518e-06,50.55574042
2020-06-26,CLN20,CLQ20,20,0.0,1.0,False,0.03849,0.03872,-0.005940082644627975,47.46182178,4.445353332771518e-06,50.25565988
2020-06-29,CLN20,CLQ20,21,0.0,1.0,False,0.039700000000000006,0.03849,0.03143673681475723,48.95386658,1.3336119282003622e-05,51.83620405
2020-06-30,CLN20,CLQ20,22,0.0,1.0,False,0.039700000000000006,0.039700000000000006,0.0,48.95386658,4.445353332771518e-06,51.83643448
2020-07-01,CLQ20,CLU20,1,1.0,0.0,False,0.03982,0.039700000000000006,0.003022670025188745,49.10183797,4.445353332771518e-06,51.99334935
2020-07-02,CLQ20,CLU20,2,1.0,0.0,False,0.04065,0.03982,0.02084379708689088,50.12530672,3.6117110888689297e-06,53.07727596
2020-07-06,CLQ20,CLU20,3,1.0,0.0,False,0.04063,0.04065,-0.0004920049200491938,50.10064482,1.4446922622646241e-05,53.05192848
2020-07-07,CLQ20,CLU20,4,1.0,0.0,False,0.040619999999999996,0.04063,-0.0002461235540242024,50.08831387,3.6117110888689297e-06,53.03906276
2020-07-08,CLQ20,CLU20,5,1.0,0.0,False,0.0409,0.040619999999999996,0.006893156080748364,50.43358044,3.6117110888689297e-06,53.40486086
2020-07-09,CLQ20,CLU20,6,0.8,0.2,False,0.039619999999999995,0.0409,-0.03129584352078252,48.855219,3.6117110888689297e-06,51.73370358
2020-07-10,CLQ20,CLU20,7,0.6,0.4,False,0.040591999999999996,0.039661999999999996,0.02344813675558477,50.00078286,3.6117110888689297e-06,52.94694939
2020-07-13,CLQ20,CLU20,8,0.3999999999999999,0.6000000000000001,False,0.040188,0.040633999999999997,-0.010976029925677921,49.45197277,1.083517240019205e-05,52.36637578
2020-07-14,CLQ20,CLU20,9,0.19999999999999996,0.8,False,0.040445999999999996,0.040232000000000004,0.005319148936169915,49.71501518,3.6117110888689297e-06,52.64510947
2020-07-15,CLQ20,CLU20,10,0.0,1.0,False,0.04136,0.04049799999999999,0.02128500172848069,50.77319936,3.6117110888689297e-06,53.76585085
2020-07-16,CLQ20,CLU20,11,0.0,1.0,False,0.04093,0.0414,-0.011352657004830902,50.19678864,3.6117110888689297e-06,53.15565977
2020-07-17,CLQ20,CLU20,12,0.0,1.0,False,0.04075,0.04093,-0.004397752259955978,49.9760356,3.6117110888689297e-06,52.92208633
2020-07-20,CLQ20,CLU20,13,0.0,1.0,False,0.040920000000000005,0.04075,0.004171779141104448,50.18452458,1.083517240019205e-05,53.143439
2020-07-21,CLQ20,CLU20,14,0.0,1.0,False,0.04192,0.040920000000000005,0.02443792766373387,51.41093036,3.6117110888689297e-06,54.44234646
2020-07-22,CLQ20,CLU20,15,0.0,1.0,False,0.0419,0.04192,-0.0004770992366411875,51.38640224,3.6117110888689297e-06,54.41656868
2020-07-23,CLQ20,CLU20,16,0.0,1.0,False,0.04107,0.0419,-0.019809069212410435,50.36848544,3.6117110888689297e-06,53.33882364
2020-07-24,CLQ20,CLU20,17,0.0,1.0,False,0.04129,0.04107,0.005356708059410797,50.63829471,3.6117110888689297e-06,53.62473679
2020-07-27,CLQ20,CLU20,18,0.0,1.0,False,0.0416,0.04129,0.0075078711552434285,51.0184805,1.083517240019205e-05,54.02792544
2020-07-28,CLQ20,CLU20,19,0.0,1.0,False,0.04104,0.0416,-0.013461538461538414,50.33169326,3.6117110888689297e-06,53.30082157
2020-07-29,CLQ20,CLU20,20,0.0,1.0,False,0.04127,0.04104,0.005604288499025278,50.61376659,3.6117110888689297e-06,53.59972726
2020-07-30,CLQ20,CLU20,21,0.0,1.0,False,0.039920000000000004,0.04127,-0.03271141264841282,48.95811879,3.6117110888689297e-06,51.84659806
2020-07-31,CLQ20,CLU20,22,0.0,1.0,False,0.04027,0.039920000000000004,0.008767535070140164,49.38736081,3.6117110888689297e-06,52.30135218
2020-08-03,CLU20,CLV20,1,1.0,0.0,False,0.04101,0.04027,0.01837596225478011,50.29490109,1.083517240019205e-05,53.26300655
2020-08-04,CLU20,CLV20,2,1.0,0.0,False,0.0417,0.04101,0.01682516459400163,51.14112108,2.778132776271036e-06,54.15931337
2020-08-05,CLU20,CLV20,3,1.0,0.0,False,0.04219,0.0417,0.011750599520383709,51.74205991,2.778132776271036e-06,54.79586823
2020-08-06,CLU20,CLV20,4,1.0,0.0,False,0.04195,0.04219,-0.005688551789523544,51.44772252,2.778132776271036e-06,54.48431132
2020-08-07,CLU20,CLV20,5,1.0,0.0,False,0.04122,0.04195,-0.01740166865315851,50.5524463,2.778132776271036e-06,53.53634475
2020-08-10,CLU20,CLV20,6,0.8,0.2,False,0.04194,0.04122,0.017467248908296984,51.43545846,8.334421482736332e-06,54.4719236
2020-08-11,CLU20,CLV20,7,0.6,0.4,False,0.041662000000000005,0.041985999999999996,-0.0077168580002855425,51.03853833,2.778132776271036e-06,54.05172283
2020-08-12,CLU20,CLV20,8,0.3999999999999999,0.6000000000000001,False,0.042782,0.041714,0.025602915088459577,52.34527369,2.778132776271036e-06,55.43575466
2020-08-13,CLU20,CLV20,9,0.19999999999999996,0.8,False,0.042408,0.042838,-0.010037816891544926,51.81984142,2.778132776271036e-06,54.87945472
2020-08-14,CLU20,CLV20,10,0.0,1.0,False,0.04225,0.042464,-0.005039562923888408,51.55869207,2.778132776271036e-06,54.60303872
2020-08-17,CLU20,CLV20,11,0.0,1.0,False,0.04317,0.04231,0.020326164027416604,52.6066825,8.334421482736332e-06,55.71336412
2020-08-18,CLU20,CLV20,12,0.0,1.0,False,0.04312,0.04317,-0.0011582117211026421,52.54575282,2.778132776271036e-06,55.64899102
2020-08-19,CLU20,CLV20,13,0.0,1.0,False,0.04311,0.04312,-0.00023191094619656738,52.53356688,2.778132776271036e-06,55.63624001
2020-08-20,CLU20,CLV20,14,0.0,1.0,False,0.04282,0.04311,-0.006726977499420195,52.18017476,2.778132776271036e-06,55.26213084
2020-08-21,CLU20,CLV20,15,0.0,1.0,False,0.04234,0.04282,-0.011209715086408112,51.59524987,2.778132776271036e-06,54.64281163
2020-08-24,CLU20,CLV20,16,0.0,1.0,False,0.04262,0.04234,0.006613131790269122,51.93645606,8.334421482736332e-06,55.00462716
2020-08-25,CLU20,CLV20,17,0.0,1.0,False,0.04335,0.04262,0.017128108869075565,52.82602933,2.778132776271036e-06,55.94690521
2020-08-26,CLU20,CLV20,18,0.0,1.0,False,0.04339,0.04335,0.0009227220299883321,52.87477307,2.778132776271036e-06,55.99868408
2020-08-27,CLU20,CLV20,19,0.0,1.0,False,0.04304,0.04339,-0.00806637474072358,52.44826534,2.778132776271036e-06,55.54713329
2020-08-28,CLU20,CLV20,20,0.0,1.0,False,0.04297,0.04304,-0.0016263940520446774,52.36296379,2.778132776271036e-06,55.45694608
2020-08-31,CLU20,CLV20,21,0.0,1.0,False,0.04261,0.04297,-0.008377938096346238,51.92427012,8.334421482736332e-06,54.99279342
2020-09-01,CLV20,CLX20,1,1.0,0.0,False,0.04276,0.04261,0.0035203003989672244,52.10705915,2.778132776271036e-06,55.18653735
2020-09-02,CLV20,CLX20,2,1.0,0.0,False,0.04151,0.04276,-0.029232927970065492,50.58381724,3.05598511096683e-06,53.57344192
2020-09-03,CLV20,CLX20,3,1.0,0.0,False,0.04137,0.04151,-0.003372681281618939,50.41321415,3.05598511096683e-06,53.3929195
2020-09-04,CLV20,CLX20,4,1.0,0.0,False,0.03977,0.04137,-0.03867536862460719,48.46346451,3.05598511096683e-06,51.32809183
2020-09-08,CLV20,CLX20,5,1.0,0.0,False,0.03676,0.03977,-0.07568518984158912,44.795498,1.2223996478155641e-05,47.44394289
2020-09-09,CLV20,CLX20,6,0.8,0.2,False,0.03805,0.03676,0.035092491838955464,46.36748365,3.05598511096683e-06,49.10901406
2020-09-10,CLV20,CLX20,7,0.6,0.4,False,0.037372,0.038122,-0.019673679240333697,45.45526465,3.05598511096683e-06,48.14300915
2020-09-11,CLV20,CLX20,8,0.3999999999999999,0.6000000000000001,False,0.037458,0.037444000000000005,0.00037389167823942415,45.47226,3.05598511096683e-06,48.16115655
2020-09-14,CLV20,CLX20,9,0.19999999999999996,0.8,False,0.03744,0.037522,-0.002185384574382998,45.37288562,9.16798335004465e-06,48.05634744
2020-09-15,CLV20,CLX20,10,0.0,1.0,False,0.038495999999999996,0.037500000000000006,0.026559999999999695,46.57798946,3.05598511096683e-06,49.33287089
2020-09-16,CLV20,CLX20,11,0.0,1.0,False,0.040409999999999995,0.038549999999999994,0.048249027237354136,48.82533214,3.05598511096683e-06,51.71328468
2020-09-17,CLV20,CLX20,12,0.0,1.0,False,0.04122,0.040409999999999995,0.020044543429844186,49.80401363,3.05598511096683e-06,52.7500119
2020-09-18,CLV20,CLX20,13,0.0,1.0,False,0.04132,0.04122,0.002426006792819013,49.92483851,3.05598511096683e-06,52.878145
2020-09-21,CLV20,CLX20,14,0.0,1.0,False,0.03954,0.04132,-0.043078412391094,47.77415573,9.16798335004465e-06,50.60072325
2020-09-22,CLV20,CLX20,15,0.0,1.0,False,0.039799999999999995,0.03954,0.006575619625695417,48.08830041,3.05598511096683e-06,50.933609
2020-09-23,CLV20,CLX20,16,0.0,1.0,False,0.03993,0.039799999999999995,0.003266331658291488,48.24537275,3.05598511096683e-06,51.10013071
2020-09-24,CLV20,CLX20,17,0.0,1.0,False,0.040310000000000006,0.03993,0.009516654144753556,48.70450728,3.05598511096683e-06,51.58658915
2020-09-25,CLV20,CLX20,18,0.0,1.0,False,0.04025,0.040310000000000006,-0.0014884644008932302,48.63201235,3.05598511096683e-06,51.50996199
2020-09-28,CLV20,CLX20,19,0.0,1.0,False,0.040600000000000004,0.04025,0.008695652173913215,49.05489941,9.16798335004465e-06,51.95834694
2020-09-29,CLV20,CLX20,20,0.0,1.0,False,0.03929,0.040600000000000004,-0.03226600985221684,47.47209354,3.05598511096683e-06,50.28201719
2020-09-30,CLV20,CLX20,21,0.0,1.0,False,0.04022,0.03929,0.023670145075082694,48.59576488,3.05598511096683e-06,51.47235349
2020-10-01,CLX20,CLZ20,1,1.0,0.0,False,0.03872,0.04022,-0.037294878170064716,46.78339175,3.05598511096683e-06,49.55285564
2020-10-02,CLX20,CLZ20,2,1.0,0.0,False,0.03705,0.03872,-0.04313016528925617,44.76561633,2.778132776271036e-06,47.41577045
2020-10-05,CLX20,CLZ20,3,1.0,0.0,False,0.03922,0.03705,0.05856950067476374,47.38751613,8.334421482736332e-06,50.19328364
2020-10-06,CLX20,CLZ20,4,1.0,0.0,False,0.040670000000000005,0.03922,0.036970933197348455,49.13947682,2.778132776271036e-06,52.04911562
2020-10-07,CLX20,CLZ20,5,1.0,0.0,False,0.03995,0.040670000000000005,-0.017703466928940426,48.26953772,2.778132776271036e-06,51.12781043
2020-10-08,CLX20,CLZ20,6,0.8,0.2,False,0.04119,0.03995,0.031038798498122633,49.76776617,2.778132776271036e-06,52.71489827
2020-10-09,CLX20,CLZ20,7,0.6,0.4,False,0.040662000000000004,0.041246000000000005,-0.014158948746545108,49.06310692,2.778132776271036e-06,51.96865718
2020-10-12,CLX20,CLZ20,8,0.3999999999999999,0.6000000000000001,False,0.03955,0.040724,-0.02882820940968478,47.6487054,8.334421482736332e-06,50.47092698
2020-10-13,CLX20,CLZ20,9,0.19999999999999996,0.8,False,0.04037400000000001,0.03961,0.01928805857106819,48.56775642,2.778132776271036e-06,51.44455339
2020-10-14,CLX20,CLZ20,10,0.0,1.0,False,0.041280000000000004,0.040432,0.020973486347447556,49.5863916,2.778132776271036e-06,52.52366795
2020-10-15,CLX20,CLZ20,11,0.0,1.0,False,0.04124,0.04134,-0.002418964683115643,49.46644387,2.778132776271036e-06,52.39676097
2020-10-16,CLX20,CLZ20,12,0.0,1.0,False,0.04112,0.04124,-0.0029097963142580285,49.32250659,2.778132776271036e-06,52.24444263
2020-10-19,CLX20,CLZ20,13,0.0,1.0,False,0.04106,0.04112,-0.0014591439688715901,49.25053795,8.334421482736332e-06,52.16864589
2020-10-20,CLX20,CLZ20,14,0.0,1.0,False,0.0417,0.04106,0.015586945932781315,50.01820342,2.778132776271036e-06,52.98194068
2020-10-21,CLX20,CLZ20,15,0.0,1.0,False,0.04003,0.0417,-0.04004796163069535,48.01507633,2.778132776271036e-06,50.86026914
2020-10-22,CLX20,CLZ20,16,0.0,1.0,False,0.04064,0.04003,0.015238571071696239,48.74675748,2.778132776271036e-06,51.63544826
2020-10-23,CLX20,CLZ20,17,0.0,1.0,False,0.039850000000000003,0.04064,-0.019438976377952777,47.79917041,2.778132776271036e-06,50.63185145
2020-10-26,CLX20,CLZ20,18,0.0,1.0,False,0.038560000000000004,0.039850000000000003,-0.03237139272271017,46.25184469,8.334421482736332e-06,48.99324989
2020-10-27,CLX20,CLZ20,19,0.0,1.0,False,0.03957,0.038560000000000004,0.026192946058091193,47.46331676,2.778132776271036e-06,50.27666355
2020-10-28,CLX20,CLZ20,20,0.0,1.0,False,0.03739,0.03957,-0.05509224159716963,44.84845625,2.778132776271036e-06,47.50694913
2020-10-29,CLX20,CLZ20,21,0.0,1.0,False,0.03617,0.03739,-0.03262904519925114,43.38509394,2.778132776271036e-06,45.95697472
2020-10-30,CLX20,CLZ20,22,0.0,1.0,False,0.03579,0.03617,-0.010505944152612634,42.92929257,2.778132776271036e-06,45.47428099
2020-11-02,CLZ20,CLF21,1,1.0,0.0,False,0.03681,0.03579,0.02849958088851645,44.15275942,8.334421482736332e-06,46.77065795
2020-11-03,CLZ20,CLF21,2,1.0,0.0,False,0.03766,0.03681,0.023091551208910488,45.17231513,2.5002875438939753e-06,47.85078194
2020-11-04,CLZ20,CLF21,3,1.0,0.0,False,0.03915,0.03766,0.039564524694636116,46.95953631,2.5002875438939753e-06,49.74409503
2020-11-05,CLZ20,CLF21,4,1.0,0.0,False,0.03879,0.03915,-0.009195402298850519,46.52772448,2.5002875438939753e-06,49.28680244
2020-11-06,CLZ20,CLF21,5,1.0,0.0,False,0.03714,0.03879,-0.04253673627223509,44.54858693,2.5002875438939753e-06,47.19042595
2020-11-09,CLZ20,CLF21,6,0.8,0.2,False,0.04029,0.03714,0.08481421647819065,48.32694043,7.500881385791303e-06,51.19319893
2020-11-10,CLZ20,CLF21,7,0.6,0.4,False,0.041422,0.040356,0.026414907324809223,49.60349208,2.5002875438939753e-06,52.54559053
2020-11-11,CLZ20,CLF21,8,0.3999999999999999,0.6000000000000001,False,0.041566,0.041484,0.001976665702439373,49.7015416,2.5002875438939753e-06,52.64958697
2020-11-12,CLZ20,CLF21,9,0.19999999999999996,0.8,False,0.041294,0.041624,-0.007928118393234818,49.30750189,2.5002875438939753e-06,52.23230645
2020-11-13,CLZ20,CLF21,10,0.0,1.0,False,0.040346,0.04135199999999999,-0.024327722963822573,48.10796264,2.5002875438939753e-06,50.96174396
2020-11-16,CLZ20,CLF21,11,0.0,1.0,False,0.04157,0.0404,0.028960396039604097,49.50118829,7.500881385791303e-06,52.43799851
2020-11-17,CLZ20,CLF21,12,0.0,1.0,False,0.04165,0.04157,0.0019244647582390417,49.59645158,2.5002875438939753e-06,52.5390447
2020-11-18,CLZ20,CLF21,13,0.0,1.0,False,0.04201,0.04165,0.008643457382953246,50.0251364,2.5002875438939753e-06,52.99329506
2020-11-19,CLZ20,CLF21,14,0.0,1.0,False,0.0419,0.04201,-0.0026184241847179157,49.89414937,2.5002875438939753e-06,52.85466863
2020-11-20,CLZ20,CLF21,15,0.0,1.0,False,0.04242,0.0419,0.012410501193317325,50.51336077,2.5002875438939753e-06,53.51075371
2020-11-23,CLZ20,CLF21,16,0.0,1.0,False,0.04306,0.04242,0.015087223008015016,51.27546711,7.500881385791303e-06,54.31848376
2020-11-24,CLZ20,CLF21,17,0.0,1.0,False,0.04491,0.04306,0.04296330701346962,53.47843075,2.5002875438939753e-06,56.65232127
2020-11-25,CLZ20,CLF21,18,0.0,1.0,False,0.04571,0.04491,0.017813404586951798,54.43106367,2.5002875438939753e-06,57.66163363
2020-11-27,CLZ20,CLF21,19,0.0,1.0,False,0.04553,0.04571,-0.003937869175235198,54.21672126,5.000581339231758e-06,57.434858
2020-11-30,CLZ20,CLF21,20,0.0,1.0,False,0.045340000000000005,0.04553,-0.0041730726993189915,53.99047094,7.500881385791303e-06,57.19560897
2020-12-01,CLF21,CLG21,1,1.0,0.0,False,0.04455,0.045340000000000005,-0.017423908248787034,53.04974593,2.5002875438939753e-06,56.19918093
2020-12-02,CLF21,CLG21,2,1.0,0.0,False,0.04528,0.04455,0.0163860830527498,53.91902347,2.5002875438939753e-06,57.12020589
2020-12-03,CLF21,CLG21,3,1.0,0.0,False,0.04564,0.04528,0.007950530035335746,54.34770829,2.5002875438939753e-06,57.57448462
2020-12-04,CLF21,CLG21,4,1.0,0.0,False,0.046259999999999996,0.04564,0.013584574934268012,55.08599881,2.5002875438939753e-06,58.35675348
2020-12-07,CLF21,CLG21,5,1.0,0.0,False,0.045759999999999995,0.046259999999999996,-0.01080847384349326,54.49060323,7.500881385791303e-06,57.72644376
2020-12-08,CLF21,CLG21,6,0.8,0.2,False,0.0456,0.045759999999999995,-0.0034965034965033226,54.30007665,2.5002875438939753e-06,57.52474739
2020-12-09,CLF21,CLG21,7,0.6,0.4,False,0.04556,0.04564000000000001,-0.0017528483786153348,54.20489685,2.5002875438939753e-06,57.42405906
2020-12-10,CLF21,CLG21,8,0.3999999999999999,0.6000000000000001,False,0.046852000000000005,0.0456,0.02745614035087729,55.69315411,2.5002875438939753e-06,59.00084567
2020-12-11,CLF21,CLG21,9,0.19999999999999996,0.8,False,0.046678,0.046888,-0.0044787578911449355,55.44371796,2.5002875438939753e-06,58.73674269
2020-12-14,CLF21,CLG21,10,0.0,1.0,False,0.047118,0.046714,0.008648370938048489,55.9232158,7.500881385791303e-06,59.24516041
2020-12-15,CLF21,CLG21,11,0.0,1.0,False,0.04778,0.04715,0.013361611876988366,56.6704401,2.5002875438939753e-06,60.03691937
2020-12-16,CLF21,CLG21,12,0.0,1.0,False,0.048,0.04778,0.004604437002930117,56.93137557,2.5002875438939753e-06,60.31350569
2020-12-17,CLF21,CLG21,13,0.0,1.0,False,0.04854,0.048,0.011249999999999982,57.57185355,2.5002875438939753e-06,60.99218344
2020-12-18,CLF21,CLG21,14,0.0,1.0,False,0.04924,0.04854,0.014421096003296219,58.40210278,2.5002875438939753e-06,61.87191007
2020-12-21,CLF21,CLG21,15,0.0,1.0,False,0.04797,0.04924,-0.025792038992688893,56.89579347,7.500881385791303e-06,60.27657145
2020-12-22,CLF21,CLG21,16,0.0,1.0,False,0.047020000000000006,0.04797,-0.01980404419428794,55.76902666,2.5002875438939753e-06,59.08300227
2020-12-23,CLF21,CLG21,17,0.0,1.0,False,0.048119999999999996,0.047020000000000006,0.023394300297745474,57.07370402,2.5002875438939753e-06,60.4653555
2020-12-24,CLF21,CLG21,18,0.0,1.0,False,0.048229999999999995,0.048119999999999996,0.0022859517871987034,57.20417176,2.5002875438939753e-06,60.60372757
2020-12-28,CLF21,CLG21,19,0.0,1.0,False,0.047619999999999996,0.048229999999999995,-0.012647729628861737,56.48066886,1.0001187684016699e-05,59.83783412
2020-12-29,CLF21,CLG21,20,0.0,1.0,False,0.048,0.047619999999999996,0.007979840403192107,56.93137558,2.5002875438939753e-06,60.31548009
2020-12-30,CLF21,CLG21,21,0.0,1.0,False,0.0484,0.048,0.008333333333333304,57.40580371,2.5002875438939753e-06,60.8182599
2020-12-31,CLF21,CLG21,22,0.0,1.0,False,0.04852,0.0484,0.002479338842975354,57.54813215,2.5002875438939753e-06,60.96920104
2021-01-04,CLG21,CLH21,1,1.0,0.0,False,0.047619999999999996,0.04852,-0.018549051937345573,56.48066886,1.0001187684016699e-05,59.83888993
2021-01-05,CLG21,CLH21,2,1.0,0.0,False,0.04993,0.047619999999999996,0.04850902981940375,59.22049131,2.5002875438939753e-06,62.74176604
2021-01-06,CLG21,CLH21,3,1.0,0.0,False,0.05063,0.04993,0.014019627478469854,60.05074054,2.5002875438939753e-06,63.6215391
2021-01-07,CLG21,CLH21,4,1.0,0.0,False,0.05083,0.05063,0.00395022713806048,60.2879546,2.5002875438939753e-06,63.8730177
2021-01-08,CLG21,CLH21,5,1.0,0.0,False,0.05224,0.05083,0.027739523903206775,61.96031376,2.5002875438939753e-06,65.6449845
2021-01-11,CLG21,CLH21,6,0.8,0.2,False,0.05225,0.05224,0.0001914241960183638,61.97217446,7.500881385791303e-06,65.65804293
2021-01-12,CLG21,CLH21,7,0.6,0.4,False,0.053216,0.05225400000000001,0.018410073869942867,63.11308677,2.5002875438939753e-06,66.86697651
2021-01-13,CLG21,CLH21,8,0.3999999999999999,0.6000000000000001,False,0.05293,0.053222,-0.005486452970576039,62.76681979,2.5002875438939753e-06,66.50028118
2021-01-14,CLG21,CLH21,9,0.19999999999999996,0.8,False,0.053599999999999995,0.05294,0.012466943709860123,63.5493302,2.5002875438939753e-06,67.32950271
2021-01-15,CLG21,CLH21,10,0.0,1.0,False,0.052407999999999996,0.05360999999999999,-0.022421190076478137,62.12447859,2.5002875438939753e-06,65.82006348
2021-01-19,CLG21,CLH21,11,0.0,1.0,False,0.05298,0.05242,0.010682945440671388,62.78815101,1.0001187684016699e-05,66.52387391
2021-01-20,CLG21,CLH21,12,0.0,1.0,False,0.05331,0.05298,0.006228765571913986,63.17924368,2.5002875438939753e-06,66.93840185
2021-01-21,CLG21,CLH21,13,0.0,1.0,False,0.053130000000000004,0.05331,-0.003376477208778872,62.9659204,2.5002875438939753e-06,66.71255322
2021-01-22,CLG21,CLH21,14,0.0,1.0,False,0.052270000000000004,0.053130000000000004,-0.01618671183888576,61.94670919,2.5002875438939753e-06,65.63286314
2021-01-25,CLG21,CLH21,15,0.0,1.0,False,0.052770000000000004,0.052270000000000004,0.009565716472163865,62.53927385,7.500881385791303e-06,66.26118081
2021-01-26,CLG21,CLH21,16,0.0,1.0,False,0.05261,0.052770000000000004,-0.0030320257722191712,62.34965316,2.5002875438939753e-06,66.06044087
2021-01-27,CLG21,CLH21,17,0.0,1.0,False,0.05285,0.05261,0.004561870366850407,62.6340842,2.5002875438939753e-06,66.36196521
2021-01-28,CLG21,CLH21,18,0.0,1.0,False,0.052340000000000005,0.05285,-0.009649952696310193,62.02966825,2.5002875438939753e-06,65.72174131
2021-01-29,CLG21,CLH21,19,0.0,1.0,False,0.0522,0.052340000000000005,-0.0026748184944592746,61.86375015,2.5002875438939753e-06,65.54611191
2021-02-01,CLH21,CLJ21,1,1.0,0.0,False,0.05355,0.0522,0.025862068965517127,63.46367472,7.500881385791303e-06,67.24176163
2021-02-02,CLH21,CLJ21,2,1.0,0.0,False,0.054759999999999996,0.05355,0.022595704948646045,64.89768119,1.1111679050213041e-06,68.76121135
2021-02-03,CLH21,CLJ21,3,1.0,0.0,False,0.055689999999999996,0.054759999999999996,0.016983199415631756,65.99985145,1.1111679050213041e-06,69.92907312
2021-02-04,CLH21,CLJ21,4,1.0,0.0,False,0.056229999999999995,0.055689999999999996,0.009696534386783862,66.63982128,1.1111679050213041e-06,70.60722049
2021-02-05,CLH21,CLJ21,5,1.0,0.0,False,0.056850000000000005,0.056229999999999995,0.011026142628490332,67.37460145,1.1111679050213041e-06,71.38582423
2021-02-08,CLH21,CLJ21,6,0.8,0.2,False,0.05797,0.056850000000000005,0.019700967458223362,68.70194628,3.3335074194340564e-06,72.79243199
2021-02-09,CLH21,CLJ21,7,0.6,0.4,False,0.05833800000000001,0.057942,0.0068344206275241515,69.17148428,1.1111679050213041e-06,73.29000697
2021-02-10,CLH21,CLJ21,8,0.3999999999999999,0.6000000000000001,False,0.05863600000000001,0.058316,0.0054873448110297485,69.55105207,1.1111679050213041e-06,73.69225595
2021-02-11,CLH21,CLJ21,9,0.19999999999999996,0.8,False,0.058179999999999996,0.058614,-0.007404374381547174,69.03607004,1.1111679050213041e-06,73.14669278
2021-02-12,CLH21,CLJ21,10,0.0,1.0,False,0.059398000000000006,0.058159999999999996,0.021286107290233947,70.50557923,1.1111679050213041e-06,74.7037824
2021-02-16,CLH21,CLJ21,11,0.0,1.0,False,0.06008,0.05938,0.011788480970023496,71.33673291,4.44467902860346e-06,75.58475855
2021-02-17,CLH21,CLJ21,12,0.0,1.0,False,0.06116,0.06008,0.01797603195739006,72.6190843,1.1111679050213041e-06,76.94355657
2021-02-18,CLH21,CLJ21,13,0.0,1.0,False,0.06053,0.06116,-0.01030085022890781,71.87104599,1.1111679050213041e-06,76.15105802
2021-02-19,CLH21,CLJ21,14,0.0,1.0,False,0.05926,0.06053,-0.02098133157112181,70.36309574,1.1111679050213041e-06,74.55339203
2021-02-22,CLH21,CLJ21,15,0.0,1.0,False,0.061700000000000005,0.05926,0.04117448531893353,73.26025999,3.3335074194340564e-06,77.6233381
2021-02-23,CLH21,CLJ21,16,0.0,1.0,False,0.06167,0.061700000000000005,-0.000486223662884977,73.22463912,1.1111679050213041e-06,77.58568205
2021-02-24,CLH21,CLJ21,17,0.0,1.0,False,0.06322,0.06167,0.025133776552618725,75.06505084,1.1111679050213041e-06,79.53578946
2021-02-25,CLH21,CLJ21,18,0.0,1.0,False,0.06353,0.06322,0.004903511546978878,75.43313318,1.1111679050213041e-06,79.9258825
2021-02-26,CLH21,CLJ21,19,0.0,1.0,False,0.0615,0.06353,-0.031953407838816394,73.02278751,1.1111679050213041e-06,77.37206699
2021-03-01,CLJ21,CLK21,1,1.0,0.0,False,0.06064,0.0615,-0.013983739837398423,72.00165585,3.3335074194340564e-06,76.29037406
2021-03-02,CLJ21,CLK21,2,1.0,0.0,False,0.05975,0.06064,-0.014676781002638584,70.94490332,8.333652794512147e-07,75.17074053
2021-03-03,CLJ21,CLK21,3,1.0,0.0,False,0.06128,0.05975,0.02560669456066944,72.76156779,8.333652794512147e-07,77.09567737
2021-03-04,CLJ21,CLK21,4,1.0,0.0,False,0.06383,0.06128,0.04161227154046987,75.78934191,8.333652794512147e-07,80.30386788
2021-03-05,CLJ21,CLK21,5,1.0,0.0,False,0.06609000000000001,0.06383,0.035406548644838054,78.47278093,8.333652794512147e-07,83.14721761
2021-03-08,CLJ21,CLK21,6,0.8,0.2,False,0.06505,0.06609000000000001,-0.015736117415645512,77.23792404,2.5000979217981723e-06,81.83901111
2021-03-09,CLJ21,CLK21,7,0.6,0.4,False,0.06400600000000001,0.065026,-0.01568603327899598,76.02636739,8.333652794512147e-07,80.55534986
2021-03-10,CLJ21,CLK21,8,0.3999999999999999,0.6000000000000001,False,0.064432,0.064002,0.0067185400456235556,76.53715358,8.333652794512147e-07,81.09663133
2021-03-11,CLJ21,CLK21,9,0.19999999999999996,0.8,False,0.06600800000000001,0.064428,0.024523499099770474,78.4141124,8.333652794512147e-07,83.08547208
2021-03-12,CLJ21,CLK21,10,0.0,1.0,False,0.065634,0.06600400000000001,-0.005605720865402231,77.97454477,8.333652794512147e-07,82.61978735
2021-03-15,CLJ21,CLK21,11,0.0,1.0,False,0.06544,0.06564,-0.0030469226081658585,77.73696237,2.5000979217981723e-06,82.36825781
2021-03-16,CLJ21,CLK21,12,0.0,1.0,False,0.06486,0.06544,-0.008863080684596514,77.0479734,8.333652794512147e-07,81.63828994
2021-03-17,CLJ21,CLK21,13,0.0,1.0,False,0.06462999999999999,0.06486,-0.0035460992907803135,76.77475364,8.333652794512147e-07,81.3488605
2021-03-18,CLJ21,CLK21,14,0.0,1.0,False,0.06006,0.06462999999999999,-0.07071019650317178,71.34599572,8.333652794512147e-07,75.59673438
2021-03-19,CLJ21,CLK21,15,0.0,1.0,False,0.061439999999999995,0.06006,0.022977022977022754,72.9853143,8.333652794512147e-07,77.33378528
2021-03-22,CLJ21,CLK21,16,0.0,1.0,False,0.061560000000000004,0.061439999999999995,0.001953125000000222,73.12786374,2.5000979217981723e-06,77.48502117
2021-03-23,CLJ21,CLK21,17,0.0,1.0,False,0.05776,0.061560000000000004,-0.06172839506172845,68.61379808,8.333652794512147e-07,72.70205975
2021-03-24,CLJ21,CLK21,18,0.0,1.0,False,0.06118,0.05776,0.05921052631578938,72.67645718,8.333652794512147e-07,77.00684756
2021-03-25,CLJ21,CLK21,19,0.0,1.0,False,0.05856,0.06118,-0.04282445243543642,69.5641277,8.333652794512147e-07,73.70913566
2021-03-26,CLJ21,CLK21,20,0.0,1.0,False,0.060969999999999996,0.05856,0.04115437158469937,72.42699566,8.333652794512147e-07,76.74265024
2021-03-29,CLJ21,CLK21,21,0.0,1.0,False,0.061560000000000004,0.060969999999999996,0.009676890273905281,73.12786375,2.5000979217981723e-06,77.48547231
2021-03-30,CLJ21,CLK21,22,0.0,1.0,False,0.06055,0.061560000000000004,-0.016406757634827907,71.92807261,8.333652794512147e-07,76.21425152
2021-03-31,CLJ21,CLK21,23,0.0,1.0,False,0.05916,0.06055,-0.022956234516928187,70.27687491,8.333652794512147e-07,74.46472281
2021-04-01,CLK21,CLM21,1,1.0,0.0,False,0.061450000000000005,0.05916,0.03870858688302925,72.99719343,8.333652794512147e-07,77.34720906
2021-04-05,CLK21,CLM21,2,1.0,0.0,False,0.05865,0.061450000000000005,-0.045565500406834936,69.67103978,2.2222808662153426e-06,73.82301666
2021-04-06,CLK21,CLM21,3,1.0,0.0,False,0.05933,0.05865,0.011594202898550732,70.47881995,5.555697535353232e-07,74.67897671
2021-04-07,CLK21,CLM21,4,1.0,0.0,False,0.059770000000000004,0.05933,0.007416146974549287,71.00150124,5.555697535353232e-07,75.23284847
2021-04-08,CLK21,CLM21,5,1.0,0.0,False,0.0596,0.059770000000000004,-0.0028442362389159426,70.7995562,5.555697535353232e-07,75.01891028
2021-04-09,CLK21,CLM21,6,0.8,0.2,False,0.05932,0.0596,-0.004697986577181235,70.46694084,5.555697535353232e-07,74.66651413
2021-04-12,CLK21,CLM21,7,0.6,0.4,False,0.059710000000000006,0.059326,0.006472710110238422,70.92305292,1.6667101867540168e-06,75.14993328
2021-04-13,CLK21,CLM21,8,0.3999999999999999,0.6000000000000001,False,0.060203999999999994,0.059719999999999995,0.008104487608841193,71.49784792,5.555697535353232e-07,75.75902673
2021-04-14,CLK21,CLM21,9,0.19999999999999996,0.8,False,0.063192,0.060216000000000006,0.04942208051016328,75.03142032,5.555697535353232e-07,79.50323754
2021-04-15,CLK21,CLM21,10,0.0,1.0,False,0.0635,0.063206,0.004651457140145032,75.38042576,5.555697535353232e-07,79.87308762
2021-04-16,CLK21,CLM21,11,0.0,1.0,False,0.06319,0.06351,-0.005038576602109934,75.00061571,5.555697535353232e-07,79.47068532
2021-04-19,CLK21,CLM21,12,0.0,1.0,False,0.06343,0.06319,0.003798069314765007,75.28547325,1.6667101867540168e-06,79.77265295
2021-04-20,CLK21,CLM21,13,0.0,1.0,False,0.06267,0.06343,-0.011981712123600774,74.38342438,5.555697535353232e-07,78.8168843
2021-04-21,CLK21,CLM21,14,0.0,1.0,False,0.06135,0.06267,-0.02106270943034949,72.81670793,5.555697535353232e-07,77.15683096
2021-04-22,CLK21,CLM21,15,0.0,1.0,False,0.06143,0.06135,0.001303993480032517,72.91166044,5.555697535353232e-07,77.25748583
2021-04-23,CLK21,CLM21,16,0.0,1.0,False,0.06214,0.06143,0.011557870747191945,73.75436399,5.555697535353232e-07,78.15046079
2021-04-26,CLK21,CLM21,17,0.0,1.0,False,0.06191,0.06214,-0.003701319600901254,73.48137552,1.6667101867540168e-06,77.86133122
2021-04-27,CLK21,CLM21,18,0.0,1.0,False,0.06294,0.06191,0.016637053787756262,74.70388912,5.555697535353232e-07,79.15675764
2021-04-28,CLK21,CLM21,19,0.0,1.0,False,0.06386,0.06294,0.014617095646647593,75.79584301,5.555697535353232e-07,80.31384351
2021-04-29,CLK21,CLM21,20,0.0,1.0,False,0.06501,0.06386,0.01800814281240215,77.16078538,5.555697535353232e-07,81.7601913
2021-04-30,CLK21,CLM21,21,0.0,1.0,False,0.06358,0.06501,-0.021996615905245376,75.46350922,5.555697535353232e-07,79.9617892
2021-05-03,CLM21,CLN21,1,1.0,0.0,False,0.06448999999999999,0.06358,0.014312676942434654,76.54359405,1.6667101867540168e-06,81.10638973
2021-05-04,CLM21,CLN21,2,1.0,0.0,False,0.06569,0.06448999999999999,0.018607536052101192,77.96788174,5.555697535353232e-07,82.61562487
2021-05-05,CLM21,CLN21,3,1.0,0.0,False,0.06563,0.06569,-0.0009133810321206859,77.89666736,5.555697535353232e-07,82.54021123
2021-05-06,CLM21,CLN21,4,1.0,0.0,False,0.06470999999999999,0.06563,-0.014017979582508056,76.80471347,5.555697535353232e-07,81.38321009
2021-05-07,CLM21,CLN21,5,1.0,0.0,False,0.0649,0.06470999999999999,0.0029361767887499113,77.03022569,5.555697535353232e-07,81.6222108
2021-05-10,CLM21,CLN21,6,0.8,0.2,False,0.06492,0.0649,0.0003081664098614212,77.05396382,1.6667101867540168e-06,81.64750007
2021-05-11,CLM21,CLN21,7,0.6,0.4,False,0.06528400000000001,0.06492200000000001,0.005575921875481393,77.4836107,5.555697535353232e-07,82.10280551
2021-05-12,CLM21,CLN21,8,0.3999999999999999,0.6000000000000001,False,0.066088,0.065288,0.012253400318588348,78.4330484,5.555697535353232e-07,83.10888967
2021-05-13,CLM21,CLN21,9,0.19999999999999996,0.8,False,0.063832,0.066092,-0.034194758821037285,75.75104923,5.555697535353232e-07,80.26704741
2021-05-14,CLM21,CLN21,10,0.0,1.0,False,0.065362,0.063836,0.023905006579359567,77.56187856,5.555697535353232e-07,82.1858763
2021-05-17,CLM21,CLN21,11,0.0,1.0,False,0.06628,0.06536,0.014075887392900999,78.65363083,1.6667101867540168e-06,83.34285242
2021-05-18,CLM21,CLN21,12,0.0,1.0,False,0.0655,0.06628,-0.011768255884127998,77.72801478,5.555697535353232e-07,82.36209871
2021-05-19,CLM21,CLN21,13,0.0,1.0,False,0.06335,0.0655,-0.03282442748091596,75.1766372,5.555697535353232e-07,79.65865574
2021-05-20,CLM21,CLN21,14,0.0,1.0,False,0.061939999999999995,0.06335,-0.02225730071033949,73.50340818,5.555697535353232e-07,77.88571334
2021-05-21,CLM21,CLN21,15,0.0,1.0,False,0.06358,0.061939999999999995,0.026477236034872398,75.44957527,5.555697535353232e-07,79.94795503
2021-05-24,CLM21,CLN21,16,0.0,1.0,False,0.06605,0.06358,0.03884869455803708,78.38069277,1.6667101867540168e-06,83.05396196
2021-05-25,CLM21,CLN21,17,0.0,1.0,False,0.06606999999999999,0.06605,0.00030280090840251184,78.40442651,5.555697535353232e-07,83.07915691
2021-05-26,CLM21,CLN21,18,0.0,1.0,False,0.06620999999999999,0.06606999999999999,0.0021189647343726747,78.57056272,5.555697535353232e-07,83.25524486
2021-05-27,CLM21,CLN21,19,0.0,1.0,False,0.06684999999999999,0.06620999999999999,0.009666213562905979,79.33004256,5.555697535353232e-07,84.06005409
2021-05-28,CLM21,CLN21,20,0.0,1.0,False,0.06631999999999999,0.06684999999999999,-0.007928197456993358,78.70109832,5.555697535353232e-07,83.39365609
2021-06-01,CLN21,CLQ21,1,1.0,0.0,False,0.06772,0.06631999999999999,0.021109770808202866,80.36246047,2.2222808662153426e-06,85.15426238
2021-06-02,CLN21,CLQ21,2,1.0,0.0,False,0.06883,0.06772,0.016391021854695875,81.67968332,8.333652794512147e-07,86.55009872
2021-06-03,CLN21,CLQ21,3,1.0,0.0,False,0.06881,0.06883,-0.00029057097195994697,81.65594958,8.333652794512147e-07,86.52502191
2021-06-04,CLN21,CLQ21,4,1.0,0.0,False,0.06962,0.06881,0.011771544833599767,82.61716625,8.333652794512147e-07,87.54362719
2021-06-07,CLN21,CLQ21,5,1.0,0.0,False,0.06923,0.06962,-0.005601838552140248,82.15435822,2.5000979217981723e-06,87.05344079
2021-06-08,CLN21,CLQ21,6,0.8,0.2,False,0.07005,0.06923,0.01184457605084499,83.12744176,8.333652794512147e-07,88.08462443
2021-06-09,CLN21,CLQ21,7,0.6,0.4,False,0.069926,0.070014,-0.0012568914788471108,83.02295959,8.333652794512147e-07,87.97398503
2021-06-10,CLN21,CLQ21,8,0.3999999999999999,0.6000000000000001,False,0.07021000000000001,0.069892,0.004549876953013454,83.40070384,8.333652794512147e-07,88.37432915
2021-06-11,CLN21,CLQ21,9,0.19999999999999996,0.8,False,0.070724,0.07017000000000001,0.007895111871169869,84.05916173,8.333652794512147e-07,89.07212802
2021-06-14,CLN21,CLQ21,10,0.0,1.0,False,0.07067999999999999,0.070662,0.00025473380317553307,84.08057444,2.5000979217981723e-06,89.09504039
2021-06-15,CLN21,CLQ21,11,0.0,1.0,False,0.07186,0.07063,0.017414696304686395,85.54481211,8.333652794512147e-07,90.64667771
2021-06-16,CLN21,CLQ21,12,0.0,1.0,False,0.07195,0.07186,0.001252435290843401,85.65195145,8.333652794512147e-07,90.76028235
2021-06-17,CLN21,CLQ21,13,0.0,1.0,False,0.07078,0.07195,-0.01626129256428077,84.25914001,8.333652794512147e-07,89.28447848
2021-06-18,CLN21,CLQ21,14,0.0,1.0,False,0.07129,0.07078,0.007205425261373355,84.86626295,8.333652794512147e-07,89.92788553
2021-06-21,CLN21,CLQ21,15,0.0,1.0,False,0.07312,0.07129,0.025669799410857008,87.0447629,2.5000979217981723e-06,92.23654115
2021-06-22,CLN21,CLQ21,16,0.0,1.0,False,0.07285,0.07312,-0.0036925601750548154,86.72334488,8.333652794512147e-07,91.89602904
2021-06-23,CLN21,CLQ21,17,0.0,1.0,False,0.07307999999999999,0.07285,0.003157172271791353,86.99714542,8.333652794512147e-07,92.18623722
2021-06-24,CLN21,CLQ21,18,0.0,1.0,False,0.0733,0.07307999999999999,0.003010399562123789,87.25904159,8.333652794512147e-07,92.46383145
2021-06-25,CLN21,CLQ21,19,0.0,1.0,False,0.07404999999999999,0.0733,0.010231923601636828,88.15186944,8.333652794512147e-07,93.40999137
2021-06-28,CLN21,CLQ21,20,0.0,1.0,False,0.07291,0.07404999999999999,-0.015395003376097116,86.79477111,2.5000979217981723e-06,91.97217777
2021-06-29,CLN21,CLQ21,21,0.0,1.0,False,0.07298,0.07291,0.0009600877794542217,86.87810171,8.333652794512147e-07,92.06055578
2021-06-30,CLN21,CLQ21,22,0.0,1.0,False,0.07347,0.07298,0.006714168265278042,87.4614159,8.333652794512147e-07,92.67874256
2021-07-01,CLQ21,CLU21,1,1.0,0.0,False,0.07523,0.07347,0.023955355927589572,89.55658525,8.333652794512147e-07,94.89897206
2021-07-02,CLQ21,CLU21,2,1.0,0.0,False,0.07515999999999999,0.07523,-0.0009304798617574273,89.47325465,1.3889776309117252e-06,94.81080229
2021-07-06,CLQ21,CLU21,3,1.0,0.0,False,0.07337,0.07515999999999999,-0.02381585949973375,87.34237219,5.555922099498289e-06,92.55332831
2021-07-07,CLQ21,CLU21,4,1.0,0.0,False,0.0722,0.07337,-0.015946572168461293,85.94956075,1.3889776309117252e-06,91.07754854
2021-07-08,CLQ21,CLU21,5,1.0,0.0,False,0.07293999999999999,0.0722,0.010249307479224257,86.83048423,1.3889776309117252e-06,92.01115685
2021-07-09,CLQ21,CLU21,6,0.8,0.2,False,0.07456,0.07293999999999999,0.022210035645736426,88.75899238,1.3889776309117252e-06,94.05485573
2021-07-12,CLQ21,CLU21,7,0.6,0.4,False,0.073968,0.07441,-0.005940061819647902,88.23175848,4.166938680771892e-06,93.496556
2021-07-13,CLQ21,CLU21,8,0.3999999999999999,0.6000000000000001,False,0.075026,0.073836,0.016116799393249837,89.65377203,1.3889776309117252e-06,95.0035511
2021-07-14,CLQ21,CLU21,9,0.19999999999999996,0.8,False,0.072836,0.074914,-0.02773847344955549,87.16691325,1.3889776309117252e-06,92.36842957
2021-07-15,CLQ21,CLU21,10,0.0,1.0,False,0.071434,0.072738,-0.017927355715032012,85.60424099,1.3889776309117252e-06,90.71263617
2021-07-16,CLQ21,CLU21,11,0.0,1.0,False,0.07156,0.07138,0.0025217147660407946,85.82011047,1.3889776309117252e-06,90.94151356
2021-07-19,CLQ21,CLU21,12,0.0,1.0,False,0.06634999999999999,0.07156,-0.07280603689211862,79.57188834,4.166938680771892e-06,84.32080132
2021-07-20,CLQ21,CLU21,13,0.0,1.0,False,0.06720000000000001,0.06634999999999999,0.012810851544838187,80.59127199,1.3889776309117252e-06,85.40113971
2021-07-21,CLQ21,CLU21,14,0.0,1.0,False,0.0703,0.06720000000000001,0.04613095238095233,84.30902412,1.3889776309117252e-06,89.34089424
2021-07-22,CLQ21,CLU21,15,0.0,1.0,False,0.07191,0.0703,0.022901849217638715,86.23985668,1.3889776309117252e-06,91.38709002
2021-07-23,CLQ21,CLU21,16,0.0,1.0,False,0.07207,0.07191,0.002225003476567844,86.43174066,1.3889776309117252e-06,91.59055355
2021-07-26,CLQ21,CLU21,17,0.0,1.0,False,0.07191,0.07207,-0.002220063826834928,86.23985668,4.166938680771892e-06,91.38759833
2021-07-27,CLQ21,CLU21,18,0.0,1.0,False,0.07165,0.07191,-0.0036156306494228296,85.92804521,1.3889776309117252e-06,91.05730146
2021-07-28,CLQ21,CLU21,19,0.0,1.0,False,0.07239,0.07165,0.01032798325191897,86.81550862,1.3889776309117252e-06,91.99786622
2021-07-29,CLQ21,CLU21,20,0.0,1.0,False,0.07362,0.07239,0.01699129714048908,88.29061672,1.3889776309117252e-06,93.56115708
2021-07-30,CLQ21,CLU21,21,0.0,1.0,False,0.07395,0.07362,0.004482477587611999,88.68637743,1.3889776309117252e-06,93.98067282
2021-08-02,CLU21,CLV21,1,1.0,0.0,False,0.07126,0.07395,-0.0363759296822177,85.460328,4.166938680771892e-06,90.56243008
2021-08-03,CLU21,CLV21,2,1.0,0.0,False,0.07056,0.07126,-0.00982318271119853,84.62083558,1.3889776309117252e-06,89.67294457
2021-08-04,CLU21,CLV21,3,1.0,0.0,False,0.06815,0.07056,-0.034155328798185836,81.73058312,1.3889776309117252e-06,86.61026022
2021-08-05,CLU21,CLV21,4,1.0,0.0,False,0.06909,0.06815,0.01379310344827589,82.85790151,1.3889776309117252e-06,87.8050048
2021-08-06,CLU21,CLV21,5,1.0,0.0,False,0.06828000000000001,0.06909,-0.011723838471558667,81.88648886,1.3889776309117252e-06,86.77571507
2021-08-09,CLU21,CLV21,6,0.8,0.2,False,0.06648,0.06828000000000001,-0.026362038664323517,79.72779407,4.166938680771892e-06,84.4884919
2021-08-10,CLU21,CLV21,7,0.6,0.4,False,0.068244,0.066444,0.0270904822105833,81.88765846,1.3889776309117252e-06,86.77744324
2021-08-11,CLU21,CLV21,8,0.3999999999999999,0.6000000000000001,False,0.069158,0.06819800000000001,0.014076659139564018,83.04036312,1.3889776309117252e-06,87.99910027
2021-08-12,CLU21,CLV21,9,0.19999999999999996,0.8,False,0.06897600000000001,0.069112,-0.0019678203495774316,82.8769546,1.3889776309117252e-06,87.82605607
2021-08-13,CLU21,CLV21,10,0.0,1.0,False,0.068256,0.068938,-0.009892947285967124,82.05705726,1.3889776309117252e-06,86.95731952
2021-08-16,CLU21,CLV21,11,0.0,1.0,False,0.06705,0.06820999999999999,-0.01700630406098802,80.66156999,4.166938680771892e-06,85.47885925
2021-08-17,CLU21,CLV21,12,0.0,1.0,False,0.06634000000000001,0.06705,-0.010589112602535256,79.80743554,1.3889776309117252e-06,84.57383271
2021-08-18,CLU21,CLV21,13,0.0,1.0,False,0.06520999999999999,0.06634000000000001,-0.017033463973470275,78.44803846,1.3889776309117252e-06,83.13336485
2021-08-19,CLU21,CLV21,14,0.0,1.0,False,0.0635,0.06520999999999999,-0.026222971936819328,76.39089775,1.3889776309117252e-06,80.95347643
2021-08-20,CLU21,CLV21,15,0.0,1.0,False,0.06214,0.0635,-0.021417322834645702,74.75480923,1.3889776309117252e-06,79.21978213
2021-08-23,CLU21,CLV21,16,0.0,1.0,False,0.06564,0.06214,0.05632442870936605,78.96533115,4.166938680771892e-06,83.6821212
2021-08-24,CLU21,CLV21,17,0.0,1.0,False,0.06754,0.06564,0.0289457647775746,81.25104305,1.3889776309117252e-06,86.10448043
2021-08-25,CLU21,CLV21,18,0.0,1.0,False,0.06836,0.06754,0.012140953509031771,82.23750819,1.3889776309117252e-06,87.14999053
2021-08-26,CLU21,CLV21,19,0.0,1.0,False,0.06742000000000001,0.06836,-0.0137507314218841,81.1066823,1.3889776309117252e-06,85.95173546
2021-08-27,CLU21,CLV21,20,0.0,1.0,False,0.06874,0.06742000000000001,0.01957876001186576,82.69465057,1.3889776309117252e-06,87.63468325
2021-08-30,CLU21,CLV21,21,0.0,1.0,False,0.06921,0.06874,0.006837358161187135,83.26006351,4.166938680771892e-06,88.23423813
2021-08-31,CLU21,CLV21,22,0.0,1.0,False,0.0685,0.06921,-0.010258633145499019,82.40592906,1.3889776309117252e-06,87.329198
2021-09-01,CLV21,CLX21,1,1.0,0.0,False,0.06859,0.0685,0.0013138686131386468,82.51419962,1.3889776309117252e-06,87.44405839
2021-09-02,CLV21,CLX21,2,1.0,0.0,False,0.06999,0.06859,0.020411138649949034,84.19840839,1.1111679050213041e-06,89.22898836
2021-09-03,CLV21,CLX21,3,1.0,0.0,False,0.06929,0.06999,-0.010001428775539223,83.35630401,1.1111679050213041e-06,88.33667014
2021-09-07,CLV21,CLX21,4,1.0,0.0,False,0.06835,0.06929,-0.013566171164670404,82.22547812,4.44467902860346e-06,87.13867238
2021-09-08,CLV21,CLX21,5,1.0,0.0,False,0.0693,0.06835,0.013899049012435993,83.36833407,1.1111679050213041e-06,88.34991388
2021-09-09,CLV21,CLX21,6,0.8,0.2,False,0.06814,0.0693,-0.01673881673881661,81.9728468,1.1111679050213041e-06,86.87113903
2021-09-10,CLV21,CLX21,7,0.6,0.4,False,0.06967000000000001,0.068096,0.02311442669172936,83.86760216,1.1111679050213041e-06,88.87921214
2021-09-13,CLV21,CLX21,8,0.3999999999999999,0.6000000000000001,False,0.07034599999999999,0.06962,0.0104280379201378,84.7421767,3.3335074194340564e-06,89.80634422
2021-09-14,CLV21,CLX21,9,0.19999999999999996,0.8,False,0.070322,0.070294,0.00039832702648867624,84.7759318,1.1111679050213041e-06,89.8422163
2021-09-15,CLV21,CLX21,10,0.0,1.0,False,0.07238599999999999,0.070276,0.030024474927428768,87.32128464,1.1111679050213041e-06,92.5397815
2021-09-16,CLV21,CLX21,11,0.0,1.0,False,0.07237,0.07232999999999999,0.0005530208765383016,87.36957513,1.1111679050213041e-06,92.59106075
2021-09-17,CLV21,CLX21,12,0.0,1.0,False,0.07182,0.07237,-0.007599834185436083,86.70558085,1.1111679050213041e-06,91.88748693
2021-09-20,CLV21,CLX21,13,0.0,1.0,False,0.07014,0.07182,-0.023391812865497075,84.67738013,3.3335074194340564e-06,89.73837834
2021-09-21,CLV21,CLX21,14,0.0,1.0,False,0.07049,0.07014,0.004990019960079861,85.09992195,1.1111679050213041e-06,90.18627436
2021-09-22,CLV21,CLX21,15,0.0,1.0,False,0.07223,0.07049,0.024684352390410114,87.20055841,1.1111679050213041e-06,92.41256435
2021-09-23,CLV21,CLX21,16,0.0,1.0,False,0.0733,0.07223,0.01481378928423105,88.49232911,1.1111679050213041e-06,93.78164729
2021-09-24,CLV21,CLX21,17,0.0,1.0,False,0.07398,0.0733,0.009276944065484294,89.3132675,1.1111679050213041e-06,94.6517586
2021-09-27,CLV21,CLX21,18,0.0,1.0,False,0.07545,0.07398,0.019870235198702346,91.08794313,3.3335074194340564e-06,96.53282683
2021-09-28,CLV21,CLX21,19,0.0,1.0,False,0.07529000000000001,0.07545,-0.002120609675281604,90.89478116,1.1111679050213041e-06,96.32822565
2021-09-29,CLV21,CLX21,20,0.0,1.0,False,0.07483,0.07529000000000001,-0.006109709124717977,90.33944049,1.1111679050213041e-06,95.73979525
2021-09-30,CLV21,CLX21,21,0.0,1.0,False,0.07503,0.07483,0.0026727248429774253,90.58089296,1.1111679050213041e-06,95.99578777
2021-10-01,CLX21,CLZ21,1,1.0,0.0,False,0.07587999999999999,0.07503,0.011328801812608091,91.60706594,1.1111679050213041e-06,97.08341169
2021-10-04,CLX21,CLZ21,2,1.0,0.0,False,0.07762000000000001,0.07587999999999999,0.022930943595150577,93.7077024,4.166938680771892e-06,99.31003047
2021-10-05,CLX21,CLZ21,3,1.0,0.0,False,0.07893,0.07762000000000001,0.01687709353259459,95.28921606,1.3889776309117252e-06,100.98623308
2021-10-06,CLX21,CLZ21,4,1.0,0.0,False,0.07743000000000001,0.07893,-0.01900418091980216,93.47832256,1.3889776309117252e-06,99.06721271
2021-10-07,CLX21,CLZ21,5,1.0,0.0,False,0.0783,0.07743000000000001,0.01123595505617958,94.52864079,1.3889776309117252e-06,100.18046506
2021-10-08,CLX21,CLZ21,6,0.8,0.2,False,0.07934999999999999,0.0783,0.013409961685823646,95.79626624,1.3889776309117252e-06,101.52402041
2021-10-11,CLX21,CLZ21,7,0.6,0.4,False,0.0804,0.079232,0.014741518578352153,97.20844868,4.166938680771892e-06,103.02106169
2021-10-12,CLX21,CLZ21,8,0.3999999999999999,0.6000000000000001,False,0.080352,0.08027999999999999,0.0008968609865473987,97.29563115,1.3889776309117252e-06,103.11360036
2021-10-13,CLX21,CLZ21,9,0.19999999999999996,0.8,False,0.08006799999999999,0.080208,-0.0017454617993220012,97.12580534,1.3889776309117252e-06,102.93376273
2021-10-14,CLX21,CLZ21,10,0.0,1.0,False,0.08087799999999999,0.07994399999999999,0.011683178224757285,98.26054343,1.3889776309117252e-06,104.13649919
2021-10-15,CLX21,CLZ21,11,0.0,1.0,False,0.08173,0.08077,0.01188560108951342,99.42842905,1.3889776309117252e-06,105.37436872
2021-10-18,CLX21,CLZ21,12,0.0,1.0,False,0.08169,0.08173,-0.0004894163709775468,99.37976715,4.166938680771892e-06,105.32323587
2021-10-19,CLX21,CLZ21,13,0.0,1.0,False,0.08244,0.08169,0.009181050312155659,100.29217779,1.3889776309117252e-06,106.29036009
2021-10-20,CLX21,CLZ21,14,0.0,1.0,False,0.08342000000000001,0.08244,0.011887433284813342,101.48439436,1.3889776309117252e-06,107.55402729
2021-10-21,CLX21,CLZ21,15,0.0,1.0,False,0.0825,0.08342000000000001,-0.011028530328458408,100.36517064,1.3889776309117252e-06,106.36801383
2021-10-22,CLX21,CLZ21,16,0.0,1.0,False,0.08376,0.0825,0.015272727272727327,101.89802052,1.3889776309117252e-06,107.99269124
2021-10-25,CLX21,CLZ21,17,0.0,1.0,False,0.08376,0.08376,0.0,101.89802052,4.166938680771892e-06,107.99314124
2021-10-26,CLX21,CLZ21,18,0.0,1.0,False,0.08465,0.08376,0.010625596943648619,102.98074782,1.3889776309117252e-06,109.14078284
2021-10-27,CLX21,CLZ21,19,0.0,1.0,False,0.08266,0.08465,-0.023508564678086263,100.55981825,1.3889776309117252e-06,106.57519128
2021-10-28,CLX21,CLZ21,20,0.0,1.0,False,0.08281000000000001,0.08266,0.0018146624727801708,100.74230038,1.3889776309117252e-06,106.76873731
2021-10-29,CLX21,CLZ21,21,0.0,1.0,False,0.08356999999999999,0.08281000000000001,0.00917763555126161,101.6668765,1.3889776309117252e-06,107.74877017
2021-11-01,CLZ21,CLF22,1,1.0,0.0,False,0.08405,0.08356999999999999,0.005743687926289542,102.25081931,4.166938680771892e-06,108.36809446
2021-11-02,CLZ21,CLF22,2,1.0,0.0,False,0.08391,0.08405,-0.0016656751933372682,102.08050266,1.3889776309117252e-06,108.18773894
2021-11-03,CLZ21,CLF22,3,1.0,0.0,False,0.08086,0.08391,-0.03634846859730656,98.37003271,1.3889776309117252e-06,104.25543057
2021-11-04,CLZ21,CLF22,4,1.0,0.0,False,0.07881,0.08086,-0.025352461043779306,95.87611029,1.3889776309117252e-06,101.61244364
2021-11-05,CLZ21,CLF22,5,1.0,0.0,False,0.08127,0.07881,0.031214312904453534,98.8688172,1.3889776309117252e-06,104.78434739
2021-11-08,CLZ21,CLF22,6,0.8,0.2,False,0.08193,0.08127,0.0081210778885199,99.67173857,4.166938680771892e-06,105.63574587
2021-11-09,CLZ21,CLF22,7,0.6,0.4,False,0.083832,0.081692,0.02619595554032217,102.282735,1.3889776309117252e-06,108.4031219
2021-11-10,CLZ21,CLF22,8,0.3999999999999999,0.6000000000000001,False,0.08082800000000001,0.083514,-0.03216227219388357,98.99308984,1.3889776309117252e-06,104.91678176
2021-11-11,CLZ21,CLF22,9,0.19999999999999996,0.8,False,0.08088800000000002,0.080572,0.0039219580002980425,99.38133658,1.3889776309117252e-06,105.3284067
2021-11-12,CLZ21,CLF22,10,0.0,1.0,False,0.07991,0.080654,-0.0092245889850473,98.4645846,1.3889776309117252e-06,104.35694174
2021-11-15,CLZ21,CLF22,11,0.0,1.0,False,0.07975,0.07969,0.0007529175555276435,98.53872031,4.166938680771892e-06,104.43594876
2021-11-16,CLZ21,CLF22,12,0.0,1.0,False,0.07973999999999999,0.07975,-0.0001253918495298656,98.52636436,1.3889776309117252e-06,104.4229984
2021-11-17,CLZ21,CLF22,13,0.0,1.0,False,0.07755,0.07973999999999999,-0.027464258841233935,95.82041079,1.3889776309117252e-06,101.55524319
2021-11-18,CLZ21,CLF22,14,0.0,1.0,False,0.07841,0.07755,0.011089619600257894,96.8830227,1.3889776309117252e-06,102.68159327
2021-11-19,CLZ21,CLF22,15,0.0,1.0,False,0.07594,0.07841,-0.03150108404540242,93.83110246,1.3889776309117252e-06,99.44715439
2021-11-22,CLZ21,CLF22,16,0.0,1.0,False,0.07675,0.07594,0.010666315512246616,94.8319346,4.166938680771892e-06,100.5083035
2021-11-23,CLZ21,CLF22,17,0.0,1.0,False,0.0785,0.07675,0.0228013029315961,96.99422627,1.3889776309117252e-06,102.80016338
2021-11-24,CLZ21,CLF22,18,0.0,1.0,False,0.07839,0.0785,-0.0014012738853502738,96.85831079,1.3889776309117252e-06,102.65625498
2021-11-26,CLZ21,CLF22,19,0.0,1.0,False,0.06815,0.07839,-0.13062890674830974,84.20581554,2.7779571911690226e-06,89.24666579
2021-11-29,CLZ21,CLF22,20,0.0,1.0,False,0.06995,0.06815,0.026412325752017463,86.42988697,4.166938680771892e-06,91.60424968
2021-11-30,CLZ21,CLF22,21,0.0,1.0,False,0.06618,0.06995,-0.05389563974267331,81.77169292,1.3889776309117252e-06,86.66730728
2021-12-01,CLF22,CLG22,1,1.0,0.0,False,0.06556999999999999,0.06618,-0.009217286189181273,81.01797982,1.3889776309117252e-06,85.86859028
2021-12-02,CLF22,CLG22,2,1.0,0.0,False,0.0665,0.06556999999999999,0.014183315540643893,82.16708339,1.9446183847637855e-06,87.08665857
2021-12-03,CLF22,CLG22,3,1.0,0.0,False,0.06626,0.0665,-0.0036090225563910616,81.87054053,1.9446183847637855e-06,86.7725302
2021-12-06,CLF22,CLG22,4,1.0,0.0,False,0.06949,0.06626,0.04874735888922421,85.86151315,5.833866499216356e-06,91.00296809
2021-12-07,CLF22,CLG22,5,1.0,0.0,False,0.07205,0.06949,0.036839833069506556,89.02463696,1.9446183847637855e-06,94.35567921
2021-12-08,CLF22,CLG22,6,0.8,0.2,False,0.07236,0.07205,0.004302567661346179,89.40767148,1.9446183847637855e-06,94.76183439
2021-12-09,CLF22,CLG22,7,0.6,0.4,False,0.07091,0.072324,-0.01955090979481222,87.65967016,1.9446183847637855e-06,92.90933859
2021-12-10,CLF22,CLG22,8,0.3999999999999999,0.6000000000000001,False,0.071594,0.07088,0.010073363431151394,88.54269788,1.9446183847637855e-06,93.8454288
2021-12-13,CLF22,CLG22,9,0.19999999999999996,0.8,False,0.071152,0.07155600000000001,-0.005645927665045569,88.04279221,5.833866499216356e-06,93.31613178
2021-12-14,CLF22,CLG22,10,0.0,1.0,False,0.070562,0.071106,-0.00765054988327285,87.36921644,1.9446183847637855e-06,92.60239353
2021-12-15,CLF22,CLG22,11,0.0,1.0,False,0.07066,0.07052,0.001985252410663607,87.54266639,1.9446183847637855e-06,92.78641273
2021-12-16,CLF22,CLG22,12,0.0,1.0,False,0.07215,0.07066,0.02108689499009353,89.3886694,1.9446183847637855e-06,94.7431705
2021-12-17,CLF22,CLG22,13,0.0,1.0,False,0.07072,0.07215,-0.01981981981981984,87.61700208,1.9446183847637855e-06,92.86556217
2021-12-20,CLF22,CLG22,14,0.0,1.0,False,0.06861,0.07072,-0.029835972850678738,85.00286358,5.833866499216356e-06,90.09536954
2021-12-21,CLF22,CLG22,15,0.0,1.0,False,0.07112,0.06861,0.036583588398192646,88.11257335,1.9446183847637855e-06,93.39155665
2021-12-22,CLF22,CLG22,16,0.0,1.0,False,0.07276,0.07112,0.02305961754780661,90.14441559,1.9446183847637855e-06,95.54531184
2021-12-23,CLF22,CLG22,17,0.0,1.0,False,0.07379000000000001,0.07276,0.014156129741616397,91.42051163,1.9446183847637855e-06,96.89804947
2021-12-27,CLF22,CLG22,18,0.0,1.0,False,0.07557,0.07379000000000001,0.024122509825179383,93.62580382,7.778496228683096e-06,99.23622734
2021-12-28,CLF22,CLG22,19,0.0,1.0,False,0.07598,0.07557,0.005425433373031696,94.13376438,1.9446183847637855e-06,99.77481986
2021-12-29,CLF22,CLG22,20,0.0,1.0,False,0.07656,0.07598,0.007633587786259444,94.85234273,1.9446183847637855e-06,100.53665373
2021-12-30,CLF22,CLG22,21,0.0,1.0,False,0.07698999999999999,0.07656,0.005616509926854585,95.38508185,1.9446183847637855e-06,101.10151434
2022-01-03,CLG22,CLH22,1,1.0,0.0,False,0.07608,0.07698999999999999,-0.011819716846343642,94.25765719,7.778496228683096e-06,99.90730948
2022-01-04,CLG22,CLH22,2,1.0,0.0,False,0.07698999999999999,0.07608,0.011961093585699079,95.38508185,4.445353332771518e-06,101.10275428
2022-01-05,CLG22,CLH22,3,1.0,0.0,False,0.07784999999999999,0.07698999999999999,0.011170281854786301,96.4505601,4.445353332771518e-06,102.23254998
2022-01-06,CLG22,CLH22,4,1.0,0.0,False,0.07945999999999999,0.07784999999999999,0.020680796403339752,98.4452345,4.445353332771518e-06,104.347255
2022-01-07,CLG22,CLH22,5,1.0,0.0,False,0.07890000000000001,0.07945999999999999,-0.007047571104958128,97.75143471,4.445353332771518e-06,103.61232416
2022-01-10,CLG22,CLH22,6,0.8,0.2,False,0.07823000000000001,0.07890000000000001,-0.008491761723700919,96.92135282,1.3336119282003622e-05,102.73385478
2022-01-11,CLG22,CLH22,7,0.6,0.4,False,0.08111000000000002,0.07812400000000001,0.03822128923250223,100.62581188,4.445353332771518e-06,106.66093185
2022-01-12,CLG22,CLH22,8,0.3999999999999999,0.6000000000000001,False,0.08239199999999999,0.081,0.01718518518518497,102.35508509,4.445353332771518e-06,108.49439386
2022-01-13,CLG22,CLH22,9,0.19999999999999996,0.8,False,0.08182,0.08226800000000001,-0.005445616764720218,101.79769852,4.445353332771518e-06,107.90405726
2022-01-14,CLG22,CLH22,10,0.0,1.0,False,0.083404,0.08172,0.020606950562897852,103.89543866,4.445353332771518e-06,110.1281105
2022-01-18,CLG22,CLH22,11,0.0,1.0,False,0.08483,0.0833,0.01836734693877551,105.80372223,1.7781531898686254e-05,112.15282996
2022-01-19,CLG22,CLH22,12,0.0,1.0,False,0.0858,0.08483,0.011434633973830044,107.01354907,4.445353332771518e-06,113.43575508
2022-01-20,CLG22,CLH22,13,0.0,1.0,False,0.08555,0.0858,-0.002913752913752954,106.70173803,4.445353332771518e-06,113.10573558
2022-01-21,CLG22,CLH22,14,0.0,1.0,False,0.08514000000000001,0.08555,-0.004792518994739869,106.19036792,4.445353332771518e-06,112.56417698
2022-01-24,CLG22,CLH22,15,0.0,1.0,False,0.08331000000000001,0.08514000000000001,-0.021494009866102837,103.9079111,1.3336119282003622e-05,110.14622261
2022-01-25,CLG22,CLH22,16,0.0,1.0,False,0.0856,0.08331000000000001,0.027487696555035246,106.76410023,4.445353332771518e-06,113.17437819
2022-01-26,CLG22,CLH22,17,0.0,1.0,False,0.08735,0.0856,0.0204439252336448,108.94677751,4.445353332771518e-06,115.48860981
2022-01-27,CLG22,CLH22,18,0.0,1.0,False,0.08660999999999999,0.08735,-0.008471665712650345,108.02381683,4.445353332771518e-06,114.5107423
2022-01-28,CLG22,CLH22,19,0.0,1.0,False,0.08682,0.08660999999999999,0.002424662279182588,108.2857381,4.445353332771518e-06,114.78890121
2022-01-31,CLG22,CLH22,20,0.0,1.0,False,0.08815,0.08682,0.0153190509099288,109.94457283,1.3336119282003622e-05,116.54888906
2022-02-01,CLH22,CLJ22,1,1.0,0.0,False,0.0882,0.08815,0.0005672149744753163,110.00693504,4.445353332771518e-06,116.61551544
2022-02-02,CLH22,CLJ22,2,1.0,0.0,False,0.08826,0.0882,0.0006802721088436936,110.08176969,1.028263993130274e-05,116.69604484
2022-02-03,CLH22,CLJ22,3,1.0,0.0,False,0.09026999999999999,0.08826,0.022773623385451858,112.58873045,1.028263993130274e-05,119.35483655
2022-02-04,CLH22,CLJ22,4,1.0,0.0,False,0.09231,0.09026999999999999,0.02259887005649741,115.13310854,1.028263993130274e-05,122.05334828
2022-02-07,CLH22,CLJ22,5,1.0,0.0,False,0.09132,0.09231,-0.010724731881702976,113.89833682,3.0848236992842004e-05,120.74812397
2022-02-08,CLH22,CLJ22,6,0.8,0.2,False,0.08936,0.09132,-0.021462987297415692,111.45373826,1.028263993130274e-05,118.15775012
2022-02-09,CLH22,CLJ22,7,0.6,0.4,False,0.089434,0.089068,0.004109219921857532,111.91172618,1.028263993130274e-05,118.64450127
2022-02-10,CLH22,CLJ22,8,0.3999999999999999,0.6000000000000001,False,0.089352,0.08920799999999998,0.0016142050040357514,112.09237465,1.028263993130274e-05,118.8372378
2022-02-11,CLH22,CLJ22,9,0.19999999999999996,0.8,False,0.09209200000000001,0.089088,0.03371946839080464,115.87206993,1.028263993130274e-05,122.84558824
2022-02-14,CLH22,CLJ22,10,0.0,1.0,False,0.093892,0.091756,0.0232791316099219,118.5694711,3.0848236992842004e-05,125.70911643
2022-02-15,CLH22,CLJ22,11,0.0,1.0,False,0.09021,0.0935,-0.03518716577540104,114.39734746,1.028263993130274e-05,121.28706153
2022-02-16,CLH22,CLJ22,12,0.0,1.0,False,0.09183,0.09021,0.017958097771865633,116.45170621,1.028263993130274e-05,123.46639359
2022-02-17,CLH22,CLJ22,13,0.0,1.0,False,0.09004000000000001,0.09183,-0.01949254056408567,114.1817666,1.028263993130274e-05,121.06098946
2022-02-18,CLH22,CLJ22,14,0.0,1.0,False,0.09021,0.09004000000000001,0.001888049755663923,114.39734746,1.028263993130274e-05,121.29080346
2022-02-22,CLH22,CLJ22,15,0.0,1.0,False,0.09190999999999999,0.09021,0.01884491741492056,116.55315603,4.113119412552102e-05,123.58150747
2022-02-23,CLH22,CLJ22,16,0.0,1.0,False,0.09209999999999999,0.09190999999999999,0.0020672396910019764,116.79409934,1.028263993130274e-05,123.83825081
2022-02-24,CLH22,CLJ22,17,0.0,1.0,False,0.09281,0.09209999999999999,0.007709011943539901,117.69446645,1.028263993130274e-05,124.79419475
2022-02-25,CLH22,CLJ22,18,0.0,1.0,False,0.09159,0.09281,-0.013145135222497606,116.14735677,1.028263993130274e-05,123.1550414
2022-02-28,CLH22,CLJ22,19,0.0,1.0,False,0.09572,0.09159,0.045092258980238054,121.38470346,3.0848236992842004e-05,128.71217954
2022-03-01,CLJ22,CLK22,1,1.0,0.0,False,0.10341,0.09572,0.08033848725449233,131.13656691,1.028263993130274e-05,139.05404483
2022-03-02,CLJ22,CLK22,2,1.0,0.0,False,0.11059999999999999,0.10341,0.06952905908519469,140.25436902,1.3341517768550304e-05,148.72419692
2022-03-03,CLJ22,CLK22,3,1.0,0.0,False,0.10767,0.11059999999999999,-0.026491862567811886,136.53876955,1.3341517768550304e-05,144.78620014
2022-03-04,CLJ22,CLK22,4,1.0,0.0,False,0.11568,0.10767,0.07439398161047639,146.69643226,1.3341517768550304e-05,155.55935372
2022-03-07,CLJ22,CLK22,5,1.0,0.0,False,0.1194,0.11568,0.032157676348547826,151.41384865,4.002508729605836e-05,160.56800735
2022-03-08,CLJ22,CLK22,6,0.8,0.2,False,0.1237,0.1194,0.03601340033500833,156.8667762,1.3341517768550304e-05,166.3527495
2022-03-09,CLJ22,CLK22,7,0.6,0.4,False,0.10797000000000001,0.12289000000000001,-0.12140939051183985,137.82167651,1.3341517768550304e-05,146.15818297
2022-03-10,CLJ22,CLK22,8,0.3999999999999999,0.6000000000000001,False,0.10480799999999998,0.10724,-0.022678105184632757,134.69614203,1.3341517768550304e-05,142.84554229
2022-03-11,CLJ22,CLK22,9,0.19999999999999996,0.8,False,0.107512,0.10420199999999999,0.031765225235600214,138.97479532,1.3341517768550304e-05,147.38496889
2022-03-14,CLJ22,CLK22,10,0.0,1.0,False,0.10154600000000001,0.106906,-0.05013750397545502,132.00694597,4.002508729605836e-05,140.00135353
2022-03-15,CLJ22,CLK22,11,0.0,1.0,False,0.09479000000000001,0.10118,-0.06315477367068578,123.67007717,1.3341517768550304e-05,131.16146756
2022-03-16,CLJ22,CLK22,12,0.0,1.0,False,0.09359,0.09479000000000001,-0.012659563245068117,122.10446801,1.3341517768550304e-05,129.50277056
2022-03-17,CLJ22,CLK22,13,0.0,1.0,False,0.10165,0.09359,0.08612031199914516,132.62014289,1.3341517768550304e-05,140.65731733
2022-03-18,CLJ22,CLK22,14,0.0,1.0,False,0.10309,0.10165,0.014166256763403773,134.49887389,1.3341517768550304e-05,142.65178159
2022-03-21,CLJ22,CLK22,15,0.0,1.0,False,0.10997,0.10309,0.06673780192065193,143.47503309,4.002508729605836e-05,152.17775758
2022-03-22,CLJ22,CLK22,16,0.0,1.0,False,0.10926999999999999,0.10997,-0.0063653723742839174,142.56176108,1.3341517768550304e-05,151.21111977
2022-03-23,CLJ22,CLK22,17,0.0,1.0,False,0.11493,0.10926999999999999,0.05179829779445422,149.94621763,1.3341517768550304e-05,159.04561576
2022-03-24,CLJ22,CLK22,18,0.0,1.0,False,0.11234000000000001,0.11493,-0.022535456364743744,146.56711119,1.3341517768550304e-05,155.46357214
2022-03-25,CLJ22,CLK22,19,0.0,1.0,False,0.1139,0.11234000000000001,0.01388641623642517,148.6024031,1.3341517768550304e-05,157.62447813
2022-03-28,CLJ22,CLK22,20,0.0,1.0,False,0.10596,0.1139,-0.06971027216856895,138.24328913,4.002508729605836e-05,146.64274179
2022-03-29,CLJ22,CLK22,21,0.0,1.0,False,0.10424,0.10596,-0.016232540581351484,135.99924933,1.3341517768550304e-05,144.26431397
2022-03-30,CLJ22,CLK22,22,0.0,1.0,False,0.10782,0.10424,0.03434382194934771,140.66998333,1.3341517768550304e-05,149.22082658
2022-03-31,CLJ22,CLK22,23,0.0,1.0,False,0.10028000000000001,0.10782,-0.06993136709330361,130.83273909,1.3341517768550304e-05,138.78760101
2022-04-01,CLK22,CLM22,1,1.0,0.0,False,0.09927,0.10028000000000001,-0.010071798962904,129.51501804,1.3341517768550304e-05,137.39161183
2022-04-04,CLK22,CLM22,2,1.0,0.0,False,0.10328,0.09927,0.04039488264329605,134.74676199,6.673639186116631e-05,142.95069888
2022-04-05,CLK22,CLM22,3,1.0,0.0,False,0.10196,0.10328,-0.012780790085205274,133.02459191,2.224496911140683e-05,141.12685594
2022-04-06,CLK22,CLM22,4,1.0,0.0,False,0.09623000000000001,0.10196,-0.056198509219301584,125.54880816,2.224496911140683e-05,133.19887639
2022-04-07,CLK22,CLM22,5,1.0,0.0,False,0.09603,0.09623000000000001,-0.002078353943676614,125.2878733,2.224496911140683e-05,132.92500499
2022-04-08,CLK22,CLM22,6,0.8,0.2,False,0.09826,0.09603,0.02322190981984784,128.197297,2.224496911140683e-05,136.01473439
2022-04-11,CLK22,CLM22,7,0.6,0.4,False,0.09421600000000002,0.09815400000000002,-0.04012062677017747,123.05394109,6.673639186116631e-05,130.56681512
2022-04-12,CLK22,CLM22,8,0.3999999999999999,0.6000000000000001,False,0.10042000000000001,0.094142,0.06668649486945255,131.2599771,2.224496911140683e-05,139.27676282
2022-04-13,CLK22,CLM22,9,0.19999999999999996,0.8,False,0.10397400000000001,0.10033,0.03632014352636315,136.02735831,2.224496911140683e-05,144.33841305
2022-04-14,CLK22,CLM22,10,0.0,1.0,False,0.106494,0.103882,0.02514391328622856,139.44761841,2.224496911140683e-05,147.97085639
2022-04-18,CLK22,CLM22,11,0.0,1.0,False,0.10761,0.10638,0.011562323745064829,141.05995692,8.898284552172342e-05,149.6949102
2022-04-19,CLK22,CLM22,12,0.0,1.0,False,0.10205,0.10761,-0.05166806058916451,133.77166252,2.224496911140683e-05,141.96379447
2022-04-20,CLK22,CLM22,13,0.0,1.0,False,0.10219,0.10205,0.0013718765311121484,133.95518072,2.224496911140683e-05,142.16170924
2022-04-21,CLK22,CLM22,14,0.0,1.0,False,0.10379000000000001,0.10219,0.01565710930619435,136.05253163,2.224496911140683e-05,144.39071305
2022-04-22,CLK22,CLM22,15,0.0,1.0,False,0.10207,0.10379000000000001,-0.016571924077464217,133.79787941,2.224496911140683e-05,142.00109309
2022-04-25,CLK22,CLM22,16,0.0,1.0,False,0.09854,0.10207,-0.03458410894484165,129.17059897,6.673639186116631e-05,137.09958845
2022-04-26,CLK22,CLM22,17,0.0,1.0,False,0.1017,0.09854,0.03206819565658603,133.31286701,2.224496911140683e-05,141.49917465
2022-04-27,CLK22,CLM22,18,0.0,1.0,False,0.10202,0.1017,0.0031465093411995326,133.73233719,2.224496911140683e-05,141.94755077
2022-04-28,CLK22,CLM22,19,0.0,1.0,False,0.10536,0.10202,0.03273867869045288,138.11055721,2.224496911140683e-05,146.59788365
2022-04-29,CLK22,CLM22,20,0.0,1.0,False,0.10468999999999999,0.10536,-0.00635914958238426,137.23229152,2.224496911140683e-05,145.66890685
2022-05-02,CLM22,CLN22,1,1.0,0.0,False,0.10517,0.10468999999999999,0.004584965135161045,137.86149679,6.673639186116631e-05,146.34651512
2022-05-03,CLM22,CLN22,2,1.0,0.0,False,0.10241,0.10517,-0.026243225254350078,134.24356648,2.864883236064486e-05,142.51010322
2022-05-04,CLM22,CLN22,3,1.0,0.0,False,0.10781,0.10241,0.05272922566155658,141.32212579,2.864883236064486e-05,150.02863336
2022-05-05,CLM22,CLN22,4,1.0,0.0,False,0.10826000000000001,0.10781,0.0041740098321121355,141.91200573,2.864883236064486e-05,150.65915249
2022-05-06,CLM22,CLN22,5,1.0,0.0,False,0.10976999999999999,0.10826000000000001,0.01394790319600947,143.89138065,2.864883236064486e-05,152.76484798
2022-05-09,CLM22,CLN22,6,0.8,0.2,False,0.10309,0.10976999999999999,-0.060854513983784164,135.13494061,8.594895937186209e-05,143.48154738
2022-05-10,CLM22,CLN22,7,0.6,0.4,False,0.099498,0.102826,-0.032365355065839374,130.76125028,2.864883236064486e-05,138.84182674
2022-05-11,CLM22,CLN22,8,0.3999999999999999,0.6000000000000001,False,0.10503799999999999,0.099236,0.05846668547704459,138.40642717,2.864883236064486e-05,146.96342581
2022-05-12,CLM22,CLN22,9,0.19999999999999996,0.8,False,0.105092,0.10470199999999999,0.003724857213806887,138.92197135,2.864883236064486e-05,147.51505392
2022-05-13,CLM22,CLN22,10,0.0,1.0,False,0.10900199999999999,0.104746,0.040631623164607555,144.56659654,2.864883236064486e-05,153.51305614
2022-05-16,CLM22,CLN22,11,0.0,1.0,False,0.11181999999999999,0.10862999999999999,0.02936573690509059,148.81190118,8.594895937186209e-05,158.03427445
2022-05-17,CLM22,CLN22,12,0.0,1.0,False,0.10962999999999999,0.11181999999999999,-0.01958504739760325,145.89741304,2.864883236064486e-05,154.94369319
2022-05-18,CLM22,CLN22,13,0.0,1.0,False,0.10704000000000001,0.10962999999999999,-0.02362492018608031,142.4505983,2.864883236064486e-05,151.28759976
2022-05-19,CLM22,CLN22,14,0.0,1.0,False,0.10989,0.10704000000000001,0.02662556053811649,146.24342533,2.864883236064486e-05,155.32005112
2022-05-20,CLM22,CLN22,15,0.0,1.0,False,0.11028,0.10989,0.00354900354900356,146.76244377,2.864883236064486e-05,155.87573228
2022-05-23,CLM22,CLN22,16,0.0,1.0,False,0.11029000000000001,0.11028,9.067827348574475e-05,146.77575194,8.594895937186209e-05,155.90326418
2022-05-24,CLM22,CLN22,17,0.0,1.0,False,0.10976999999999999,0.11029000000000001,-0.004714842687460474,146.08372736,2.864883236064486e-05,155.17267126
2022-05-25,CLM22,CLN22,18,0.0,1.0,False,0.11033,0.10976999999999999,0.0051015760225927576,146.8289846,2.864883236064486e-05,155.96874195
2022-05-26,CLM22,CLN22,19,0.0,1.0,False,0.11409,0.11033,0.034079579443487606,151.83285465,2.864883236064486e-05,161.28855941
2022-05-27,CLM22,CLN22,20,0.0,1.0,False,0.11506999999999999,0.11409,0.008589709878166207,153.13705482,2.864883236064486e-05,162.67860207
2022-05-31,CLM22,CLN22,21,0.0,1.0,False,0.11467000000000001,0.11506999999999999,-0.003476144955244509,152.60472822,0.00011460025406972996,162.13175068
2022-06-01,CLN22,CLQ22,1,1.0,0.0,False,0.11526,0.11467000000000001,0.005145199267463152,153.38990996,2.864883236064486e-05,162.97059573
2022-06-02,CLN22,CLQ22,2,1.0,0.0,False,0.11687,0.11526,0.013968419226097595,155.53252453,4.369883328747548e-05,165.25415896
2022-06-03,CLN22,CLQ22,3,1.0,0.0,False,0.11887,0.11687,0.01711303157354327,158.19415753,4.369883328747548e-05,168.08938001
2022-06-06,CLN22,CLQ22,4,1.0,0.0,False,0.1185,0.11887,-0.003112644064944936,157.70175542,0.00013110222871004495,167.58821449
2022-06-07,CLN22,CLQ22,5,1.0,0.0,False,0.11941,0.1185,0.0076793248945148385,158.91279844,4.369883328747548e-05,168.88250225
2022-06-08,CLN22,CLQ22,6,0.8,0.2,False,0.12211,0.11941,0.022611171593668766,162.50600299,4.369883328747548e-05,172.70851345
2022-06-09,CLN22,CLQ22,7,0.6,0.4,False,0.12102600000000002,0.121644,-0.0050803985400017515,161.68040773,4.369883328747548e-05,171.83863253
2022-06-10,CLN22,CLQ22,8,0.3999999999999999,0.6000000000000001,False,0.11965,0.12054200000000001,-0.00739991040467225,160.4839872,4.369883328747548e-05,170.57455119
2022-06-13,CLN22,CLQ22,9,0.19999999999999996,0.8,False,0.11932200000000001,0.11914000000000001,0.0015276145710927391,160.72914488,0.00013110222871004495,170.85748607
2022-06-14,CLN22,CLQ22,10,0.0,1.0,False,0.11679400000000001,0.118786,-0.016769652989409467,158.0337729,4.369883328747548e-05,167.9997316
2022-06-15,CLN22,CLQ22,11,0.0,1.0,False,0.11309000000000001,0.11626,-0.027266471701358985,153.7247495,4.369883328747548e-05,163.42631306
2022-06-16,CLN22,CLQ22,12,0.0,1.0,False,0.11525,0.11309000000000001,0.019099831992218652,156.66086639,4.369883328747548e-05,166.55486972
2022-06-17,CLN22,CLQ22,13,0.0,1.0,False,0.10798999999999999,0.11525,-0.06299349240780927,146.79225129,4.369883328747548e-05,156.07027505
2022-06-21,CLN22,CLQ22,14,0.0,1.0,False,0.10951999999999999,0.10798999999999999,0.0141679785165294,148.87200075,0.0001748067910121165,158.3087575
2022-06-22,CLN22,CLQ22,15,0.0,1.0,False,0.10618999999999999,0.10951999999999999,-0.030405405405405372,144.34548721,4.369883328747548e-05,153.50223345
2022-06-23,CLN22,CLQ22,16,0.0,1.0,False,0.10427,0.10618999999999999,-0.01808079856860334,141.73560553,4.369883328747548e-05,150.73349835
2022-06-24,CLN22,CLQ22,17,0.0,1.0,False,0.10762000000000001,0.10427,0.03212812889613503,146.28930533,4.369883328747548e-05,155.58287049
2022-06-27,CLN22,CLQ22,18,0.0,1.0,False,0.10956999999999999,0.10762000000000001,0.018119308678684165,148.93996641,0.00013110222871004495,158.42232181
2022-06-28,CLN22,CLQ22,19,0.0,1.0,False,0.11176,0.10956999999999999,0.019987222779958014,151.9168627,4.369883328747548e-05,161.59566692
2022-06-29,CLN22,CLQ22,20,0.0,1.0,False,0.10978,0.11176,-0.017716535433070835,149.22542222,4.369883328747548e-05,158.7398131
2022-06-30,CLN22,CLQ22,21,0.0,1.0,False,0.10576,0.10978,-0.03661869192931311,143.76098246,4.369883328747548e-05,152.93390554
2022-07-01,CLQ22,CLU22,1,1.0,0.0,False,0.10843000000000001,0.10576,0.025245839636913736,147.39034917,4.369883328747548e-05,156.80153343
2022-07-05,CLQ22,CLU22,2,1.0,0.0,False,0.0995,0.10843000000000001,-0.08235728119524122,135.25168074,0.0002496273439116514,143.9269274
2022-07-06,CLQ22,CLU22,3,1.0,0.0,False,0.09853,0.0995,-0.009748743718592912,133.93314677,6.240099490861795e-05,142.53280186
2022-07-07,CLQ22,CLU22,4,1.0,0.0,False,0.10273,0.09853,0.04262661118441069,139.64226294,6.240099490861795e-05,148.61738637
2022-07-08,CLQ22,CLU22,5,1.0,0.0,False,0.10479000000000001,0.10273,0.020052564976151155,142.44244849,6.240099490861795e-05,151.60682004
2022-07-11,CLQ22,CLU22,6,0.8,0.2,False,0.10409,0.10479000000000001,-0.006680026720106924,141.49092913,0.00018721466662152686,150.62246545
2022-07-12,CLQ22,CLU22,7,0.6,0.4,False,0.09533400000000002,0.10351400000000001,-0.07902312730645122,130.30987342,6.240099490861795e-05,138.72920617
2022-07-13,CLQ22,CLU22,8,0.3999999999999999,0.6000000000000001,False,0.09531200000000001,0.094828,0.005103977728097231,130.97497211,6.240099490861795e-05,139.44593379
2022-07-14,CLQ22,CLU22,9,0.19999999999999996,0.8,False,0.09401,0.094818,-0.00852158872787867,129.85885726,6.240099490861795e-05,138.26633445
2022-07-15,CLQ22,CLU22,10,0.0,1.0,False,0.095174,0.09341999999999999,0.018775422821665666,132.29701221,6.240099490861795e-05,140.8709713
2022-07-18,CLQ22,CLU22,11,0.0,1.0,False,0.09942000000000001,0.09456999999999999,0.05128476260970727,139.08183308,0.00018721466662152686,148.12187874
2022-07-19,CLQ22,CLU22,12,0.0,1.0,False,0.10074,0.09942000000000001,0.013277006638503286,140.9284235,6.240099490861795e-05,150.09773686
2022-07-20,CLQ22,CLU22,13,0.0,1.0,False,0.09988,0.10074,-0.008536827476672615,139.72534186,6.240099490861795e-05,148.82574462
2022-07-21,CLQ22,CLU22,14,0.0,1.0,False,0.09634999999999999,0.09988,-0.035342410893071774,134.78711142,6.240099490861795e-05,143.57517088
2022-07-22,CLQ22,CLU22,15,0.0,1.0,False,0.0947,0.09634999999999999,-0.017125064867669848,132.47887339,6.240099490861795e-05,141.12539599
2022-07-25,CLQ22,CLU22,16,0.0,1.0,False,0.09670000000000001,0.0947,0.021119324181626098,135.27673766,0.00018721466662152686,144.13228972
2022-07-26,CLQ22,CLU22,17,0.0,1.0,False,0.09498000000000001,0.09670000000000001,-0.01778697001034124,132.87057438,6.240099490861795e-05,141.577607
2022-07-27,CLQ22,CLU22,18,0.0,1.0,False,0.09726,0.09498000000000001,0.024005053695514755,136.06013965,6.240099490861795e-05,144.98501964
2022-07-28,CLQ22,CLU22,19,0.0,1.0,False,0.09642,0.09726,-0.008636644046884578,134.88503665,6.240099490861795e-05,143.74188284
2022-07-29,CLQ22,CLU22,20,0.0,1.0,False,0.09862,0.09642,0.022816842978635066,137.96268735,6.240099490861795e-05,147.03058845
2022-08-01,CLU22,CLV22,1,1.0,0.0,False,0.09389,0.09862,-0.047961873859257764,131.34573834,0.00018721466662152686,140.00625219
2022-08-02,CLU22,CLV22,2,1.0,0.0,False,0.09442,0.09389,0.0056449036106080985,132.08717237,7.414116671689008e-05,140.80695421
2022-08-03,CLU22,CLV22,3,1.0,0.0,False,0.09065999999999999,0.09442,-0.039822071595001174,126.82718754,7.414116671689008e-05,135.2101692
2022-08-04,CLU22,CLV22,4,1.0,0.0,False,0.08854000000000001,0.09065999999999999,-0.023384072358261454,123.86145141,7.414116671689008e-05,132.05842946
2022-08-05,CLU22,CLV22,5,1.0,0.0,False,0.08901,0.08854000000000001,0.005308335215721716,124.51894951,7.414116671689008e-05,132.76923083
2022-08-08,CLU22,CLV22,6,0.8,0.2,False,0.09076000000000001,0.08901,0.019660712279519155,126.96708075,0.0002224399912962305,135.40910166
2022-08-09,CLU22,CLV22,7,0.6,0.4,False,0.09033400000000001,0.09059400000000001,-0.00286994723712386,126.60269193,7.414116671689008e-05,135.03052407
2022-08-10,CLU22,CLV22,8,0.3999999999999999,0.6000000000000001,False,0.09163800000000001,0.090168,0.016302901250998314,128.66668311,7.414116671689008e-05,137.24192469
2022-08-11,CLU22,CLV22,9,0.19999999999999996,0.8,False,0.09385399999999999,0.09149200000000002,0.025816464827525643,131.98840201,7.414116671689008e-05,140.79520129
2022-08-12,CLU22,CLV22,10,0.0,1.0,False,0.091586,0.093692,-0.02247790633138369,129.02157907,7.414116671689008e-05,137.64085866
2022-08-15,CLU22,CLV22,11,0.0,1.0,False,0.08885,0.09146,-0.028537065383774318,125.33968183,0.0002224399912962305,133.74360931
2022-08-16,CLU22,CLV22,12,0.0,1.0,False,0.08616,0.08885,-0.030275745638716933,121.5449295,7.414116671689008e-05,129.70433772
2022-08-17,CLU22,CLV22,13,0.0,1.0,False,0.08769,0.08616,0.017757660167130984,123.70328305,7.414116671689008e-05,132.0171997
2022-08-18,CLU22,CLV22,14,0.0,1.0,False,0.09011,0.08769,0.02759721747063515,127.11714945,7.414116671689008e-05,135.67029497
2022-08-19,CLU22,CLV22,15,0.0,1.0,False,0.09043999999999999,0.09011,0.0036621906558649275,127.58267669,7.414116671689008e-05,136.17720421
2022-08-22,CLU22,CLV22,16,0.0,1.0,False,0.09036,0.09043999999999999,-0.0008845643520565272,127.4698216,0.0002224399912962305,136.08703796
2022-08-23,CLU22,CLV22,17,0.0,1.0,False,0.09373999999999999,0.09036,0.03740593182824248,132.23794906,7.414116671689008e-05,141.18759008
2022-08-24,CLU22,CLV22,18,0.0,1.0,False,0.09489,0.09373999999999999,0.012267975250693564,133.86024095,7.414116671689008e-05,142.93014376
2022-08-25,CLU22,CLV22,19,0.0,1.0,False,0.09251999999999999,0.09489,-0.02497628833386034,130.51690898,7.414116671689008e-05,139.37087629
2022-08-26,CLU22,CLV22,20,0.0,1.0,False,0.09306,0.09251999999999999,0.005836575875486583,131.27868082,7.414116671689008e-05,140.1946581
2022-08-29,CLU22,CLV22,21,0.0,1.0,False,0.09701,0.09306,0.04244573393509565,136.85090078,0.0002224399912962305,146.17650816
2022-08-30,CLU22,CLV22,22,0.0,1.0,False,0.09164,0.09701,-0.05535511802906912,129.27550301,7.414116671689008e-05,138.09572799
2022-08-31,CLU22,CLV22,23,0.0,1.0,False,0.08954999999999999,0.09164,-0.022806634657354996,126.32716384,7.414116671689008e-05,134.95646775
2022-09-01,CLV22,CLX22,1,1.0,0.0,False,0.08660999999999999,0.08954999999999999,-0.03283082077051924,122.17973937,7.414116671689008e-05,130.53574198
2022-09-02,CLV22,CLX22,2,1.0,0.0,False,0.08687,0.08660999999999999,0.003001962821845172,122.54651841,8.785407864020378e-05,130.93907353
2022-09-06,CLV22,CLX22,3,1.0,0.0,False,0.08688,0.08687,0.00011511453896617674,122.5606253,0.000351462627308452,131.00016672
2022-09-07,CLV22,CLX22,4,1.0,0.0,False,0.08194,0.08688,-0.056860036832412475,115.59182363,8.785407864020378e-05,123.56300131
2022-09-08,CLV22,CLX22,5,1.0,0.0,False,0.08354,0.08194,0.019526482792287192,117.84892539,8.785407864020378e-05,125.98660765
2022-09-09,CLV22,CLX22,6,0.8,0.2,False,0.08679,0.08354,0.03890351927220492,122.43366333,8.785407864020378e-05,130.89899851
2022-09-12,CLV22,CLX22,7,0.6,0.4,False,0.08770599999999999,0.086704,0.011556560250968628,123.84857534,0.0002635853916164166,132.44624374
2022-09-13,CLV22,CLX22,8,0.3999999999999999,0.6000000000000001,False,0.087142,0.087632,-0.005591564725214604,123.15606801,8.785407864020378e-05,131.71729793
2022-09-14,CLV22,CLX22,9,0.19999999999999996,0.8,False,0.088222,0.087058,0.01337039674699625,124.8027135,8.785407864020378e-05,133.48998236
2022-09-15,CLV22,CLX22,10,0.0,1.0,False,0.08474,0.08813599999999999,-0.038531360624489364,119.99389514,8.785407864020378e-05,128.35815935
2022-09-16,CLV22,CLX22,11,0.0,1.0,False,0.08476,0.08465,0.0012994683992912925,120.14982341,8.785407864020378e-05,128.5362335
2022-09-19,CLV22,CLX22,12,0.0,1.0,False,0.08536,0.08476,0.007078810759792331,121.00034127,0.0002635853916164166,129.47999744
2022-09-20,CLV22,CLX22,13,0.0,1.0,False,0.08394,0.08536,-0.016635426429240874,118.98744899,8.785407864020378e-05,127.33741781
2022-09-21,CLV22,CLX22,14,0.0,1.0,False,0.08294,0.08394,-0.011913271384322188,117.56991922,8.785407864020378e-05,125.83159971
2022-09-22,CLV22,CLX22,15,0.0,1.0,False,0.08349,0.08294,0.006631299734747964,118.34956059,8.785407864020378e-05,126.67708158
2022-09-23,CLV22,CLX22,16,0.0,1.0,False,0.07873999999999999,0.08349,-0.056893041082764495,111.61629418,8.785407864020378e-05,119.48116627
2022-09-26,CLV22,CLX22,17,0.0,1.0,False,0.07671,0.07873999999999999,-0.025781051562102975,108.73870874,0.0002635853916164166,116.43230965
2022-09-27,CLV22,CLX22,18,0.0,1.0,False,0.0785,0.07671,0.023334636944335907,111.27608703,8.785407864020378e-05,119.15944438
2022-09-28,CLV22,CLX22,19,0.0,1.0,False,0.08215,0.0785,0.046496815286624305,116.45007069,8.785407864020378e-05,124.71044769
2022-09-29,CLV22,CLX22,20,0.0,1.0,False,0.08123000000000001,0.08215,-0.01119902617163715,115.1459433,8.785407864020378e-05,123.32476844
2022-09-30,CLV22,CLX22,21,0.0,1.0,False,0.07948999999999999,0.08123000000000001,-0.021420657392589137,112.6794415,8.785407864020378e-05,120.69390541
2022-10-03,CLX22,CLZ22,1,1.0,0.0,False,0.08363,0.07948999999999999,0.052082022895961755,118.54801475,0.0002635853916164166,127.0117013
2022-10-04,CLX22,CLZ22,2,1.0,0.0,False,0.08652,0.08363,0.0345569771613059,122.64467579,0.00010466899298267052,131.41413595
2022-10-05,CLX22,CLZ22,3,1.0,0.0,False,0.08776,0.08652,0.01433194637078139,124.40241271,0.00010466899298267052,133.31131129
2022-10-06,CLX22,CLZ22,4,1.0,0.0,False,0.08845,0.08776,0.007862351868732853,125.38050825,0.00010466899298267052,134.37340529
2022-10-07,CLX22,CLZ22,5,1.0,0.0,False,0.09264,0.08845,0.04737139626907849,131.31995799,0.00010466899298267052,140.75292585
2022-10-10,CLX22,CLZ22,6,0.8,0.2,False,0.09112999999999999,0.09264,-0.01629965457685678,129.17948804,0.000314039846888825,138.50290381
2022-10-11,CLX22,CLZ22,7,0.6,0.4,False,0.089074,0.090872,-0.019786072717668746,126.6235333,0.00010466899298267052,135.77697225
2022-10-12,CLX22,CLZ22,8,0.3999999999999999,0.6000000000000001,False,0.086786,0.08879799999999999,-0.022658167976756127,123.75447601,0.00010466899298267052,132.71472644
2022-10-13,CLX22,CLZ22,9,0.19999999999999996,0.8,False,0.08841399999999999,0.08654400000000001,0.02160750600850414,126.42850159,0.00010466899298267052,135.5962518
2022-10-14,CLX22,CLZ22,10,0.0,1.0,False,0.084842,0.088182,-0.03787621056451429,121.63986904,0.00010466899298267052,130.47457234
2022-10-17,CLX22,CLZ22,11,0.0,1.0,False,0.08453000000000001,0.08465,-0.0014176018901358445,121.46743213,0.000314039846888825,130.33058555
2022-10-18,CLX22,CLZ22,12,0.0,1.0,False,0.08206999999999999,0.08453000000000001,-0.02910209393114893,117.93247551,0.00010466899298267052,126.55133418
2022-10-19,CLX22,CLZ22,13,0.0,1.0,False,0.08452,0.08206999999999999,0.02985256488363608,121.45306239,0.00010466899298267052,130.3424621
2022-10-20,CLX22,CLZ22,14,0.0,1.0,False,0.08451,0.08452,-0.00011831519167060378,121.43869265,0.00010466899298267052,130.34068342
2022-10-21,CLX22,CLZ22,15,0.0,1.0,False,0.08505,0.08451,0.006389776357827559,122.21465874,0.00010466899298267052,131.18717387
2022-10-24,CLX22,CLZ22,16,0.0,1.0,False,0.08458,0.08505,-0.005526161081716663,121.53928085,0.000314039846888825,130.50341042
2022-10-25,CLX22,CLZ22,17,0.0,1.0,False,0.08532,0.08458,0.008749113265547281,122.60264178,0.00010466899298267052,131.6588592
2022-10-26,CLX22,CLZ22,18,0.0,1.0,False,0.08791,0.08532,0.030356305672761374,126.32440505,0.00010466899298267052,135.66931637
2022-10-27,CLX22,CLZ22,19,0.0,1.0,False,0.08907999999999999,0.08791,0.013309066090319455,128.00566491,0.00010466899298267052,137.48914864
2022-10-28,CLX22,CLZ22,20,0.0,1.0,False,0.0879,0.08907999999999999,-0.013246519982038518,126.31003531,0.00010466899298267052,135.68228673
2022-10-31,CLX22,CLZ22,21,0.0,1.0,False,0.08653,0.0879,-0.015585893060295897,124.34138061,0.000314039846888825,133.61016677
2022-11-01,CLZ22,CLF23,1,1.0,0.0,False,0.08837,0.08653,0.02126430139835911,126.9854132,0.00010466899298267052,136.46527846
2022-11-02,CLZ22,CLF23,2,1.0,0.0,False,0.09,0.08837,0.018445173701482354,129.3276812,0.00011729726951736907,138.99841123
2022-11-03,CLZ22,CLF23,3,1.0,0.0,False,0.08817,0.09,-0.020333333333333314,126.69801835,0.00011729726951736907,136.18841434
2022-11-04,CLZ22,CLF23,4,1.0,0.0,False,0.09261,0.08817,0.05035726437563803,133.07818396,0.00011729726951736907,143.06246486
2022-11-07,CLZ22,CLF23,5,1.0,0.0,False,0.09179000000000001,0.09261,-0.00885433538494751,131.89986509,0.0003519330861141423,141.84609023
2022-11-08,CLZ22,CLF23,6,0.8,0.2,False,0.08891,0.09179000000000001,-0.03137596688092392,127.76137929,0.00011729726951736907,137.41217016
2022-11-09,CLZ22,CLF23,7,0.6,0.4,False,0.085664,0.08872800000000002,-0.03453250383193596,123.34945897,0.00011729726951736907,132.68310194
2022-11-10,CLZ22,CLF23,8,0.3999999999999999,0.6000000000000001,False,0.086146,0.085498,0.007579124657886682,124.2843399,0.00011729726951736907,133.70428708
2022-11-11,CLZ22,CLF23,9,0.19999999999999996,0.8,False,0.08848,0.085984,0.029028656494231475,127.89214731,0.00011729726951736907,137.60122605
2022-11-14,CLZ22,CLF23,10,0.0,1.0,False,0.085302,0.08832000000000001,-0.03417119565217397,123.52191972,0.0003519330861141423,132.94765405
2022-11-15,CLZ22,CLF23,11,0.0,1.0,False,0.08625,0.08516,0.012799436355096283,125.10293067,0.00011729726951736907,134.66490348
2022-11-16,CLZ22,CLF23,12,0.0,1.0,False,0.085,0.08625,-0.014492753623188248,123.28984472,0.00011729726951736907,132.72903404
2022-11-17,CLZ22,CLF23,13,0.0,1.0,False,0.0814,0.085,-0.042352941176470704,118.06815718,0.00011729726951736907,127.12313782
2022-11-18,CLZ22,CLF23,14,0.0,1.0,False,0.08011,0.0814,-0.015847665847665837,116.19705248,0.00011729726951736907,125.12344401
2022-11-21,CLZ22,CLF23,15,0.0,1.0,False,0.08004,0.08011,-0.0008737985270252935,116.09551967,0.0003519330861141423,125.05814641
2022-11-22,CLZ22,CLF23,16,0.0,1.0,False,0.08095000000000001,0.08004,0.011369315342328878,117.41544624,0.00011729726951736907,126.49464089
2022-11-23,CLZ22,CLF23,17,0.0,1.0,False,0.07794,0.08095000000000001,-0.037183446571958156,113.04953527,0.00011729726951736907,121.80597165
2022-11-25,CLZ22,CLF23,18,0.0,1.0,False,0.07628,0.07794,-0.021298434693353796,110.64175713,0.0002346082976840691,119.24027181
2022-11-28,CLZ22,CLF23,19,0.0,1.0,False,0.07723999999999999,0.07628,0.012585212375458621,112.03420714,0.0003519330861141423,120.78290055
2022-11-29,CLZ22,CLF23,20,0.0,1.0,False,0.0782,0.07723999999999999,0.01242879337131031,113.42665715,0.00011729726951736907,122.29825377
2022-11-30,CLZ22,CLF23,21,0.0,1.0,False,0.08055,0.0782,0.030051150895140655,116.83525874,0.00011729726951736907,125.9878023
2022-12-01,CLF23,CLG23,1,1.0,0.0,False,0.08122,0.08055,0.008317815021725794,117.80707281,0.00011729726951736907,127.05052356
2022-12-02,CLF23,CLG23,2,1.0,0.0,False,0.07998000000000001,0.08122,-0.015267175572518998,116.00849155,0.00012010554651209482,125.12608039
2022-12-05,CLF23,CLG23,3,1.0,0.0,False,0.07693000000000001,0.07998000000000001,-0.03813453363340835,111.58456183,0.00036035991729566064,120.3995461
2022-12-06,CLF23,CLG23,4,1.0,0.0,False,0.07425,0.07693000000000001,-0.034836864682178836,107.69730555,0.00012010554651209482,116.21966406
2022-12-07,CLF23,CLG23,5,1.0,0.0,False,0.07201,0.07425,-0.030168350168350067,104.44825552,0.00012010554651209482,112.72746716
2022-12-08,CLF23,CLG23,6,0.8,0.2,False,0.07146,0.07201,-0.007637828079433584,103.6504977,0.00012010554651209482,111.88001334
2022-12-09,CLF23,CLG23,7,0.6,0.4,False,0.07105800000000001,0.07148399999999999,-0.005959375524592692,103.03280546,0.00012010554651209482,111.22671574
2022-12-12,CLF23,CLG23,8,0.3999999999999999,0.6000000000000001,False,0.073214,0.07109599999999999,0.029790705524924244,106.10222543,0.00036035991729566064,114.58031973
2022-12-13,CLF23,CLG23,9,0.19999999999999996,0.8,False,0.07542,0.073236,0.029821399311813934,109.26634226,0.00012010554651209482,118.01102693
2022-12-14,CLF23,CLG23,10,0.0,1.0,False,0.07730400000000001,0.07543,0.024844226435105643,111.98098001,0.00012010554651209482,120.95709339
2022-12-15,CLF23,CLG23,11,0.0,1.0,False,0.07615000000000001,0.07731,-0.015004527228042908,110.30075835,0.00012010554651209482,119.15671701
2022-12-16,CLF23,CLG23,12,0.0,1.0,False,0.07446,0.07615000000000001,-0.02219304005252809,107.8528492,0.00012010554651209482,116.5265786
2022-12-19,CLF23,CLG23,13,0.0,1.0,False,0.07537999999999999,0.07446,0.012355627182379703,109.1854388,0.00036035991729566064,118.00832908
2022-12-20,CLF23,CLG23,14,0.0,1.0,False,0.07623,0.07537999999999999,0.011276200583709484,110.41663571,0.00012010554651209482,119.35318813
2022-12-21,CLF23,CLG23,15,0.0,1.0,False,0.07829000000000001,0.07623,0.027023481568936303,113.40047763,0.00012010554651209482,122.59286179
2022-12-22,CLF23,CLG23,16,0.0,1.0,False,0.07748999999999999,0.07829000000000001,-0.010218418699706522,112.24170407,0.00012010554651209482,121.35488068
2022-12-23,CLF23,CLG23,17,0.0,1.0,False,0.07956,0.07748999999999999,0.02671312427410011,115.24003066,0.00012010554651209482,124.61122408
2022-12-27,CLF23,CLG23,18,0.0,1.0,False,0.07953,0.07956,-0.00037707390648566985,115.19657665,0.0004805087450325818,124.62411322
2022-12-28,CLF23,CLG23,19,0.0,1.0,False,0.07895999999999999,0.07953,-0.007167106752169139,114.37095049,0.00012010554651209482,123.74588695
2022-12-29,CLF23,CLG23,20,0.0,1.0,False,0.07840000000000001,0.07895999999999999,-0.007092198581559961,113.559809,0.00012010554651209482,122.88311912
2022-12-30,CLF23,CLG23,21,0.0,1.0,False,0.07840000000000001,0.07840000000000001,0.0,113.559809,0.00012010554651209482,122.89787806
2023-01-03,CLG23,CLH23,1,1.0,0.0,False,0.07693000000000001,0.07840000000000001,-0.018749999999999933,111.43056258,0.0004805087450325818,120.65259635
2023-01-04,CLG23,CLH23,2,1.0,0.0,False,0.07284,0.07693000000000001,-0.05316521513063832,105.50633275,0.00012684837266574434,114.2533797
2023-01-05,CLG23,CLH23,3,1.0,0.0,False,0.07367,0.07284,0.011394838001098195,106.70856032,0.00012684837266574434,115.56977131
2023-01-06,CLG23,CLH23,4,1.0,0.0,False,0.07377,0.07367,0.0013574046423239228,106.85340702,0.00012684837266574434,115.7413061
2023-01-09,CLG23,CLH23,5,1.0,0.0,False,0.07463,0.07377,0.011657855496814529,108.0990886,0.0003805933915674853,117.1346519
2023-01-10,CLG23,CLH23,6,0.8,0.2,False,0.07512,0.07463,0.006565724239582016,108.80883741,0.00012684837266574434,117.91858407
2023-01-11,CLG23,CLH23,7,0.6,0.4,False,0.077464,0.07517000000000001,0.03051749368098955,112.12941042,0.00012684837266574434,121.5321215
2023-01-12,CLG23,CLH23,8,0.3999999999999999,0.6000000000000001,False,0.07849400000000001,0.077518,0.012590624113109294,113.54118968,0.00012684837266574434,123.07770291
2023-01-13,CLG23,CLH23,9,0.19999999999999996,0.8,False,0.08001,0.078546,0.01863875945305926,115.6574566,0.00012684837266574434,125.38733081
2023-01-17,CLG23,CLH23,10,0.0,1.0,False,0.08039600000000001,0.08006,0.0041968523607294195,116.14285387,0.0005074900418855499,125.97719575
2023-01-18,CLG23,CLH23,11,0.0,1.0,False,0.0798,0.08045000000000001,-0.00807955251709147,115.20447158,0.00012684837266574434,124.97533638
2023-01-19,CLG23,CLH23,12,0.0,1.0,False,0.08061,0.0798,0.010150375939849798,116.37384028,0.00012684837266574434,126.25973595
2023-01-20,CLG23,CLH23,13,0.0,1.0,False,0.08164,0.08061,0.012777571020965217,117.86081529,0.00012684837266574434,127.88904454
2023-01-23,CLG23,CLH23,14,0.0,1.0,False,0.08162,0.08164,-0.0002449779519844153,117.83194199,0.0003805933915674853,127.90638827
2023-01-24,CLG23,CLH23,15,0.0,1.0,False,0.08012999999999999,0.08162,-0.018255329576084334,115.68088105,0.00012684837266574434,125.58763971
2023-01-25,CLG23,CLH23,16,0.0,1.0,False,0.08015,0.08012999999999999,0.0002495944090852298,115.70975435,0.00012684837266574434,125.63491627
2023-01-26,CLG23,CLH23,17,0.0,1.0,False,0.08101,0.08015,0.010729881472239633,116.9513063,0.00012684837266574434,126.99890062
2023-01-27,CLG23,CLH23,18,0.0,1.0,False,0.07968,0.08101,-0.01641772620664117,115.03123177,0.00012684837266574434,124.92997704
2023-01-30,CLG23,CLH23,19,0.0,1.0,False,0.07790000000000001,0.07968,-0.02233935742971871,112.46150797,0.0003805933915674853,122.18666916
2023-01-31,CLG23,CLH23,20,0.0,1.0,False,0.07887000000000001,0.07790000000000001,0.012451861360718741,113.86186308,0.00012684837266574434,123.72361981
2023-02-01,CLH23,CLJ23,1,1.0,0.0,False,0.07640999999999999,0.07887000000000001,-0.031190566755420535,110.31044704,0.00012684837266574434,119.88030413
2023-02-02,CLH23,CLJ23,2,1.0,0.0,False,0.07587999999999999,0.07640999999999999,-0.006936264886794996,109.54530456,0.00013106476383373256,119.06449467
2023-02-03,CLH23,CLJ23,3,1.0,0.0,False,0.07339,0.07587999999999999,-0.03281497100685282,105.95057857,0.00013106476383373256,115.17300189
2023-02-06,CLH23,CLJ23,4,1.0,0.0,False,0.07411,0.07339,0.009810600899305078,106.99001741,0.0003932458276694195,116.34820955
2023-02-07,CLH23,CLJ23,5,1.0,0.0,False,0.07714,0.07411,0.04088517069221442,111.36432253,0.00013106476383373256,121.1203751
2023-02-08,CLH23,CLJ23,6,0.8,0.2,False,0.07847,0.07714,0.01724137931034475,113.28439706,0.00013106476383373256,123.22453205
2023-02-09,CLH23,CLJ23,7,0.6,0.4,False,0.078102,0.078514,-0.005247471788470737,112.68994038,0.00013106476383373256,122.59406519
2023-02-10,CLH23,CLJ23,8,0.3999999999999999,0.6000000000000001,False,0.07980000000000001,0.07814399999999999,0.021191646191646374,115.07802573,0.00013106476383373256,125.20810301
2023-02-13,CLH23,CLJ23,9,0.19999999999999996,0.8,False,0.08025399999999999,0.07984,0.005185370741482842,115.67474796,0.0003932458276694195,125.90659101
2023-02-14,CLH23,CLJ23,10,0.0,1.0,False,0.07920399999999998,0.080292,-0.013550540527076382,114.1072926,0.00013106476383373256,124.21699056
2023-02-15,CLH23,CLJ23,11,0.0,1.0,False,0.07883,0.07923999999999999,-0.005174154467440628,113.51688384,0.00013106476383373256,123.59055313
2023-02-16,CLH23,CLJ23,12,0.0,1.0,False,0.07873999999999999,0.07883,-0.0011416973233541183,113.38728192,0.00013106476383373256,123.4656485
2023-02-17,CLH23,CLJ23,13,0.0,1.0,False,0.07654999999999999,0.07873999999999999,-0.02781305562611125,110.23363514,0.00013106476383373256,120.04787355
2023-02-21,CLH23,CLJ23,14,0.0,1.0,False,0.07636,0.07654999999999999,-0.0024820378837360213,109.96003108,0.0005243621321744385,119.81285874
2023-02-22,CLH23,CLJ23,15,0.0,1.0,False,0.07395,0.07636,-0.03156102671555783,106.4895796,0.00013106476383373256,116.04714515
2023-02-23,CLH23,CLJ23,16,0.0,1.0,False,0.07539,0.07395,0.01947261663286004,108.56321036,0.00013106476383373256,118.32209641
2023-02-24,CLH23,CLJ23,17,0.0,1.0,False,0.07632,0.07539,0.01233585356148037,109.90243023,0.00013106476383373256,119.79720833
2023-02-27,CLH23,CLJ23,18,0.0,1.0,False,0.07568000000000001,0.07632,-0.008385744234800652,108.98081656,0.0003932458276694195,118.83972933
2023-02-28,CLH23,CLJ23,19,0.0,1.0,False,0.07705,0.07568000000000001,0.018102536997885554,110.95364582,0.00013106476383373256,121.00660562
2023-03-01,CLJ23,CLK23,1,1.0,0.0,False,0.07769,0.07705,0.00830629461388721,111.87525949,0.00013106476383373256,122.02758184
2023-03-02,CLJ23,CLK23,2,1.0,0.0,False,0.07816,0.07769,0.006049684644098274,112.55206953,0.00013190823834574594,122.78190667
2023-03-03,CLJ23,CLK23,3,1.0,0.0,False,0.07968,0.07816,0.01944728761514858,114.740902,0.00013190823834574594,125.18587767
2023-03-06,CLJ23,CLK23,4,1.0,0.0,False,0.08045999999999999,0.07968,0.009789156626505813,115.86411866,0.00039577691668268855,126.46088751
2023-03-07,CLJ23,CLK23,5,1.0,0.0,False,0.07758,0.08045999999999999,-0.03579418344519003,111.71685714,0.00013190823834574594,121.95100453
2023-03-08,CLJ23,CLK23,6,0.8,0.2,False,0.07665999999999999,0.07758,-0.01185872647589592,110.39203749,0.00013190823834574594,120.52090727
2023-03-09,CLJ23,CLK23,7,0.6,0.4,False,0.075744,0.07669,-0.01233537618985514,109.03031018,0.00013190823834574594,119.05013424
2023-03-10,CLJ23,CLK23,8,0.3999999999999999,0.6000000000000001,False,0.07672000000000001,0.075768,0.012564671101256586,110.40024017,0.00013190823834574594,120.56166372
2023-03-13,CLJ23,CLK23,9,0.19999999999999996,0.8,False,0.07486599999999999,0.07674,-0.02442011988532722,107.70425307,0.00039577691668268855,117.66524896
2023-03-14,CLJ23,CLK23,10,0.0,1.0,False,0.071458,0.07488799999999998,-0.04580173058433912,102.77121189,0.00013190823834574594,112.29149795
2023-03-15,CLJ23,CLK23,11,0.0,1.0,False,0.06774,0.07149,-0.05245488879563576,97.3803594,0.00013190823834574594,106.41607209
2023-03-16,CLJ23,CLK23,12,0.0,1.0,False,0.06852,0.06774,0.011514614703277193,98.50165672,0.00013190823834574594,107.65544932
2023-03-17,CLJ23,CLK23,13,0.0,1.0,False,0.06693,0.06852,-0.023204903677758182,96.21593526,0.00013190823834574594,105.17151562
2023-03-20,CLJ23,CLK23,14,0.0,1.0,False,0.06781999999999999,0.06693,0.01329747497385303,97.49536425,0.00039577691668268855,106.61165567
2023-03-21,CLJ23,CLK23,15,0.0,1.0,False,0.06967,0.06781999999999999,0.027278089059274535,100.15485148,0.00013190823834574594,109.53388087
2023-03-22,CLJ23,CLK23,16,0.0,1.0,False,0.0709,0.06967,0.0176546576718819,101.9230511,0.00013190823834574594,111.48211246
2023-03-23,CLJ23,CLK23,17,0.0,1.0,False,0.06996,0.0709,-0.013258110014104485,100.57174408,0.00013190823834574594,110.01877576
2023-03-24,CLJ23,CLK23,18,0.0,1.0,False,0.06926,0.06996,-0.010005717552887261,99.56545161,0.00013190823834574594,108.93247134
2023-03-27,CLJ23,CLK23,19,0.0,1.0,False,0.07281,0.06926,0.051256136298007515,104.66879197,0.00039577691668268855,114.5590419
2023-03-28,CLJ23,CLK23,20,0.0,1.0,False,0.0732,0.07281,0.005356407086938519,105.22944063,0.00013190823834574594,115.18777805
2023-03-29,CLJ23,CLK23,21,0.0,1.0,False,0.07297,0.0732,-0.0031420765027323494,104.89880168,0.00013190823834574594,114.84104346
2023-03-30,CLJ23,CLK23,22,0.0,1.0,False,0.07437,0.07297,0.019185966835685964,106.91138661,0.00013190823834574594,117.05952839
2023-03-31,CLJ23,CLK23,23,0.0,1.0,False,0.07567,0.07437,0.01748016673389796,108.78021547,0.00013190823834574594,119.12118958
2023-04-03,CLK23,CLM23,1,1.0,0.0,False,0.08042,0.07567,0.06277256508523865,115.60862863,0.00039577691668268855,126.64587763
2023-04-04,CLK23,CLM23,2,1.0,0.0,False,0.08070999999999999,0.08042,0.0036060681422529495,116.02552122,0.0001392210934854088,127.12020307
2023-04-05,CLK23,CLM23,3,1.0,0.0,False,0.08061,0.08070999999999999,-0.001239003840911801,115.88176515,0.0001392210934854088,126.98039846
2023-04-06,CLK23,CLM23,4,1.0,0.0,False,0.08070000000000001,0.08061,0.0011164867882398344,116.01114561,0.0001392210934854088,127.13984875
2023-04-10,CLK23,CLM23,5,1.0,0.0,False,0.07973999999999999,0.08070000000000001,-0.011895910780669317,114.63108737,0.0005570006798127913,125.69822143
2023-04-11,CLK23,CLM23,6,0.8,0.2,False,0.08153,0.07973999999999999,0.022447955856533808,117.20432096,0.0001392210934854088,128.5373894
2023-04-12,CLK23,CLM23,7,0.6,0.4,False,0.083226,0.08152200000000001,0.020902333112533755,119.65416472,0.0001392210934854088,131.24201585
2023-04-13,CLK23,CLM23,8,0.3999999999999999,0.6000000000000001,False,0.082112,0.083192,-0.012982017501682819,118.10081226,0.0001392210934854088,129.55650136
2023-04-14,CLK23,CLM23,9,0.19999999999999996,0.8,False,0.082466,0.082088,0.004604814345580355,118.64464457,0.0001392210934854088,130.17112199
2023-04-17,CLK23,CLM23,10,0.0,1.0,False,0.08083,0.082448,-0.01962449058800697,116.31630386,0.0004177214306930743,127.6709553
2023-04-18,CLK23,CLM23,11,0.0,1.0,False,0.0809,0.08083,0.0008660150934058919,116.41703553,0.0001392210934854088,127.79929476
2023-04-19,CLK23,CLM23,12,0.0,1.0,False,0.07923999999999999,0.0809,-0.02051915945611882,114.02825581,0.0001392210934854088,125.19475301
2023-04-20,CLK23,CLM23,13,0.0,1.0,False,0.07737000000000001,0.07923999999999999,-0.023599192327107277,111.33728107,0.0001392210934854088,122.25768771
2023-04-21,CLK23,CLM23,14,0.0,1.0,False,0.07787000000000001,0.07737000000000001,0.0064624531472146085,112.05679303,0.0001392210934854088,123.06479313
2023-04-24,CLK23,CLM23,15,0.0,1.0,False,0.07876000000000001,0.07787000000000001,0.011429305252343758,113.33752432,0.0004177214306930743,124.52274501
2023-04-25,CLK23,CLM23,16,0.0,1.0,False,0.07707,0.07876000000000001,-0.021457592686643157,110.90557389,0.0001392210934854088,121.86812286
2023-04-26,CLK23,CLM23,17,0.0,1.0,False,0.07429999999999999,0.07707,-0.035941352017646366,106.91947762,0.0001392210934854088,117.50498437
2023-04-27,CLK23,CLM23,18,0.0,1.0,False,0.07476000000000001,0.07429999999999999,0.006191117092867016,107.58142863,0.0001392210934854088,118.24883066
2023-04-28,CLK23,CLM23,19,0.0,1.0,False,0.07678,0.07476000000000001,0.027019796682717923,110.48825696,0.0001392210934854088,121.46035276
2023-05-01,CLM23,CLN23,1,1.0,0.0,False,0.07565999999999999,0.07678,-0.014587132065642217,108.87655016,0.0004177214306930743,119.73933114
2023-05-02,CLM23,CLN23,2,1.0,0.0,False,0.07166,0.07565999999999999,-0.05286809410520743,103.12045446,0.00014456821566399825,113.42625141
2023-05-03,CLM23,CLN23,3,1.0,0.0,False,0.0686,0.07166,-0.04270164666480614,98.71704125,0.00014456821566399825,108.59916153
2023-05-04,CLM23,CLN23,4,1.0,0.0,False,0.06856,0.0686,-0.0005830903790087216,98.65948029,0.00014456821566399825,108.55153839
2023-05-05,CLM23,CLN23,5,1.0,0.0,False,0.07134,0.06856,0.040548424737456346,102.6599668,0.00014456821566399825,112.96882538
2023-05-08,CLM23,CLN23,6,0.8,0.2,False,0.07316,0.07134,0.025511634426689023,105.27899034,0.0004337673499203998,115.89984694
2023-05-09,CLM23,CLN23,7,0.6,0.4,False,0.07369200000000001,0.073142,0.007519619370539576,106.07064828,0.00014456821566399825,116.78812511
2023-05-10,CLM23,CLN23,8,0.3999999999999999,0.6000000000000001,False,0.072544,0.07367399999999999,-0.015337839672068698,104.44375368,0.00014456821566399825,115.01373142
2023-05-11,CLM23,CLN23,9,0.19999999999999996,0.8,False,0.070876,0.072536,-0.022885188044557303,102.05353874,0.00014456821566399825,112.39824788
2023-05-12,CLM23,CLN23,10,0.0,1.0,False,0.070024,0.070878,-0.012048872710855196,100.82390864,0.00014456821566399825,111.06022491
2023-05-15,CLM23,CLN23,11,0.0,1.0,False,0.07109,0.07002,0.015281348186232613,102.36463389,0.0004337673499203998,112.80554917
2023-05-16,CLM23,CLN23,12,0.0,1.0,False,0.07084,0.07109,-0.003516669011112694,102.00465135,0.00014456821566399825,112.42515748
2023-05-17,CLM23,CLN23,13,0.0,1.0,False,0.07289,0.07084,0.02893845285149621,104.95650814,0.00014456821566399825,115.6948207
2023-05-18,CLM23,CLN23,14,0.0,1.0,False,0.07194,0.07289,-0.01303333790643424,103.5885745,0.00014456821566399825,114.2036568
2023-05-19,CLM23,CLN23,15,0.0,1.0,False,0.07169,0.07194,-0.0034751181540172427,103.22859196,0.00014456821566399825,113.82329581
2023-05-22,CLM23,CLN23,16,0.0,1.0,False,0.07205,0.07169,0.005021620867624588,103.74696681,0.0004337673499203998,114.44424608
2023-05-23,CLM23,CLN23,17,0.0,1.0,False,0.07291,0.07205,0.011936155447605845,104.98530673,0.00014456821566399825,115.82681539
2023-05-24,CLM23,CLN23,18,0.0,1.0,False,0.07434,0.07291,0.019613221780277135,107.04440683,0.00014456821566399825,118.11529728
2023-05-25,CLM23,CLN23,19,0.0,1.0,False,0.07183,0.07434,-0.033763788001076156,103.43018217,0.00014456821566399825,114.14435314
2023-05-26,CLM23,CLN23,20,0.0,1.0,False,0.07267,0.07183,0.01169427815675883,104.63972349,0.00014456821566399825,115.4956906
2023-05-30,CLM23,CLN23,21,0.0,1.0,False,0.06946,0.07267,-0.044172285674969114,100.01754773,0.0005783982745561911,110.46078447
2023-05-31,CLM23,CLN23,22,0.0,1.0,False,0.06809,0.06946,-0.019723581917650446,98.04484343,0.00014456821566399825,108.29807125
2023-06-01,CLN23,CLQ23,1,1.0,0.0,False,0.0701,0.06809,0.029519753267733817,100.93910302,0.00014456821566399825,111.51066005
2023-06-02,CLN23,CLQ23,2,1.0,0.0,False,0.07174,0.0701,0.023395149786020086,103.30058845,0.00014456821566399825,114.13558954
2023-06-05,CLN23,CLQ23,3,1.0,0.0,False,0.07215,0.07174,0.005715082241427583,103.89095981,0.0004337673499203998,114.83739211
2023-06-06,CLN23,CLQ23,4,1.0,0.0,False,0.07174,0.07215,-0.0056826056826058124,103.30058845,0.00014456821566399825,114.20141833
2023-06-07,CLN23,CLQ23,5,1.0,0.0,False,0.07253,0.07174,0.011011987733481998,104.43813326,0.00014456821566399825,115.47551284
2023-06-08,CLN23,CLQ23,6,0.8,0.2,False,0.07129,0.07253,-0.017096373914242236,102.65261988,0.00014456821566399825,113.51799438
2023-06-09,CLN23,CLQ23,7,0.6,0.4,False,0.070202,0.07132000000000001,-0.01567582725743144,101.04345514,0.00014456821566399825,111.754917
2023-06-12,CLN23,CLQ23,8,0.3999999999999999,0.6000000000000001,False,0.067188,0.07023399999999999,-0.04336930831221342,96.66127038,0.0004337673499203998,106.95665918
2023-06-13,CLN23,CLQ23,9,0.19999999999999996,0.8,False,0.069516,0.067222,0.03412573264704988,99.95990705,0.00014456821566399825,110.62209607
2023-06-14,CLN23,CLQ23,10,0.0,1.0,False,0.068422,0.069548,-0.016190257088629423,98.34153046,0.00014456821566399825,108.84708834
2023-06-15,CLN23,CLQ23,11,0.0,1.0,False,0.07081,0.06846,0.03432661408121529,101.71726222,0.00014456821566399825,112.59917616
2023-06-16,CLN23,CLQ23,12,0.0,1.0,False,0.07193000000000001,0.07081,0.01581697500353063,103.32612161,0.00014456821566399825,114.39643277
2023-06-20,CLN23,CLQ23,13,0.0,1.0,False,0.07119,0.07193000000000001,-0.010287779785903006,102.26312522,0.0005783982745561911,113.28571416
2023-06-21,CLN23,CLQ23,14,0.0,1.0,False,0.07253,0.07119,0.01882286838039038,104.18801057,0.00014456821566399825,115.43445376
2023-06-22,CLN23,CLQ23,15,0.0,1.0,False,0.06951,0.07253,-0.04163794292017087,99.84983613,0.00014456821566399825,110.64468871
2023-06-23,CLN23,CLQ23,16,0.0,1.0,False,0.06916,0.06951,-0.0050352467270896595,99.34706757,0.00014456821566399825,110.10356111
2023-06-26,CLN23,CLQ23,17,0.0,1.0,False,0.06937,0.06916,0.0030364372469635637,99.64872871,0.0004337673499203998,110.485643
2023-06-27,CLN23,CLQ23,18,0.0,1.0,False,0.0677,0.06937,-0.02407380712123408,97.24980444,0.00014456821566399825,107.84180566
2023-06-28,CLN23,CLQ23,19,0.0,1.0,False,0.06956,0.0677,0.02747415066469716,99.92166022,0.00014456821566399825,110.82025817
2023-06-29,CLN23,CLQ23,20,0.0,1.0,False,0.06986,0.06956,0.004312823461759763,100.3526047,0.00014456821566399825,111.31422747
2023-06-30,CLN23,CLQ23,21,0.0,1.0,False,0.07064,0.06986,0.01116518751789286,101.47306035,0.00014456821566399825,112.57316419
2023-07-03,CLQ23,CLU23,1,1.0,0.0,False,0.06979,0.07064,-0.012032842582106351,100.25205099,0.0004337673499203998,111.26741959
2023-07-05,CLQ23,CLU23,2,1.0,0.0,False,0.07179,0.06979,0.028657400773749897,103.12501419,0.0002942256015450173,114.48879235
2023-07-06,CLQ23,CLU23,3,1.0,0.0,False,0.0718,0.07179,0.0001392951664576092,103.13937901,0.00014710198127620977,114.52158162
2023-07-07,CLQ23,CLU23,4,1.0,0.0,False,0.07386,0.0718,0.028690807799442775,106.09853111,0.00014710198127620977,117.82414466
2023-07-10,CLQ23,CLU23,5,1.0,0.0,False,0.07299,0.07386,-0.011779041429731851,104.84879212,0.00044137086399009817,116.48829333
2023-07-11,CLQ23,CLU23,6,0.8,0.2,False,0.07483,0.07299,0.025208932730510947,107.49191827,0.00014710198127620977,119.44197454
2023-07-12,CLQ23,CLU23,7,0.6,0.4,False,0.075708,0.074806,0.012057856321685323,108.78804038,0.00014710198127620977,120.89975886
2023-07-13,CLQ23,CLU23,8,0.3999999999999999,0.6000000000000001,False,0.076838,0.07566600000000001,0.015489123252187209,110.47307175,0.00014710198127620977,122.79017472
2023-07-14,CLQ23,CLU23,9,0.19999999999999996,0.8,False,0.07536,0.076812,-0.018903296359943922,108.38476653,0.00014710198127620977,120.48709833
2023-07-17,CLQ23,CLU23,10,0.0,1.0,False,0.074094,0.07534,-0.016538359437218042,106.5922603,0.00044137086399009817,118.54761888
2023-07-18,CLQ23,CLU23,11,0.0,1.0,False,0.07565999999999999,0.07408,0.021328293736501136,108.86569134,0.00014710198127620977,121.09347591
2023-07-19,CLQ23,CLU23,12,0.0,1.0,False,0.07529000000000001,0.07565999999999999,-0.004890298704731455,108.33330559,0.00014710198127620977,120.51910573
2023-07-20,CLQ23,CLU23,13,0.0,1.0,False,0.07565000000000001,0.07529000000000001,0.0047815114889095955,108.85130254,0.00014710198127620977,121.11309782
2023-07-21,CLQ23,CLU23,14,0.0,1.0,False,0.07707,0.07565000000000001,0.018770654329147263,110.89451271,0.00014710198127620977,123.40428589
2023-07-24,CLQ23,CLU23,15,0.0,1.0,False,0.07873999999999999,0.07707,0.021668612949266697,113.29744298,0.00044137086399009817,126.13275265
2023-07-25,CLQ23,CLU23,16,0.0,1.0,False,0.07962999999999999,0.07873999999999999,0.011303022606045321,114.57804654,0.00014710198127620977,127.57698838
2023-07-26,CLQ23,CLU23,17,0.0,1.0,False,0.07878,0.07962999999999999,-0.010674368956423375,113.3549982,0.00014710198127620977,126.23395137
2023-07-27,CLQ23,CLU23,18,0.0,1.0,False,0.08009000000000001,0.07878,0.016628585935516638,115.23993153,0.00014710198127620977,128.35161274
2023-07-28,CLQ23,CLU23,19,0.0,1.0,False,0.08058,0.08009000000000001,0.006118117118241839,115.94498293,0.00014710198127620977,129.15576372
2023-07-31,CLQ23,CLU23,20,0.0,1.0,False,0.0818,0.08058,0.015140233308513329,117.70041702,0.00044137086399009817,131.1682177
2023-08-01,CLU23,CLV23,1,1.0,0.0,False,0.08137,0.0818,-0.005256723716381417,117.08169845,0.00014710198127620977,130.49799773
2023-08-02,CLU23,CLV23,2,1.0,0.0,False,0.07948999999999999,0.08137,-0.023104338208184916,114.37660329,0.00014850988405634702,127.5023081
2023-08-03,CLU23,CLV23,3,1.0,0.0,False,0.08155,0.07948999999999999,0.025915209460309452,117.34069692,0.00014850988405634702,130.82549247
2023-08-04,CLU23,CLV23,4,1.0,0.0,False,0.08281999999999999,0.08155,0.015573267933782775,119.16807503,0.00014850988405634702,132.88230179
2023-08-07,CLU23,CLV23,5,1.0,0.0,False,0.08194,0.08281999999999999,-0.010625452789181256,117.90186027,0.00044559582100145434,131.52957896
2023-08-08,CLU23,CLV23,6,0.8,0.2,False,0.08292000000000001,0.08194,0.011959970710275991,119.31196307,0.00014850988405634702,133.12220232
2023-08-09,CLU23,CLV23,7,0.6,0.4,False,0.08425800000000001,0.082808,0.017510385470002943,121.40116153,0.00014850988405634702,135.47299336
2023-08-10,CLU23,CLV23,8,0.3999999999999999,0.6000000000000001,False,0.08260799999999999,0.084116,-0.0179276237576681,119.22472718,0.00014850988405634702,133.06440358
2023-08-11,CLU23,CLV23,9,0.19999999999999996,0.8,False,0.082818,0.08250199999999999,0.0038302101767231367,119.68138294,0.00014850988405634702,133.59382959
2023-08-14,CLU23,CLV23,10,0.0,1.0,False,0.082038,0.08269399999999999,-0.007932860908892891,118.73196718,0.00044559582100145434,132.59357718
2023-08-15,CLU23,CLV23,11,0.0,1.0,False,0.0805,0.08192,-0.017333984375,116.67386912,0.00014850988405634702,130.31489365
2023-08-16,CLU23,CLV23,12,0.0,1.0,False,0.07901999999999999,0.0805,-0.018385093167701982,114.52880917,0.00014850988405634702,127.93839524
2023-08-17,CLU23,CLV23,13,0.0,1.0,False,0.0799,0.07901999999999999,0.011136421159200216,115.80425022,0.00014850988405634702,129.3821712
2023-08-18,CLU23,CLV23,14,0.0,1.0,False,0.08066,0.0799,0.009511889862327871,116.90576749,0.00014850988405634702,130.63205469
2023-08-21,CLU23,CLV23,15,0.0,1.0,False,0.08012000000000001,0.08066,-0.006694768162657905,116.12311048,0.00044559582100145434,129.81571247
2023-08-22,CLU23,CLV23,16,0.0,1.0,False,0.07964,0.08012000000000001,-0.005991013479780483,115.42741536,0.00014850988405634702,129.0572637
2023-08-23,CLU23,CLV23,17,0.0,1.0,False,0.07889,0.07964,-0.009417378201908577,114.34039173,0.00014850988405634702,127.86104891
2023-08-24,CLU23,CLV23,18,0.0,1.0,False,0.07905,0.07889,0.0020281404487259014,114.5722901,0.00014850988405634702,128.1393577
2023-08-25,CLU23,CLV23,19,0.0,1.0,False,0.07983,0.07905,0.009867172675521951,115.70279467,0.00014850988405634702,129.42276083
2023-08-28,CLU23,CLV23,20,0.0,1.0,False,0.08009999999999999,0.07983,0.0033821871476886756,116.09412318,0.00044559582100145434,129.91816308
2023-08-29,CLU23,CLV23,21,0.0,1.0,False,0.08116,0.08009999999999999,0.01323345817727839,117.6304499,0.00014850988405634702,131.65672378
2023-08-30,CLU23,CLV23,22,0.0,1.0,False,0.08163,0.08116,0.00579103006407089,118.31165137,0.00014850988405634702,132.43870415
2023-08-31,CLU23,CLV23,23,0.0,1.0,False,0.08363,0.08163,0.024500796275878978,121.21038104,0.00014850988405634702,135.70322632
2023-09-01,CLV23,CLX23,1,1.0,0.0,False,0.08555,0.08363,0.022958268563912476,123.99316152,0.00014850988405634702,138.8388907
2023-09-05,CLV23,CLX23,2,1.0,0.0,False,0.08669,0.08555,0.013325540619520737,125.64543743,0.0005952987925910147,140.7716446
2023-09-06,CLV23,CLX23,3,1.0,0.0,False,0.08754,0.08669,0.00980505248586927,126.87739754,0.0001487914864939377,142.17286359
2023-09-07,CLV23,CLX23,4,1.0,0.0,False,0.08687,0.08754,-0.007653644048435049,125.9063231,0.0001487914864939377,141.10587721
2023-09-08,CLV23,CLX23,5,1.0,0.0,False,0.08751,0.08687,0.0073673304938413064,126.83391659,0.0001487914864939377,142.16644619
2023-09-11,CLV23,CLX23,6,0.8,0.2,False,0.08729,0.08751,-0.0025139984001828486,126.51505633,0.00044644087949508027,141.87250889
2023-09-12,CLV23,CLX23,7,0.6,0.4,False,0.088704,0.087164,0.0176678445229681,128.75030468,0.0001487914864939377,144.40019975
2023-09-13,CLV23,CLX23,8,0.3999999999999999,0.6000000000000001,False,0.08826400000000001,0.08856800000000001,-0.0034323909312617973,128.3083833,0.0001487914864939377,143.92604733
2023-09-14,CLV23,CLX23,9,0.19999999999999996,0.8,False,0.08983,0.088136,0.019220295906326346,130.77450839,0.0001487914864939377,146.71376351
2023-09-15,CLV23,CLX23,10,0.0,1.0,False,0.09017,0.08972,0.0050156041016495845,131.43042155,0.0001487914864939377,147.47145142
2023-09-18,CLV23,CLX23,11,0.0,1.0,False,0.09058,0.09002,0.0062208398133747345,132.24802915,0.00044644087949508027,148.45468498
2023-09-19,CLV23,CLX23,12,0.0,1.0,False,0.09048,0.09058,-0.0011039964672111546,132.10202779,0.0001487914864939377,148.31288032
2023-09-20,CLV23,CLX23,13,0.0,1.0,False,0.08965999999999999,0.09048,-0.00906277630415575,130.90481666,0.0001487914864939377,146.99082155
2023-09-21,CLV23,CLX23,14,0.0,1.0,False,0.08963,0.08965999999999999,-0.000334597367833922,130.86101625,0.0001487914864939377,146.96350979
2023-09-22,CLV23,CLX23,15,0.0,1.0,False,0.09003,0.08963,0.004462791476068206,131.44502168,0.0001487914864939377,147.64124421
2023-09-25,CLV23,CLX23,16,0.0,1.0,False,0.08968000000000001,0.09003,-0.00388759302454722,130.93401693,0.00044644087949508027,147.13318823
2023-09-26,CLV23,CLX23,17,0.0,1.0,False,0.09039,0.08968000000000001,0.007917038358608242,131.97062656,0.0001487914864939377,148.31993949
2023-09-27,CLV23,CLX23,18,0.0,1.0,False,0.09368000000000001,0.09039,0.03639783161854204,136.7740712,0.0001487914864939377,153.74053241
2023-09-28,CLV23,CLX23,19,0.0,1.0,False,0.09171,0.09368000000000001,-0.021029035012809727,133.89784447,0.0001487914864939377,150.53039266
2023-09-29,CLV23,CLX23,20,0.0,1.0,False,0.09079000000000001,0.09171,-0.010031621415330871,132.55463199,0.0001487914864939377,149.04272639
2023-10-02,CLX23,CLZ23,1,1.0,0.0,False,0.08882,0.09079000000000001,-0.021698424936667182,129.67840526,0.00044644087949508027,145.87527275
2023-10-03,CLX23,CLZ23,2,1.0,0.0,False,0.08923,0.08882,0.004616077460031676,130.27701082,0.00014907309622613774,146.57039038
2023-10-04,CLX23,CLZ23,3,1.0,0.0,False,0.08422,0.08923,-0.056147035750308216,122.96234284,0.00014907309622613774,138.36274714
2023-10-05,CLX23,CLZ23,4,1.0,0.0,False,0.08231000000000001,0.08422,-0.022678698646402262,120.17371692,0.00014907309622613774,135.24548625
2023-10-06,CLX23,CLZ23,5,1.0,0.0,False,0.08279,0.08231000000000001,0.005831612197788827,120.87452343,0.00014907309622613774,136.05434694
2023-10-09,CLX23,CLZ23,6,0.8,0.2,False,0.08638,0.08279,0.043362724966783395,126.11597214,0.0004472859603550372,142.01488936
2023-10-10,CLX23,CLZ23,7,0.6,0.4,False,0.08560200000000001,0.086024,-0.0049056077373754725,125.49729665,0.00014907309622613774,141.33939062
2023-10-11,CLX23,CLZ23,8,0.3999999999999999,0.6000000000000001,False,0.082922,0.085234,-0.027125325574301473,122.09314162,0.00014907309622613774,137.52658353
2023-10-12,CLX23,CLZ23,9,0.19999999999999996,0.8,False,0.082244,0.08263799999999999,-0.004767782376146501,121.51102809,0.00014907309622613774,136.89138822
2023-10-13,CLX23,CLZ23,10,0.0,1.0,False,0.086618,0.082022,0.05603374704347619,128.3197463,0.00014907309622613774,144.58233246
2023-10-16,CLX23,CLZ23,11,0.0,1.0,False,0.08526,0.08635,-0.01262304574406481,126.69996027,0.0004472859603550372,142.82193271
2023-10-17,CLX23,CLZ23,12,0.0,1.0,False,0.08544,0.08526,0.002111189303307448,126.96744787,0.00014907309622613774,143.14474775
2023-10-18,CLX23,CLZ23,13,0.0,1.0,False,0.08727,0.08544,0.02141853932584259,129.68690515,0.00014907309622613774,146.2320382
2023-10-19,CLX23,CLZ23,14,0.0,1.0,False,0.08837,0.08727,0.012604560559184241,131.3215516,0.00014907309622613774,148.09702804
2023-10-20,CLX23,CLZ23,15,0.0,1.0,False,0.08807999999999999,0.08837,-0.0032816566708160355,130.89059935,0.00014907309622613774,147.63310172
2023-10-23,CLX23,CLZ23,16,0.0,1.0,False,0.08549,0.08807999999999999,-0.029405086285195225,127.04174998,0.0004472859603550372,143.35797184
2023-10-24,CLX23,CLZ23,17,0.0,1.0,False,0.08374,0.08549,-0.020470230436308356,124.44117608,0.00014907309622613774,140.44477194
2023-10-25,CLX23,CLZ23,18,0.0,1.0,False,0.08539,0.08374,0.019703845235252038,126.89314575,0.00014907309622613774,143.23301052
2023-10-26,CLX23,CLZ23,19,0.0,1.0,False,0.08320999999999999,0.08539,-0.025529921536479705,123.6535737,0.00014907309622613774,139.59763519
2023-10-27,CLX23,CLZ23,20,0.0,1.0,False,0.08554,0.08320999999999999,0.028001442134359067,127.11605209,0.00014907309622613774,143.52738055
2023-10-30,CLX23,CLZ23,21,0.0,1.0,False,0.08231000000000001,0.08554,-0.03776011222819731,122.3161357,0.0004472859603550372,138.17196834
2023-10-31,CLX23,CLZ23,22,0.0,1.0,False,0.08102,0.08231000000000001,-0.01567245778155768,120.39914123,0.00014907309622613774,136.02707173
2023-11-01,CLZ23,CLF24,1,1.0,0.0,False,0.08044,0.08102,-0.007158726240434454,119.53723674,0.00014907309622613774,135.07356914
2023-11-02,CLZ23,CLF24,2,1.0,0.0,False,0.08245999999999999,0.08044,0.025111884634510195,122.53904204,0.00014766512050834457,138.48546668
2023-11-03,CLZ23,CLF24,3,1.0,0.0,False,0.08051,0.08245999999999999,-0.02364782925054565,119.6412597,0.00014766512050834457,135.23103549
2023-11-06,CLZ23,CLF24,4,1.0,0.0,False,0.08081999999999999,0.08051,0.0038504533598309187,120.10193279,0.0004430607797081265,135.81165185
2023-11-07,CLZ23,CLF24,5,1.0,0.0,False,0.07737000000000001,0.08081999999999999,-0.04268745360059367,114.97508711,0.00014766512050834457,130.03425291
2023-11-08,CLZ23,CLF24,6,0.8,0.2,False,0.07533,0.07737000000000001,-0.026366808840636136,111.94356097,0.00014766512050834457,126.62486615
2023-11-09,CLZ23,CLF24,7,0.6,0.4,False,0.075742,0.075326,0.005522661498021941,112.56178736,0.00014766512050834457,127.34287049
2023-11-10,CLZ23,CLF24,8,0.3999999999999999,0.6000000000000001,False,0.07716200000000001,0.075744,0.018720954795099276,114.66905149,0.00014766512050834457,129.74565471
2023-11-13,CLZ23,CLF24,9,0.19999999999999996,0.8,False,0.07821800000000001,0.077158,0.013738044013582584,116.24437997,0.0004430607797081265,131.58559144
2023-11-14,CLZ23,CLF24,10,0.0,1.0,False,0.07818800000000001,0.078204,-0.00020459311544152037,116.22059717,0.00014766512050834457,131.57810054
2023-11-15,CLZ23,CLF24,11,0.0,1.0,False,0.07679000000000001,0.07817,-0.01765383139311749,114.16885834,0.00014766512050834457,129.27467243
2023-11-16,CLZ23,CLF24,12,0.0,1.0,False,0.07309,0.07679000000000001,-0.048183357207969846,108.66781946,0.00014766512050834457,123.06487407
2023-11-17,CLZ23,CLF24,13,0.0,1.0,False,0.07604000000000001,0.07309,0.040361198522369746,113.05378289,0.00014766512050834457,128.05009227
2023-11-20,CLZ23,CLF24,14,0.0,1.0,False,0.07783,0.07604000000000001,0.023540241977906273,115.7150963,0.0004430607797081265,131.12115641
2023-11-21,CLZ23,CLF24,15,0.0,1.0,False,0.07776999999999999,0.07783,-0.0007709109597842101,115.62589026,0.00014766512050834457,131.03943569
2023-11-22,CLZ23,CLF24,16,0.0,1.0,False,0.07709999999999999,0.07776999999999999,-0.00861514722900869,114.62975619,0.00014766512050834457,129.92986161
2023-11-24,CLZ23,CLF24,17,0.0,1.0,False,0.07554000000000001,0.07709999999999999,-0.02023346303501916,112.31039926,0.00029535204600428244,127.33930561
2023-11-27,CLZ23,CLF24,18,0.0,1.0,False,0.07486,0.07554000000000001,-0.009001853322743059,111.29939752,0.0004430607797081265,126.24943491
2023-11-28,CLZ23,CLF24,19,0.0,1.0,False,0.07640999999999999,0.07486,0.020705316590969858,113.60388678,0.00014766512050834457,128.88211206
2023-11-29,CLZ23,CLF24,20,0.0,1.0,False,0.07786,0.07640999999999999,0.018976573746891878,115.75969932,0.00014766512050834457,131.34688436
2023-11-30,CLZ23,CLF24,21,0.0,1.0,False,0.07596,0.07786,-0.024402774210120715,112.93484151,0.00014766512050834457,128.16105135
2023-12-01,CLF24,CLG24,1,1.0,0.0,False,0.07407,0.07596,-0.024881516587677788,110.12485138,0.00014766512050834457,124.99113494
2023-12-04,CLF24,CLG24,2,1.0,0.0,False,0.07304000000000001,0.07407,-0.013905764817064847,108.5934811,0.00044137086399009817,123.30820506
2023-12-05,CLF24,CLG24,3,1.0,0.0,False,0.07232,0.07304000000000001,-0.009857612267251015,107.52300867,0.00014710198127620977,122.11081947
2023-12-06,CLF24,CLG24,4,1.0,0.0,False,0.06938,0.07232,-0.040652654867256666,103.15191291,0.00014710198127620977,117.16465322
2023-12-07,CLF24,CLG24,5,1.0,0.0,False,0.06934,0.06938,-0.0005765350245027223,103.09244222,0.00014710198127620977,117.11433885
2023-12-08,CLF24,CLG24,6,0.8,0.2,False,0.07123,0.06934,0.027256994519757827,105.90243235,0.00014710198127620977,120.32375149
2023-12-11,CLF24,CLG24,7,0.6,0.4,False,0.071368,0.071272,0.001346952519923672,106.0450779,0.00044137086399009817,120.53892927
2023-12-12,CLF24,CLG24,8,0.3999999999999999,0.6000000000000001,False,0.068706,0.071416,-0.03794667861543621,102.02101941,0.00014710198127620977,115.98260878
2023-12-13,CLF24,CLG24,9,0.19999999999999996,0.8,False,0.06962,0.068754,0.012595630799662638,103.3060385,0.00014710198127620977,117.46054417
2023-12-14,CLF24,CLG24,10,0.0,1.0,False,0.071844,0.06967000000000001,0.03120424860054527,106.52962581,0.00014710198127620977,121.14309087
2023-12-15,CLF24,CLG24,11,0.0,1.0,False,0.07178,0.07191,-0.0018078153247115258,106.33703992,0.00014710198127620977,120.94190692
2023-12-18,CLF24,CLG24,12,0.0,1.0,False,0.07282,0.07178,0.01448871551964337,107.87772704,0.00044137086399009817,122.74758004
2023-12-19,CLF24,CLG24,13,0.0,1.0,False,0.07393999999999999,0.07282,0.015380390002746491,109.53692855,0.00014710198127620977,124.6535421
2023-12-20,CLF24,CLG24,14,0.0,1.0,False,0.07422,0.07393999999999999,0.0037868542061130217,109.95172893,0.00014710198127620977,125.14392367
2023-12-21,CLF24,CLG24,15,0.0,1.0,False,0.07389,0.07422,-0.004446240905416343,109.46285706,0.00014710198127620977,124.60591256
2023-12-22,CLF24,CLG24,16,0.0,1.0,False,0.07356,0.07389,-0.004466098254161555,108.97398519,0.00014710198127620977,124.06774009
2023-12-26,CLF24,CLG24,17,0.0,1.0,False,0.07557,0.07356,0.02732463295269172,111.95165934,0.0005885377717949059,127.5308641
2023-12-27,CLF24,CLG24,18,0.0,1.0,False,0.07411,0.07557,-0.01931983591372244,109.78877165,0.00014710198127620977,125.08574877
2023-12-28,CLF24,CLG24,19,0.0,1.0,False,0.07177,0.07411,-0.03157468627715554,106.32222563,0.00014710198127620977,121.15460586
2023-12-29,CLF24,CLG24,20,0.0,1.0,False,0.07165,0.07177,-0.001672007802703046,106.14445404,0.00014710198127620977,120.9698565
2024-01-02,CLG24,CLH24,1,1.0,0.0,False,0.07038,0.07165,-0.01772505233775301,104.26303804,0.0005885377717949059,118.8968548
2024-01-03,CLG24,CLH24,2,1.0,0.0,False,0.0727,0.07038,0.032963910201761815,107.69995546,0.0001462573271202583,122.83354958
2024-01-04,CLG24,CLH24,3,1.0,0.0,False,0.07219,0.0727,-0.007015130674002723,106.9444262,0.0001462573271202583,121.98982149
2024-01-05,CLG24,CLH24,4,1.0,0.0,False,0.07381,0.07219,0.022440781271644283,109.34434268,0.0001462573271202583,124.7452103
2024-01-08,CLG24,CLH24,5,1.0,0.0,False,0.07077,0.07381,-0.04118683105270293,104.84079571,0.0004388361581066924,119.66209311
2024-01-09,CLG24,CLH24,6,0.8,0.2,False,0.07224,0.07077,0.020771513353115667,107.0184977,0.0001462573271202583,122.16515734
2024-01-10,CLG24,CLH24,7,0.6,0.4,False,0.071384,0.07225000000000001,-0.011986159169550259,105.73575695,0.0001462573271202583,120.71873387
2024-01-11,CLG24,CLH24,8,0.3999999999999999,0.6000000000000001,False,0.072048,0.071398,0.009103896467688166,106.69836433,0.0001462573271202583,121.83540072
2024-01-12,CLG24,CLH24,9,0.19999999999999996,0.8,False,0.072746,0.072062,0.009491826482751042,107.71112669,0.0001462573271202583,123.00966052
2024-01-16,CLG24,CLH24,10,0.0,1.0,False,0.072496,0.072768,-0.003737906772207533,107.30851254,0.0005851576682305293,122.62184192
2024-01-17,CLG24,CLH24,11,0.0,1.0,False,0.07248,0.07252,-0.0005515719801434393,107.24932417,0.0001462573271202583,122.57214149
2024-01-18,CLG24,CLH24,12,0.0,1.0,False,0.07395,0.07248,0.020281456953642474,109.42449672,0.0001462573271202583,125.07601017
2024-01-19,CLG24,CLH24,13,0.0,1.0,False,0.07325,0.07395,-0.009465855307640436,108.38870027,0.0001462573271202583,123.91035204
2024-01-22,CLG24,CLH24,14,0.0,1.0,False,0.07476000000000001,0.07325,0.020614334470989926,110.62306119,0.0004388361581066924,126.51905782
2024-01-23,CLG24,CLH24,15,0.0,1.0,False,0.07437,0.07476000000000001,-0.005216693418940599,110.04597459,0.0001462573271202583,125.87755102
2024-01-24,CLG24,CLH24,16,0.0,1.0,False,0.07509,0.07437,0.009681323114158813,111.11136523,0.0001462573271202583,127.11462278
2024-01-25,CLG24,CLH24,17,0.0,1.0,False,0.07736,0.07509,0.030230390198428436,114.47030516,0.0001462573271202583,130.97593888
2024-01-26,CLG24,CLH24,18,0.0,1.0,False,0.07801000000000001,0.07736,0.00840227507755964,115.43211615,0.0001462573271202583,132.09559094
2024-01-29,CLG24,CLH24,19,0.0,1.0,False,0.07678,0.07801000000000001,-0.015767209332137044,113.61207381,0.0004388361581066924,130.07078043
2024-01-30,CLG24,CLH24,20,0.0,1.0,False,0.07781999999999999,0.07678,0.013545194060953225,115.1509714,0.0001462573271202583,131.8516382
2024-01-31,CLG24,CLH24,21,0.0,1.0,False,0.07585,0.07781999999999999,-0.025314829092778046,112.23594424,0.0001462573271202583,128.53312078
2024-02-01,CLH24,CLJ24,1,1.0,0.0,False,0.07382,0.07585,-0.026763348714568314,109.23213453,0.0001462573271202583,125.11194296
2024-02-02,CLH24,CLJ24,2,1.0,0.0,False,0.07228,0.07382,-0.020861555134110032,106.95338233,0.00014653887121385267,122.52024702
2024-02-05,CLH24,CLJ24,3,1.0,0.0,False,0.07278,0.07228,0.006917542888766004,107.69323694,0.0004396810377103044,123.42165591
2024-02-06,CLH24,CLJ24,4,1.0,0.0,False,0.07331,0.07278,0.007282220390217198,108.47748283,0.00014653887121385267,124.33852568
2024-02-07,CLH24,CLJ24,5,1.0,0.0,False,0.07386,0.07331,0.0075023871231754136,109.2913229,0.00014653887121385267,125.28958186
2024-02-08,CLH24,CLJ24,6,0.8,0.2,False,0.07622,0.07386,0.031952342269157885,112.78343666,0.00014653887121385267,129.31123726
2024-02-09,CLH24,CLJ24,7,0.6,0.4,False,0.076826,0.076214,0.008030020731099263,113.68908999,0.00014653887121385267,130.36855829
2024-02-12,CLH24,CLJ24,8,0.3999999999999999,0.6000000000000001,False,0.07688,0.07681199999999999,0.0008852783419259769,113.78973648,0.0004396810377103044,130.54129134
2024-02-13,CLH24,CLJ24,9,0.19999999999999996,0.8,False,0.077684,0.07686,0.010720791048659972,115.00965247,0.00014653887121385267,131.95992662
2024-02-14,CLH24,CLJ24,10,0.0,1.0,False,0.076416,0.077622,-0.015536832341346507,113.22276678,0.00014653887121385267,129.92902462
2024-02-15,CLH24,CLJ24,11,0.0,1.0,False,0.07759,0.07636,0.016107909900471507,115.04654891,0.00014653887121385267,132.0409493
2024-02-16,CLH24,CLJ24,12,0.0,1.0,False,0.07845999999999999,0.07759,0.011212785152725724,116.33654115,0.00014653887121385267,133.54084523
2024-02-20,CLH24,CLJ24,13,0.0,1.0,False,0.07704000000000001,0.07845999999999999,-0.01809839408615821,114.23103658,0.0005862843392869799,131.20226329
2024-02-21,CLH24,CLJ24,14,0.0,1.0,False,0.07791,0.07704000000000001,0.011292834890965553,115.52102882,0.00014653887121385267,132.70313502
2024-02-22,CLH24,CLJ24,15,0.0,1.0,False,0.07861,0.07791,0.008984725965858198,116.55895361,0.00014653887121385267,133.91488249
2024-02-23,CLH24,CLJ24,16,0.0,1.0,False,0.07648999999999999,0.07861,-0.026968579061188325,113.41552425,0.00014653887121385267,130.32301212
2024-02-26,CLH24,CLJ24,17,0.0,1.0,False,0.07758,0.07648999999999999,0.014250228788077024,115.03172142,0.0004396810377103044,132.23744542
2024-02-27,CLH24,CLJ24,18,0.0,1.0,False,0.07887000000000001,0.07758,0.016627996906419362,116.94446853,0.00014653887121385267,134.45566718
2024-02-28,CLH24,CLJ24,19,0.0,1.0,False,0.07854000000000001,0.07887000000000001,-0.004184100418409997,116.45516113,0.00014653887121385267,133.91279415
2024-02-29,CLH24,CLJ24,20,0.0,1.0,False,0.07826000000000001,0.07854000000000001,-0.0035650623885917776,116.03999122,0.00014653887121385267,133.45501012
2024-03-01,CLJ24,CLK24,1,1.0,0.0,False,0.07997,0.07826000000000001,0.021850242780475204,118.5754932,0.00014653887121385267,136.39059084
2024-03-04,CLJ24,CLK24,2,1.0,0.0,False,0.07873999999999999,0.07997,-0.015380767787920635,116.75171107,0.0004396810377103044,134.35276719
2024-03-05,CLJ24,CLK24,3,1.0,0.0,False,0.07815000000000001,0.07873999999999999,-0.007493014986029722,115.87688875,0.00014653887121385267,133.3657478
2024-03-06,CLJ24,CLK24,4,1.0,0.0,False,0.07912999999999999,0.07815000000000001,0.01253998720409455,117.32998345,0.00014653887121385267,135.05769583
2024-03-07,CLJ24,CLK24,5,1.0,0.0,False,0.07893,0.07912999999999999,-0.002527486414760416,117.03343351,0.00014653887121385267,134.73613054
2024-03-08,CLJ24,CLK24,6,0.8,0.2,False,0.07801000000000001,0.07893,-0.011655897630811984,115.66930379,0.00014653887121385267,133.18540408
2024-03-11,CLJ24,CLK24,7,0.6,0.4,False,0.07785000000000002,0.077908,-0.000744467833855178,115.58319171,0.0004396810377103044,133.14481092
2024-03-12,CLJ24,CLK24,8,0.3999999999999999,0.6000000000000001,False,0.077436,0.07777,-0.004294715185804265,115.08679482,0.00014653887121385267,132.59250277
2024-03-13,CLJ24,CLK24,9,0.19999999999999996,0.8,False,0.079468,0.077374,0.02706335461524545,118.20142956,0.00014653887121385267,136.20033065
2024-03-14,CLJ24,CLK24,10,0.0,1.0,False,0.080844,0.079384,0.01839161543887946,120.3753448,0.00014653887121385267,138.7252334
2024-03-15,CLJ24,CLK24,11,0.0,1.0,False,0.08058,0.08073999999999999,-0.0019816695566013953,120.13680064,0.00014653887121385267,138.47065446
2024-03-18,CLJ24,CLK24,12,0.0,1.0,False,0.08216,0.08058,0.019607843137254832,122.49242418,0.0004396810377103044,141.24664825
2024-03-19,CLJ24,CLK24,13,0.0,1.0,False,0.08273,0.08216,0.006937682570594017,123.34223774,0.00014653887121385267,142.24727079
2024-03-20,CLJ24,CLK24,14,0.0,1.0,False,0.08127,0.08273,-0.01764776985374117,121.16552232,0.00014653887121385267,139.75776845
2024-03-21,CLJ24,CLK24,15,0.0,1.0,False,0.08106999999999999,0.08127,-0.0024609326934909026,120.86734212,0.00014653887121385267,139.43431393
2024-03-22,CLJ24,CLK24,16,0.0,1.0,False,0.08063,0.08106999999999999,-0.005427408412483015,120.21134569,0.00014653887121385267,138.69797951
2024-03-25,CLJ24,CLK24,17,0.0,1.0,False,0.08195000000000001,0.08063,0.01637107776261959,122.17933498,0.0004396810377103044,141.02959779
2024-03-26,CLJ24,CLK24,18,0.0,1.0,False,0.08162,0.08195000000000001,-0.004026845637584042,121.68733766,0.00014653887121385267,140.48235969
2024-03-27,CLJ24,CLK24,19,0.0,1.0,False,0.08134999999999999,0.08162,-0.0033080127419751193,121.2847944,0.00014653887121385267,140.03822838
2024-03-28,CLJ24,CLK24,20,0.0,1.0,False,0.08317000000000001,0.08134999999999999,0.022372464658881652,123.99823418,0.00014653887121385267,143.19174974
2024-04-01,CLK24,CLM24,1,1.0,0.0,False,0.08370999999999999,0.08317000000000001,0.006492725742454963,124.80332071,0.0005862843392869799,144.20540558
2024-04-02,CLK24,CLM24,2,1.0,0.0,False,0.08515,0.08370999999999999,0.01720224584876373,126.95021812,0.00014653887121385267,146.70719412
2024-04-03,CLK24,CLM24,3,1.0,0.0,False,0.08543,0.08515,0.0032883147386963962,127.36767039,0.00014653887121385267,147.21111185
2024-04-04,CLK24,CLM24,4,1.0,0.0,False,0.08659,0.08543,0.013578368254711481,129.09711552,0.00014653887121385267,149.23157069
2024-04-05,CLK24,CLM24,5,1.0,0.0,False,0.08691,0.08659,0.0036955768564499447,129.57420383,0.00014653887121385267,149.80493565
2024-04-08,CLK24,CLM24,6,0.8,0.2,False,0.08643,0.08691,-0.005522954780807665,128.85857136,0.0004396810377103044,149.04343615
2024-04-09,CLK24,CLM24,7,0.6,0.4,False,0.08507600000000001,0.08625000000000001,-0.01361159420289848,127.10460078,0.00014653887121385267,147.03655804
2024-04-10,CLK24,CLM24,8,0.3999999999999999,0.6000000000000001,False,0.085902,0.084922,0.011540001413061551,128.57138805,0.00014653887121385267,148.7549067
2024-04-11,CLK24,CLM24,9,0.19999999999999996,0.8,False,0.084678,0.08574799999999999,-0.012478425152773087,126.96701961,0.00014653887121385267,146.92047811
2024-04-12,CLK24,CLM24,10,0.0,1.0,False,0.085196,0.08456399999999999,0.007473629440423846,127.91592407,0.00014653887121385267,148.04003689
2024-04-15,CLK24,CLM24,11,0.0,1.0,False,0.08486,0.08508,-0.0025858015984955296,127.58515887,0.0004396810377103044,147.72232512
2024-04-16,CLK24,CLM24,12,0.0,1.0,False,0.08483,0.08486,-0.00035352345038885957,127.54005452,0.00014653887121385267,147.69174887
2024-04-17,CLK24,CLM24,13,0.0,1.0,False,0.08215,0.08483,-0.031592596958623154,123.51073298,0.00014653887121385267,143.04742555
2024-04-18,CLK24,CLM24,14,0.0,1.0,False,0.08209999999999999,0.08215,-0.000608642726719566,123.43555907,0.00014653887121385267,142.98132278
2024-04-19,CLK24,CLM24,15,0.0,1.0,False,0.08222,0.08209999999999999,0.0014616321559075551,123.61597645,0.00014653887121385267,143.2112612
2024-04-22,CLK24,CLM24,16,0.0,1.0,False,0.0819,0.08222,-0.0038919970810021853,123.13486343,0.0004396810377103044,142.71685066
2024-04-23,CLK24,CLM24,17,0.0,1.0,False,0.08336,0.0819,0.017826617826617763,125.32994158,0.00014653887121385267,145.28192298
2024-04-24,CLK24,CLM24,18,0.0,1.0,False,0.08281000000000001,0.08336,-0.00659788867562372,124.50302858,0.00014653887121385267,144.34465848
2024-04-25,CLK24,CLM24,19,0.0,1.0,False,0.08356999999999999,0.08281000000000001,0.00917763555126161,125.645672,0.00014653887121385267,145.69055325
2024-04-26,CLK24,CLM24,20,0.0,1.0,False,0.08385,0.08356999999999999,0.0033504846236687147,126.06664589,0.00014653887121385267,146.20003654
2024-04-29,CLK24,CLM24,21,0.0,1.0,False,0.08263,0.08385,-0.014549791293977377,124.2324025,0.0004396810377103044,144.1371379
2024-04-30,CLK24,CLM24,22,0.0,1.0,False,0.08193,0.08263,-0.008471499455403486,123.17996777,0.00014653887121385267,142.93720191
2024-05-01,CLM24,CLN24,1,1.0,0.0,False,0.079,0.08193,-0.03576223605516904,118.77477669,0.00014653887121385267,137.84639382
2024-05-02,CLM24,CLN24,2,1.0,0.0,False,0.07895,0.079,-0.0006329113924049556,118.69960278,0.00014682042259894779,137.77938793
2024-05-03,CLM24,CLN24,3,1.0,0.0,False,0.07811,0.07895,-0.010639645345155269,117.4366811,0.00014682042259894779,136.33369293
2024-05-06,CLM24,CLN24,4,1.0,0.0,False,0.07848000000000001,0.07811,0.004736909486621643,117.99296803,0.0004405259396711436,137.03955182
2024-05-07,CLM24,CLN24,5,1.0,0.0,False,0.07837999999999999,0.07848000000000001,-0.0012742099898065407,117.84262021,0.00014682042259894779,136.88505486
2024-05-08,CLM24,CLN24,6,0.8,0.2,False,0.07898999999999999,0.07837999999999999,0.007782597601428964,118.7597419,0.00014682042259894779,137.97047368
2024-05-09,CLM24,CLN24,7,0.6,0.4,False,0.079168,0.078904,0.0033458379803306126,119.15709275,0.00014682042259894779,138.45235741
2024-05-10,CLM24,CLN24,8,0.3999999999999999,0.6000000000000001,False,0.07809200000000001,0.07907600000000001,-0.012443725024027463,117.67433465,0.00014682042259894779,136.74982198
2024-05-13,CLM24,CLN24,9,0.19999999999999996,0.8,False,0.07880799999999999,0.07800800000000001,0.01025535842477665,118.88112713,0.0004405259396711436,138.21248226
2024-05-14,CLM24,CLN24,10,0.0,1.0,False,0.077724,0.078704,-0.012451717828826925,117.40085288,0.00014682042259894779,136.51179185
2024-05-15,CLM24,CLN24,11,0.0,1.0,False,0.07816,0.07765000000000001,0.006567933032839424,118.17193382,0.00014682042259894779,137.42843488
2024-05-16,CLM24,CLN24,12,0.0,1.0,False,0.07873999999999999,0.07816,0.007420675537359145,119.0488494,0.00014682042259894779,138.46842401
2024-05-17,CLM24,CLN24,13,0.0,1.0,False,0.07958,0.07873999999999999,0.010668021336042832,120.31886507,0.00014682042259894779,139.96593811
2024-05-20,CLM24,CLN24,14,0.0,1.0,False,0.0793,0.07958,-0.003518471977883908,119.89552651,0.0004405259396711436,139.5351305
2024-05-21,CLM24,CLN24,15,0.0,1.0,False,0.07866,0.0793,-0.008070617906683508,118.92789553,0.00014682042259894779,138.42948239
2024-05-22,CLM24,CLN24,16,0.0,1.0,False,0.07757,0.07866,-0.013857106534452046,117.27989901,0.00014682042259894779,136.53157458
2024-05-23,CLM24,CLN24,17,0.0,1.0,False,0.07687000000000001,0.07757,-0.009024107257960434,116.22155262,0.00014682042259894779,135.31954463
2024-05-24,CLM24,CLN24,18,0.0,1.0,False,0.07772,0.07687000000000001,0.011057629764537502,117.50668752,0.00014682042259894779,136.83572573
2024-05-28,CLM24,CLN24,19,0.0,1.0,False,0.07983,0.07772,0.027148739063304284,120.69684592,0.0005874110404746613,140.63102196
2024-05-29,CLM24,CLN24,20,0.0,1.0,False,0.07923000000000001,0.07983,-0.007515971439308378,119.78969187,0.00014682042259894779,139.59469072
2024-05-30,CLM24,CLN24,21,0.0,1.0,False,0.07791,0.07923000000000001,-0.016660355925785852,117.79395297,0.00014682042259894779,137.28948884
2024-05-31,CLM24,CLN24,22,0.0,1.0,False,0.07698999999999999,0.07791,-0.011808496983699235,116.40298343,0.00014682042259894779,135.68846322
2024-06-03,CLN24,CLQ24,1,1.0,0.0,False,0.07422,0.07698999999999999,-0.035978698532276865,112.21495558,0.0004405259396711436,130.86634319
2024-06-04,CLN24,CLQ24,2,1.0,0.0,False,0.07325,0.07422,-0.013069253570466177,110.74838987,0.00014682042259894779,129.17523162
2024-06-05,CLN24,CLQ24,3,1.0,0.0,False,0.07407,0.07325,0.011194539249146818,111.98816707,0.00014682042259894779,130.64025439
2024-06-06,CLN24,CLQ24,4,1.0,0.0,False,0.07554999999999999,0.07407,0.019981098960442756,114.22581372,0.00014682042259894779,133.2697709
2024-06-07,CLN24,CLQ24,5,1.0,0.0,False,0.07553,0.07554999999999999,-0.0002647253474519218,114.19557525,0.00014682042259894779,133.25405774
2024-06-10,CLN24,CLQ24,6,0.8,0.2,False,0.07773999999999999,0.07553,0.029259896729776136,117.53692599,0.0004405259396711436,137.21175958
2024-06-11,CLN24,CLQ24,7,0.6,0.4,False,0.07783000000000001,0.077658,0.0022148394241419123,117.79725141,0.00014682042259894779,137.53580709
2024-06-12,CLN24,CLQ24,8,0.3999999999999999,0.6000000000000001,False,0.07836,0.07776,0.007716049382716195,118.70618082,0.00014682042259894779,138.61723324
2024-06-13,CLN24,CLQ24,9,0.19999999999999996,0.8,False,0.078404,0.07829,0.001456124664708236,118.87903182,0.00014682042259894779,138.83942906
2024-06-14,CLN24,CLQ24,10,0.0,1.0,False,0.07812999999999999,0.07833200000000001,-0.002578767298167084,118.57247046,0.00014682042259894779,138.50177894
2024-06-17,CLN24,CLQ24,11,0.0,1.0,False,0.07972,0.07805,0.021396540679051945,121.10951115,0.0004405259396711436,141.52625152
2024-06-18,CLN24,CLQ24,12,0.0,1.0,False,0.08070999999999999,0.07972,0.012418464626191561,122.61350533,0.00014682042259894779,143.30456921
2024-06-20,CLN24,CLQ24,13,0.0,1.0,False,0.08129,0.08070999999999999,0.007186222277289156,123.49463323,0.00029366240143424704,144.37647086
2024-06-21,CLN24,CLQ24,14,0.0,1.0,False,0.08073000000000001,0.08129,-0.006888916225857966,122.64388905,0.00014682042259894779,143.40307086
2024-06-24,CLN24,CLQ24,15,0.0,1.0,False,0.08163,0.08073000000000001,0.01114827201783708,124.01115649,0.0004405259396711436,145.06494008
2024-06-25,CLN24,CLQ24,16,0.0,1.0,False,0.08083,0.08163,-0.009800318510351569,122.79580766,0.00014682042259894779,143.66455596
2024-06-26,CLN24,CLQ24,17,0.0,1.0,False,0.0809,0.08083,0.0008660150934058919,122.90215068,0.00014682042259894779,143.81006452
2024-06-27,CLN24,CLQ24,18,0.0,1.0,False,0.08174,0.0809,0.010383189122373127,124.17826695,0.00014682042259894779,145.32438587
2024-06-28,CLN24,CLQ24,19,0.0,1.0,False,0.08154,0.08174,-0.0024467824810373573,123.87442974,0.00014682042259894779,144.99014529
2024-07-01,CLQ24,CLU24,1,1.0,0.0,False,0.08338,0.08154,0.022565611969585397,126.66973205,0.0004405259396711436,148.32580856
2024-07-02,CLQ24,CLU24,2,1.0,0.0,False,0.08281000000000001,0.08338,-0.006836171743823338,125.80379601,0.00014541273858625914,147.33339632
2024-07-03,CLQ24,CLU24,3,1.0,0.0,False,0.08388,0.08281000000000001,0.012921144789276529,127.42932507,0.00014541273858625914,149.25853661
2024-07-05,CLQ24,CLU24,4,1.0,0.0,False,0.08316,0.08388,-0.008583690987124415,126.33551112,0.00029084662203704426,148.02075879
2024-07-08,CLQ24,CLU24,5,1.0,0.0,False,0.08233,0.08316,-0.009980759980759979,125.07458671,0.00043630165342722904,146.60798083
2024-07-09,CLQ24,CLU24,6,0.8,0.2,False,0.08141,0.08233,-0.011174541479412214,123.67693555,0.00014541273858625914,144.99102253
2024-07-10,CLQ24,CLU24,7,0.6,0.4,False,0.081894,0.08124,0.008050221565730986,124.67256228,0.00014541273858625914,146.17931592
2024-07-11,CLQ24,CLU24,8,0.3999999999999999,0.6000000000000001,False,0.082124,0.08168799999999998,0.005337381255509088,125.33798728,0.00014541273858625914,146.980787
2024-07-12,CLQ24,CLU24,9,0.19999999999999996,0.8,False,0.08149599999999999,0.081876,-0.00464116468806508,124.75627304,0.00014541273858625914,146.31999784
2024-07-15,CLQ24,CLU24,10,0.0,1.0,False,0.081054,0.081258,-0.0025105220409067375,124.44306967,0.00043630165342722904,146.01649792
2024-07-16,CLQ24,CLU24,11,0.0,1.0,False,0.07970999999999999,0.08084000000000001,-0.013978228599703324,122.70357599,0.00014541273858625914,143.99667859
2024-07-17,CLQ24,CLU24,12,0.0,1.0,False,0.08144,0.07970999999999999,0.02170367582486521,125.36669463,0.00014541273858625914,147.14287478
2024-07-18,CLQ24,CLU24,13,0.0,1.0,False,0.0813,0.08144,-0.0017190569744597317,125.15118214,0.00014541273858625914,146.91132424
2024-07-19,CLQ24,CLU24,14,0.0,1.0,False,0.07864,0.0813,-0.032718327183271834,121.05644482,0.00014541273858625914,142.12599425
2024-07-22,CLQ24,CLU24,15,0.0,1.0,False,0.07840000000000001,0.07864,-0.003051881993896166,120.68699484,0.00043630165342722904,141.7542523
2024-07-23,CLQ24,CLU24,16,0.0,1.0,False,0.07696,0.07840000000000001,-0.01836734693877562,118.47029493,0.00014541273858625914,139.17121564
2024-07-24,CLQ24,CLU24,17,0.0,1.0,False,0.07759,0.07696,0.008186070686070801,119.44010114,0.00014541273858625914,140.33071832
2024-07-25,CLQ24,CLU24,18,0.0,1.0,False,0.07828,0.07759,0.00889289856940323,120.50226984,0.00014541273858625914,141.59907103
2024-07-26,CLQ24,CLU24,19,0.0,1.0,False,0.07715999999999999,0.07828,-0.014307613694430343,118.77816991,0.00014541273858625914,139.59371653
2024-07-29,CLQ24,CLU24,20,0.0,1.0,False,0.07581,0.07715999999999999,-0.01749611197511647,116.70001375,0.00043630165342722904,137.21227421
2024-07-30,CLQ24,CLU24,21,0.0,1.0,False,0.07473,0.07581,-0.014246141669964407,115.03748882,0.00014541273858625914,135.27748112
2024-07-31,CLQ24,CLU24,22,0.0,1.0,False,0.07791,0.07473,0.04255319148936154,119.93270111,0.00014541273858625914,141.05364075
2024-08-01,CLU24,CLV24,1,1.0,0.0,False,0.07631,0.07791,-0.020536516493389723,117.46970122,0.00014541273858625914,138.17740133
2024-08-02,CLU24,CLV24,2,1.0,0.0,False,0.07352,0.07631,-0.036561394312672024,113.17484515,0.0001411907798891665,133.14495225
2024-08-05,CLU24,CLV24,3,1.0,0.0,False,0.07293999999999999,0.07352,-0.007889009793253687,112.28200769,0.0004236321469912596,132.1509749
2024-08-06,CLU24,CLV24,4,1.0,0.0,False,0.0732,0.07293999999999999,0.0035645736221552315,112.68224517,0.0001411907798891665,132.64069528
2024-08-07,CLU24,CLV24,5,1.0,0.0,False,0.07523,0.0732,0.027732240437158495,115.80717629,0.0001411907798891665,136.33784658
2024-08-08,CLU24,CLV24,6,0.8,0.2,False,0.07619,0.07523,0.012760866675528337,117.28497623,0.0001411907798891665,138.09688531
2024-08-09,CLU24,CLV24,7,0.6,0.4,False,0.07659400000000001,0.07596,0.008346498156924786,118.26389507,0.0001411907798891665,139.26900872
2024-08-12,CLU24,CLV24,8,0.3999999999999999,0.6000000000000001,False,0.07941999999999999,0.076348,0.040236810394509215,123.02245699,0.0004236321469912596,144.93174824
2024-08-13,CLU24,CLV24,9,0.19999999999999996,0.8,False,0.07741999999999999,0.0791,-0.02123893805309751,120.40959065,0.0001411907798891665,141.87401485
2024-08-14,CLU24,CLV24,10,0.0,1.0,False,0.076068,0.07710999999999998,-0.013513163013876173,118.78247622,0.0001411907798891665,139.97687946
2024-08-15,CLU24,CLV24,11,0.0,1.0,False,0.07698999999999999,0.07584,0.015163502109704519,120.58363455,0.0001411907798891665,142.11918261
2024-08-16,CLU24,CLV24,12,0.0,1.0,False,0.07554000000000001,0.07698999999999999,-0.018833614755162764,118.31260883,0.0001411907798891665,139.46263059
2024-08-19,CLU24,CLV24,13,0.0,1.0,False,0.07366,0.07554000000000001,-0.024887476833465816,115.36810652,0.0004236321469912596,136.05083846
2024-08-20,CLU24,CLV24,14,0.0,1.0,False,0.07317,0.07366,-0.006652185718164616,114.60065645,0.0001411907798891665,135.16501214
2024-08-21,CLU24,CLV24,15,0.0,1.0,False,0.07193000000000001,0.07317,-0.0169468361350279,112.6585379,0.0001411907798891665,132.89347688
2024-08-22,CLU24,CLV24,16,0.0,1.0,False,0.07301,0.07193000000000001,0.015014597525371931,114.3500605,0.0001411907798891665,134.90758228
2024-08-23,CLU24,CLV24,17,0.0,1.0,False,0.07483,0.07301,0.024928092042185934,117.20058933,0.0001411907798891665,138.28961861
2024-08-26,CLU24,CLV24,18,0.0,1.0,False,0.07742,0.07483,0.034611786716557624,121.25711113,0.0004236321469912596,143.13465332
2024-08-27,CLU24,CLV24,19,0.0,1.0,False,0.07553,0.07742,-0.0244122965641953,118.29694657,0.0001411907798891665,139.660617
2024-08-28,CLU24,CLV24,20,0.0,1.0,False,0.07452,0.07553,-0.013372169998675965,116.71505969,0.0001411907798891665,137.81277028
2024-08-29,CLU24,CLV24,21,0.0,1.0,False,0.07590999999999999,0.07452,0.01865271068169605,118.89211193,0.0001411907798891665,140.4028099
2024-08-30,CLU24,CLV24,22,0.0,1.0,False,0.07354999999999999,0.07590999999999999,-0.031089448030562572,115.19582179,0.0001411907798891665,136.05758761
2024-09-03,CLV24,CLX24,1,1.0,0.0,False,0.07034,0.07354999999999999,-0.04364377974167222,110.16824072,0.0005648827398336831,130.19637681
2024-09-04,CLV24,CLX24,2,1.0,0.0,False,0.0692,0.07034,-0.0162069945976685,108.38274464,0.0001321894110604127,128.10349542
2024-09-05,CLV24,CLX24,3,1.0,0.0,False,0.06915,0.0692,-0.0007225433526010239,108.30443341,0.0001321894110604127,128.02786902
2024-09-06,CLV24,CLX24,4,1.0,0.0,False,0.06767000000000001,0.06915,-0.021402747650036136,105.98642095,0.0001321894110604127,125.30464477
2024-09-09,CLV24,CLX24,5,1.0,0.0,False,0.06871,0.06767000000000001,0.015368701049209177,107.61529457,0.00039662065761247867,127.28011281
2024-09-10,CLV24,CLX24,6,0.8,0.2,False,0.06575,0.06871,-0.04307960995488269,102.97926965,0.0001321894110604127,121.81376027
2024-09-11,CLV24,CLX24,7,0.6,0.4,False,0.067168,0.065628,0.023465593953800212,105.39573938,0.0001321894110604127,124.688295
2024-09-12,CLV24,CLX24,8,0.3999999999999999,0.6000000000000001,False,0.06864200000000001,0.067026,0.024110046847492184,107.93683559,0.0001321894110604127,127.7110181
2024-09-13,CLV24,CLX24,9,0.19999999999999996,0.8,False,0.06811,0.06847800000000001,-0.005373988726306345,107.35678425,0.0001321894110604127,127.04158257
2024-09-16,CLV24,CLX24,10,0.0,1.0,False,0.069234,0.06793,0.019196231414691622,109.41762992,0.00039662065761247867,129.5306895
2024-09-17,CLV24,CLX24,11,0.0,1.0,False,0.06996,0.06902,0.013619240799768173,110.90781497,0.0001321894110604127,131.31192174
2024-09-18,CLV24,CLX24,12,0.0,1.0,False,0.06988,0.06996,-0.0011435105774727505,110.78099071,0.0001321894110604127,131.17912321
2024-09-19,CLV24,CLX24,13,0.0,1.0,False,0.07116,0.06988,0.018317115054379052,112.81017886,0.0001321894110604127,133.59928679
2024-09-20,CLV24,CLX24,14,0.0,1.0,False,0.071,0.07116,-0.0022484541877459963,112.55653034,0.0001321894110604127,133.31655532
2024-09-23,CLV24,CLX24,15,0.0,1.0,False,0.07037,0.071,-0.008873239436619551,111.5577893,0.00039662065761247867,132.18648171
2024-09-24,CLV24,CLX24,16,0.0,1.0,False,0.07156,0.07037,0.016910615319027933,113.44430016,0.0001321894110604127,134.4393101
2024-09-25,CLV24,CLX24,17,0.0,1.0,False,0.06969,0.07156,-0.026131917272219085,110.47978309,0.0001321894110604127,130.94392462
2024-09-26,CLV24,CLX24,18,0.0,1.0,False,0.06767000000000001,0.06969,-0.02898550724637672,107.27747054,0.0001321894110604127,127.16575795
2024-09-27,CLV24,CLX24,19,0.0,1.0,False,0.06818,0.06767000000000001,0.007536574552977626,108.08597519,0.0001321894110604127,128.14096213
2024-09-30,CLV24,CLX24,20,0.0,1.0,False,0.06817000000000001,0.06818,-0.0001466705778819799,108.07012216,0.00039662065761247867,128.17299098
2024-10-01,CLX24,CLZ24,1,1.0,0.0,False,0.06983,0.06817000000000001,0.024350887487164297,110.70172555,0.0001321894110604127,131.31106018
2024-10-02,CLX24,CLZ24,2,1.0,0.0,False,0.0701,0.06983,0.0038665330087352956,111.12975743,0.0001262863107172052,131.83536152
2024-10-03,CLX24,CLZ24,3,1.0,0.0,False,0.07371,0.0701,0.051497860199714696,116.85270214,0.0001262863107172052,138.64124954
2024-10-04,CLX24,CLZ24,4,1.0,0.0,False,0.07438,0.07371,0.009089675756342563,117.91485531,0.0001262863107172052,139.91896203
2024-10-07,CLX24,CLZ24,5,1.0,0.0,False,0.07714,0.07438,0.03710674912610923,122.29029226,0.0003789067788626532,145.16391609
2024-10-08,CLX24,CLZ24,6,0.8,0.2,False,0.07357,0.07714,-0.04627949183303093,116.63075968,0.0001262863107172052,138.46413604
2024-10-09,CLX24,CLZ24,7,0.6,0.4,False,0.07311000000000001,0.073452,-0.004656101944126689,116.08771497,0.0001262863107172052,137.83691903
2024-10-10,CLX24,CLZ24,8,0.3999999999999999,0.6000000000000001,False,0.07555400000000001,0.07298,0.0352699369690328,120.18212136,0.0001262863107172052,142.71582539
2024-10-11,CLX24,CLZ24,9,0.19999999999999996,0.8,False,0.075134,0.075406,-0.0036071400153833144,119.74860762,0.0001262863107172052,142.21905248
2024-10-14,CLX24,CLZ24,10,0.0,1.0,False,0.073358,0.074992,-0.02178899082568808,117.13940631,0.0003789067788626532,139.17413062
2024-10-15,CLX24,CLZ24,11,0.0,1.0,False,0.07001,0.07324,-0.04410158383397045,111.97337296,0.0001262863107172052,133.05390682
2024-10-16,CLX24,CLZ24,12,0.0,1.0,False,0.06982,0.07001,-0.002713898014569449,111.66948865,0.0001262863107172052,132.70961498
2024-10-17,CLX24,CLZ24,13,0.0,1.0,False,0.07009,0.06982,0.0038670867946148935,112.10132425,0.0001262863107172052,133.23957398
2024-10-18,CLX24,CLZ24,14,0.0,1.0,False,0.06869,0.07009,-0.01997431873305744,109.86217667,0.0001262863107172052,130.5950306
2024-10-21,CLX24,CLZ24,15,0.0,1.0,False,0.07004,0.06869,0.019653515795603482,112.02135469,0.0003789067788626532,133.21116543
2024-10-22,CLX24,CLZ24,16,0.0,1.0,False,0.07174,0.07004,0.024271844660194164,114.74031961,0.0001262863107172052,136.46126889
2024-10-23,CLX24,CLZ24,17,0.0,1.0,False,0.07077,0.07174,-0.013521048229718446,113.18891021,0.0001262863107172052,134.63340268
2024-10-24,CLX24,CLZ24,18,0.0,1.0,False,0.07019,0.07077,-0.008195563091705438,112.26126336,0.0001262863107172052,133.5470085
2024-10-25,CLX24,CLZ24,19,0.0,1.0,False,0.07178,0.07019,0.022652799544094604,114.80429526,0.0001262863107172052,136.58908728
2024-10-28,CLX24,CLZ24,20,0.0,1.0,False,0.06738,0.07178,-0.06129841181387574,107.76697429,0.0003789067788626532,128.26814769
2024-10-29,CLX24,CLZ24,21,0.0,1.0,False,0.06720999999999999,0.06738,-0.0025230038587118475,107.4950778,0.0001262863107172052,127.96072517
2024-10-30,CLX24,CLZ24,22,0.0,1.0,False,0.06861,0.06720999999999999,0.020830233596191183,109.73422538,0.0001262863107172052,130.64233665
2024-10-31,CLX24,CLZ24,23,0.0,1.0,False,0.06926,0.06861,0.009473837632998139,110.77382961,0.0001262863107172052,131.89651927
2024-11-01,CLZ24,CLF25,1,1.0,0.0,False,0.06949,0.06926,0.003320820098180688,111.14168957,0.0001262863107172052,132.35118061
2024-11-04,CLZ24,CLF25,2,1.0,0.0,False,0.07147,0.06949,0.028493308389696548,114.30848401,0.0003704750515676203,136.17133643
2024-11-05,CLZ24,CLF25,3,1.0,0.0,False,0.07199,0.07147,0.007275780047572233,115.1401674,0.0001234764367978869,137.17890308
2024-11-06,CLZ24,CLF25,4,1.0,0.0,False,0.07169,0.07199,-0.004167245450756973,114.66035006,0.0001234764367978869,136.62418328
2024-11-07,CLZ24,CLF25,5,1.0,0.0,False,0.07236,0.07169,0.009345794392523255,115.73194212,0.0001234764367978869,137.91791468
2024-11-08,CLZ24,CLF25,6,0.8,0.2,False,0.07038,0.07236,-0.02736318407960192,112.56514768,0.0001234764367978869,134.161071
2024-11-11,CLZ24,CLF25,7,0.6,0.4,False,0.06801600000000001,0.070326,-0.03284702670420603,108.86771727,0.0003704750515676203,129.80398205
2024-11-12,CLZ24,CLF25,8,0.3999999999999999,0.6000000000000001,False,0.06806000000000001,0.067992,0.0010001176609013562,108.9765978,0.0001234764367978869,129.94982904
2024-11-13,CLZ24,CLF25,9,0.19999999999999996,0.8,False,0.068328,0.06803000000000001,0.004380420402763319,109.45396111,0.0001234764367978869,130.53510966
2024-11-14,CLZ24,CLF25,10,0.0,1.0,False,0.06856400000000001,0.06829400000000001,0.003953495182593025,109.88668682,0.0001234764367978869,131.0672976
2024-11-15,CLZ24,CLF25,11,0.0,1.0,False,0.06692000000000001,0.06853000000000001,-0.023493360572012234,107.30507926,0.0001234764367978869,128.00427004
2024-11-18,CLZ24,CLF25,12,0.0,1.0,False,0.06917,0.06692000000000001,0.03362223550508059,110.91291591,0.0003704750515676203,132.35548215
2024-11-19,CLZ24,CLF25,13,0.0,1.0,False,0.06924,0.06917,0.0010119994217145933,111.02515972,0.0001234764367978869,132.50576861
2024-11-20,CLZ24,CLF25,14,0.0,1.0,False,0.06875,0.06924,-0.007076834199884363,110.23945307,0.0001234764367978869,131.58440859
2024-11-21,CLZ24,CLF25,15,0.0,1.0,False,0.0701,0.06875,0.019636363636363452,112.40415506,0.0001234764367978869,134.18449546
2024-11-22,CLZ24,CLF25,16,0.0,1.0,False,0.07124,0.0701,0.01626248216833104,114.23212563,0.0001234764367978869,136.38323705
2024-11-25,CLZ24,CLF25,17,0.0,1.0,False,0.06894,0.07124,-0.03228523301515995,110.54411484,0.0003704750515676203,132.03059905
2024-11-26,CLZ24,CLF25,18,0.0,1.0,False,0.06877,0.06894,-0.0024659123875834243,110.27152274,0.0001234764367978869,131.72132583
2024-11-27,CLZ24,CLF25,19,0.0,1.0,False,0.06872,0.06877,-0.0007270612185544811,110.19134859,0.0001234764367978869,131.64182084
2024-11-29,CLZ24,CLF25,20,0.0,1.0,False,0.068,0.06872,-0.010477299185098876,109.03684086,0.0002469681200263363,130.29508143
2024-12-02,CLF25,CLG25,1,1.0,0.0,False,0.0681,0.068,0.0014705882352938904,109.19718916,0.0003704750515676203,130.53496293
2024-12-03,CLF25,CLG25,2,1.0,0.0,False,0.06994,0.0681,0.027019089574155775,112.1475978,0.0001195438330729992,134.07750344
2024-12-04,CLF25,CLG25,3,1.0,0.0,False,0.06854,0.06994,-0.020017157563625987,109.90272166,0.0001195438330729992,131.40968106
2024-12-05,CLF25,CLG25,4,1.0,0.0,False,0.0683,0.06854,-0.0035016049022469353,109.51788575,0.0001195438330729992,130.96524549
2024-12-06,CLF25,CLG25,5,1.0,0.0,False,0.06720000000000001,0.0683,-0.016105417276720213,107.7540545,0.0001195438330729992,128.87165165
2024-12-09,CLF25,CLG25,6,0.8,0.2,False,0.06837,0.06720000000000001,0.017410714285714057,109.63012956,0.0003586743731114339,131.16162212
2024-12-10,CLF25,CLG25,7,0.6,0.4,False,0.068526,0.068314,0.003103317036039499,109.97034661,0.0001195438330729992,131.58433778
2024-12-11,CLF25,CLG25,8,0.3999999999999999,0.6000000000000001,False,0.070122,0.068462,0.02424702754812902,112.63680063,0.0001195438330729992,134.79059693
2024-12-12,CLF25,CLG25,9,0.19999999999999996,0.8,False,0.069804,0.070038,-0.003341043433564561,112.26047619,0.0001195438330729992,134.35636908
2024-12-13,CLF25,CLG25,10,0.0,1.0,False,0.07091399999999999,0.069732,0.016950610910342334,114.16335984,0.0001195438330729992,136.64985309
2024-12-16,CLF25,CLG25,11,0.0,1.0,False,0.07029,0.07082,-0.007483761649251464,113.30898847,0.0003586743731114339,135.67621097
2024-12-17,CLF25,CLG25,12,0.0,1.0,False,0.06965,0.07029,-0.009105135865699276,112.27729474,0.0001195438330729992,134.4570799
2024-12-18,CLF25,CLG25,13,0.0,1.0,False,0.07002,0.06965,0.0053122756640344715,112.87374268,0.0001195438330729992,135.18742649
2024-12-19,CLF25,CLG25,14,0.0,1.0,False,0.06938,0.07002,-0.009140245644101763,111.84204895,0.0001195438330729992,133.96794103
2024-12-20,CLF25,CLG25,15,0.0,1.0,False,0.06946,0.06938,0.0011530700490054446,111.97101067,0.0001195438330729992,134.1384305
2024-12-23,CLF25,CLG25,16,0.0,1.0,False,0.06924,0.06946,-0.0031672905269219953,111.61636595,0.0003586743731114339,133.76168714
2024-12-24,CLF25,CLG25,17,0.0,1.0,False,0.0701,0.06924,0.012420566146736034,113.00270441,0.0001195438330729992,135.43907341
2024-12-26,CLF25,CLG25,18,0.0,1.0,False,0.06962,0.0701,-0.006847360912981326,112.22893411,0.00023910195687393276,134.54405694
2024-12-27,CLF25,CLG25,19,0.0,1.0,False,0.0706,0.06962,0.014076414823326555,113.80871514,0.0001195438330729992,136.45403881
2024-12-30,CLF25,CLG25,20,0.0,1.0,False,0.07099,0.0706,0.005524079320113229,114.43740351,0.0003586743731114339,137.25676431
2024-12-31,CLF25,CLG25,21,0.0,1.0,False,0.07099,0.07099,0.0,114.43740351,0.0001195438330729992,137.27317251
2025-01-02,CLG25,CLH25,1,1.0,0.0,False,0.07313,0.07099,0.030145090857867318,117.88712944,0.00023910195687393276,141.44410706
2025-01-03,CLG25,CLH25,2,1.0,0.0,False,0.07396,0.07313,0.011349651305893493,119.22510725,0.00011757806457302067,143.06607908
2025-01-06,CLG25,CLH25,3,1.0,0.0,False,0.07356,0.07396,-0.005408328826392639,118.58029867,0.00035277566914859726,142.34280092
2025-01-07,CLG25,CLH25,4,1.0,0.0,False,0.07425,0.07356,0.009380097879282179,119.69259348,0.00011757806457302067,143.69472672
2025-01-08,CLG25,CLH25,5,1.0,0.0,False,0.07332,0.07425,-0.012525252525252495,118.19341352,0.00011757806457302067,141.91180933
2025-01-09,CLG25,CLH25,6,0.8,0.2,False,0.07392,0.07332,0.008183306055646433,119.1606264,0.00011757806457302067,143.08980282
2025-01-10,CLG25,CLH25,7,0.6,0.4,False,0.076406,0.073784,0.03553615960099754,123.39513744,0.00011757806457302067,148.19148911
2025-01-13,CLG25,CLH25,8,0.3999999999999999,0.6000000000000001,False,0.07821199999999999,0.076242,0.025838776527373097,126.58351682,0.00035277566914859726,152.07285423
2025-01-14,CLG25,CLH25,9,0.19999999999999996,0.8,False,0.076822,0.07790799999999999,-0.013939518406325235,124.81900356,0.00011757806457302067,149.97091231
2025-01-15,CLG25,CLH25,10,0.0,1.0,False,0.07897599999999999,0.07659600000000001,0.03107211864849302,128.69739445,0.00011757806457302067,154.64845958
2025-01-16,CLG25,CLH25,11,0.0,1.0,False,0.07784999999999999,0.07870999999999999,-0.010926184728751065,127.29122294,0.00011757806457302067,152.9769252
2025-01-17,CLG25,CLH25,12,0.0,1.0,False,0.07739,0.07784999999999999,-0.005908798972382612,126.53908469,0.00011757806457302067,152.09100203
2025-01-21,CLG25,CLH25,13,0.0,1.0,False,0.07583,0.07739,-0.020157643106344603,123.98835498,0.00047039521240210824,149.09674877
2025-01-22,CLG25,CLH25,14,0.0,1.0,False,0.07544,0.07583,-0.00514308321244894,123.35067255,0.00011757806457302067,148.34746229
2025-01-23,CLG25,CLH25,15,0.0,1.0,False,0.07462,0.07544,-0.01086956521739113,122.00990437,0.00011757806457302067,146.75243228
2025-01-24,CLG25,CLH25,16,0.0,1.0,False,0.07465999999999999,0.07462,0.0005360493165369462,122.0753077,0.00011757806457302067,146.84835369
2025-01-27,CLG25,CLH25,17,0.0,1.0,False,0.07317,0.07465999999999999,-0.01995713903027041,119.63903381,0.00035277566914859726,143.9694852
2025-01-28,CLG25,CLH25,18,0.0,1.0,False,0.07377,0.07317,0.00820008200082012,120.6200837,0.00011757806457302067,145.16697444
2025-01-29,CLG25,CLH25,19,0.0,1.0,False,0.07262,0.07377,-0.01558899281550763,118.73973808,0.00011757806457302067,142.92103597
2025-01-30,CLG25,CLH25,20,0.0,1.0,False,0.07273,0.07262,0.001514734232993753,118.91959723,0.00011757806457302067,143.15432774
2025-01-31,CLG25,CLH25,21,0.0,1.0,False,0.07253,0.07273,-0.002749896878867175,118.5925806,0.00011757806457302067,142.77749991
2025-02-03,CLH25,CLJ25,1,1.0,0.0,False,0.07316,0.07253,0.008686060940300555,119.62268298,0.00035277566914859726,144.0680424
2025-02-04,CLH25,CLJ25,2,1.0,0.0,False,0.0727,0.07316,-0.006287588846364156,118.87054473,0.00011785886688198133,143.17918148
2025-02-05,CLH25,CLJ25,3,1.0,0.0,False,0.07103,0.0727,-0.022971114167812945,116.13995588,0.00011785886688198133,139.9070711
2025-02-06,CLH25,CLJ25,4,1.0,0.0,False,0.07061,0.07103,-0.005912994509362113,115.45322096,0.00011785886688198133,139.09629065
2025-02-07,CLH25,CLJ25,5,1.0,0.0,False,0.071,0.07061,0.005523296983430015,116.09090339,0.00011785886688198133,139.88095451
2025-02-10,CLH25,CLJ25,6,0.8,0.2,False,0.07232,0.071,0.018591549295774668,118.24921314,0.0003536182744208194,142.53102263
2025-02-11,CLH25,CLJ25,7,0.6,0.4,False,0.073272,0.072258,0.014033048243793145,119.90861005,0.00011785886688198133,144.54796589
2025-02-12,CLH25,CLJ25,8,0.3999999999999999,0.6000000000000001,False,0.07131799999999999,0.073224,-0.026029717032666988,116.78742286,0.00011785886688198133,140.8024595
2025-02-13,CLH25,CLJ25,9,0.19999999999999996,0.8,False,0.0712,0.071292,-0.0012904673736182648,116.6367125,0.00011785886688198133,140.63735334
2025-02-14,CLH25,CLJ25,10,0.0,1.0,False,0.070716,0.07117,-0.006379092314177215,115.89267614,0.00011785886688198133,139.75679003
2025-02-18,CLH25,CLJ25,11,0.0,1.0,False,0.07183,0.07071,0.01583934379861418,117.72834008,0.0004715188183521679,142.03634383
2025-02-19,CLH25,CLJ25,12,0.0,1.0,False,0.0721,0.07183,0.003758875121815386,118.17086621,0.00011785886688198133,142.58698095
2025-02-20,CLH25,CLJ25,13,0.0,1.0,False,0.07248,0.0721,0.005270457697642339,118.79368076,0.00011785886688198133,143.35528474
2025-02-21,CLH25,CLJ25,14,0.0,1.0,False,0.0704,0.07248,-0.028697571743929284,115.38459058,0.00011785886688198133,139.25823186
2025-02-24,CLH25,CLJ25,15,0.0,1.0,False,0.0707,0.0704,0.0042613636363635354,115.87628628,0.0003536182744208194,139.90090608
2025-02-25,CLH25,CLJ25,16,0.0,1.0,False,0.06893,0.0707,-0.02503536067892498,112.97528166,0.00011785886688198133,136.414925
2025-02-26,CLH25,CLJ25,17,0.0,1.0,False,0.06862,0.06893,-0.004497316117800687,112.4671961,0.00011785886688198133,135.81750166
2025-02-27,CLH25,CLJ25,18,0.0,1.0,False,0.07035,0.06862,0.025211308656368336,115.30264129,0.00011785886688198133,139.25764591
2025-02-28,CLH25,CLJ25,19,0.0,1.0,False,0.06976,0.07035,-0.008386638237384392,114.33563975,0.00011785886688198133,138.10615516
2025-03-03,CLJ25,CLK25,1,1.0,0.0,False,0.06837,0.06976,-0.019925458715596367,112.05744968,0.0003536182744208194,135.40316353
2025-03-04,CLJ25,CLK25,2,1.0,0.0,False,0.06826,0.06837,-0.001608892789235039,111.87716126,0.00011729726951736907,135.20119678
2025-03-05,CLJ25,CLK25,3,1.0,0.0,False,0.06631000000000001,0.06826,-0.028567242894813827,108.68113922,0.00011729726951736907,131.35473008
2025-03-06,CLJ25,CLK25,4,1.0,0.0,False,0.06636,0.06631000000000001,0.0007540340823404268,108.7630885,0.00011729726951736907,131.46918357
2025-03-07,CLJ25,CLK25,5,1.0,0.0,False,0.06704,0.06636,0.010247136829415249,109.87759875,0.00011729726951736907,132.83178726
2025-03-10,CLJ25,CLK25,6,0.8,0.2,False,0.06603,0.06704,-0.01506563245823389,108.22222323,0.0003519330861141423,130.87734027
2025-03-11,CLJ25,CLK25,7,0.6,0.4,False,0.06618600000000001,0.06596000000000002,0.0034263189812004935,108.59302709,0.00011729726951736907,131.34111934
2025-03-12,CLJ25,CLK25,8,0.3999999999999999,0.6000000000000001,False,0.06756,0.066122,0.021747678533619696,110.95467333,0.00011729726951736907,134.21288973
2025-03-13,CLJ25,CLK25,9,0.19999999999999996,0.8,False,0.066382,0.0675,-0.016562962962963113,109.11693519,0.00011729726951736907,132.00566942
2025-03-14,CLJ25,CLK25,10,0.0,1.0,False,0.066964,0.066326,0.009619153876307962,110.16654778,0.00011729726951736907,133.29093617
2025-03-17,CLJ25,CLK25,11,0.0,1.0,False,0.06737,0.06691,0.006874906590943031,110.92393251,0.0003519330861141423,134.2542084
2025-03-18,CLJ25,CLK25,12,0.0,1.0,False,0.06675,0.06737,-0.009202909306813,109.90310962,0.00011729726951736907,133.03442675
2025-03-19,CLJ25,CLK25,13,0.0,1.0,False,0.06691,0.06675,0.00239700374531826,110.16654779,0.00011729726951736907,133.36891535
2025-03-20,CLJ25,CLK25,14,0.0,1.0,False,0.06806999999999999,0.06691,0.017336720968464947,112.07647449,0.00011729726951736907,135.69673883
2025-03-21,CLJ25,CLK25,15,0.0,1.0,False,0.06828000000000001,0.06806999999999999,0.0030850594975762036,112.42223708,0.00011729726951736907,136.1312882
2025-03-24,CLJ25,CLK25,16,0.0,1.0,False,0.06911,0.06828000000000001,0.012155828939660163,113.78882256,0.0003519330861141423,137.83398595
2025-03-25,CLJ25,CLK25,17,0.0,1.0,False,0.069,0.06911,-0.001591665460859537,113.60770882,0.00011729726951736907,137.6307679
2025-03-26,CLJ25,CLK25,18,0.0,1.0,False,0.06965,0.069,0.009420289855072372,114.67792637,0.00011729726951736907,138.94343334
2025-03-27,CLJ25,CLK25,19,0.0,1.0,False,0.06992,0.06965,0.0038765254845656294,115.12247827,0.00011729726951736907,139.49834878
2025-03-28,CLJ25,CLK25,20,0.0,1.0,False,0.06936,0.06992,-0.008009153318077722,114.20044469,0.00011729726951736907,138.39744789
2025-03-31,CLJ25,CLK25,21,0.0,1.0,False,0.07148,0.06936,0.030565167243367997,117.69100038,0.0003519330861141423,142.67629567
2025-04-01,CLK25,CLM25,1,1.0,0.0,False,0.0712,0.07148,-0.003917179630665957,117.22998359,0.00011729726951736907,142.13414253
2025-04-02,CLK25,CLM25,2,1.0,0.0,False,0.07171,0.0712,0.007162921348314644,118.06969274,0.00011757806457302067,143.16895007
2025-04-03,CLK25,CLM25,3,1.0,0.0,False,0.06695000000000001,0.07171,-0.06637846883279863,110.23240732,0.00011757806457302067,133.68244791
2025-04-04,CLK25,CLM25,4,1.0,0.0,False,0.06199,0.06695000000000001,-0.07408513816280815,102.06582419,0.00011757806457302067,123.79428341
2025-04-07,CLK25,CLM25,5,1.0,0.0,False,0.060700000000000004,0.06199,-0.02080980803355381,99.94185398,0.00035277566914859726,121.26181975
2025-04-08,CLK25,CLM25,6,0.8,0.2,False,0.05958,0.060700000000000004,-0.01845140032948933,98.09778682,0.00011757806457302067,119.0386271
2025-04-09,CLK25,CLM25,7,0.6,0.4,False,0.06224400000000001,0.05948400000000001,0.04639903167238235,102.64942914,0.00011757806457302067,124.57590046
2025-04-10,CLK25,CLM25,8,0.3999999999999999,0.6000000000000001,False,0.059894,0.062138,-0.036113167465962825,98.94243312,0.00011757806457302067,120.0917175
2025-04-11,CLK25,CLM25,9,0.19999999999999996,0.8,False,0.06114,0.059806,0.022305454302243843,101.14938904,0.00011757806457302067,122.78453797
2025-04-14,CLK25,CLM25,10,0.0,1.0,False,0.061146,0.06102,0.0020648967551621933,101.35825209,0.00035277566914859726,123.08139077
2025-04-15,CLK25,CLM25,11,0.0,1.0,False,0.06075,0.06105,-0.004914004914004955,100.86017714,0.00011757806457302067,122.49103988
2025-04-16,CLK25,CLM25,12,0.0,1.0,False,0.061829999999999996,0.06075,0.01777777777777767,102.65324696,0.00011757806457302067,124.68306063
2025-04-17,CLK25,CLM25,13,0.0,1.0,False,0.06401000000000001,0.061829999999999996,0.03525796538896997,106.27259159,0.00011757806457302067,129.09379166
2025-04-21,CLK25,CLM25,14,0.0,1.0,False,0.06240999999999999,0.06401000000000001,-0.024996094360256516,103.61619186,0.00047039521240210824,125.92767616
2025-04-22,CLK25,CLM25,15,0.0,1.0,False,0.06367,0.06240999999999999,0.020189072264060526,105.70810665,0.00011757806457302067,128.48484545
2025-04-23,CLK25,CLM25,16,0.0,1.0,False,0.062270000000000006,0.06367,-0.0219883775718549,103.38375689,0.00011757806457302067,125.67477916
2025-04-24,CLK25,CLM25,17,0.0,1.0,False,0.06279,0.062270000000000006,0.008350730688935215,104.2470868,0.00011757806457302067,126.73903199
2025-04-25,CLK25,CLM25,18,0.0,1.0,False,0.06302,0.06279,0.003663003663003872,104.62894426,0.00011757806457302067,127.21817926
2025-04-28,CLK25,CLM25,19,0.0,1.0,False,0.062049999999999994,0.06302,-0.015391939066963012,103.01850193,0.00035277566914859726,125.30492428
2025-04-29,CLK25,CLM25,20,0.0,1.0,False,0.06042,0.062049999999999994,-0.026269137792103048,100.31229471,0.00011757806457302067,122.02800507
2025-04-30,CLK25,CLM25,21,0.0,1.0,False,0.05821,0.06042,-0.036577292287322094,96.64314259,0.00011757806457302067,117.57889888
2025-05-01,CLM25,CLN25,1,1.0,0.0,False,0.05924,0.05821,0.017694554200309298,98.35319991,0.00011757806457302067,119.67322977
2025-05-02,CLM25,CLN25,2,1.0,0.0,False,0.05829,0.05924,-0.016036461850101325,96.77596257,0.00011926298723730078,117.76836717
2025-05-05,CLM25,CLN25,3,1.0,0.0,False,0.05713,0.05829,-0.01990049751243783,94.85007277,0.00035783163438862786,115.46685932
2025-05-06,CLM25,CLN25,4,1.0,0.0,False,0.059090000000000004,0.05713,0.034307719236828405,98.10416244,0.00011926298723730078,119.44203484
2025-05-07,CLM25,CLN25,5,1.0,0.0,False,0.058070000000000004,0.059090000000000004,-0.017261804027754235,96.41070761,0.00011926298723730078,117.39449485
2025-05-08,CLM25,CLN25,6,0.8,0.2,False,0.05991,0.058070000000000004,0.03168589633201302,99.4655673,0.00011926298723730078,121.12824547
2025-05-09,CLM25,CLN25,7,0.6,0.4,False,0.06093200000000001,0.059831999999999996,0.018384810803583562,101.29422294,0.00011926298723730078,123.36961147
2025-05-12,CLM25,CLN25,8,0.3999999999999999,0.6000000000000001,False,0.061794,0.060843999999999995,0.015613700611399661,102.87580061,0.00035783163438862786,125.3400132
2025-05-13,CLM25,CLN25,9,0.19999999999999996,0.8,False,0.063418,0.06171600000000001,0.027577937649879924,105.71290302,0.00011926298723730078,128.81158069
2025-05-14,CLM25,CLN25,10,0.0,1.0,False,0.062774,0.063334,-0.008842012189345438,104.77818824,0.00011926298723730078,127.68798957
2025-05-15,CLM25,CLN25,11,0.0,1.0,False,0.061149999999999996,0.06268,-0.024409700063816264,102.22058409,0.00011926298723730078,124.58639249
2025-05-16,CLM25,CLN25,12,0.0,1.0,False,0.06197,0.061149999999999996,0.013409648405560137,103.59132618,0.00011926298723730078,126.27191075
2025-05-19,CLM25,CLN25,13,0.0,1.0,False,0.06214,0.06197,0.002743262869130181,103.87550442,0.00035783163438862786,126.66349188
2025-05-20,CLM25,CLN25,14,0.0,1.0,False,0.06203,0.06214,-0.0017701963308657254,103.69162438,0.00011926298723730078,126.45437889
2025-05-21,CLM25,CLN25,15,0.0,1.0,False,0.06157,0.06203,-0.007415766564565551,102.9226715,0.00011926298723730078,125.53170406
2025-05-22,CLM25,CLN25,16,0.0,1.0,False,0.061200000000000004,0.06157,-0.006009420172161661,102.30416592,0.00011926298723730078,124.79230259
2025-05-23,CLM25,CLN25,17,0.0,1.0,False,0.06153,0.061200000000000004,0.005392156862745079,102.85580603,0.00011926298723730078,125.48008536
2025-05-27,CLM25,CLN25,18,0.0,1.0,False,0.06089,0.06153,-0.010401430196652073,101.78595854,0.00047713729769549573,124.23478424
2025-05-28,CLM25,CLN25,19,0.0,1.0,False,0.061840000000000006,0.06089,0.01560190507472492,103.3740134,0.00011926298723730078,126.18790016
2025-05-29,CLM25,CLN25,20,0.0,1.0,False,0.06094,0.061840000000000006,-0.014553686934023369,101.86954037,0.00011926298723730078,124.36645051
2025-05-30,CLM25,CLN25,21,0.0,1.0,False,0.06079,0.06094,-0.0024614374794881266,101.61879487,0.00011926298723730078,124.07516259
2025-06-02,CLN25,CLQ25,1,1.0,0.0,False,0.06252,0.06079,0.028458628063826374,104.51072636,0.00035783163438862786,127.65056952
2025-06-03,CLN25,CLQ25,2,1.0,0.0,False,0.06341,0.06252,0.014235444657709317,105.99848302,0.0001181396764444731,129.48281273
2025-06-04,CLN25,CLQ25,3,1.0,0.0,False,0.06285,0.06341,-0.008831414603374776,105.06236647,0.0001181396764444731,128.35459339
2025-06-05,CLN25,CLQ25,4,1.0,0.0,False,0.06337,0.06285,0.008273667462211476,105.93161755,0.0001181396764444731,129.43172038
2025-06-06,CLN25,CLQ25,5,1.0,0.0,False,0.06458,0.06337,0.019094208616064368,107.95429795,0.0001181396764444731,131.91840767
2025-06-09,CLN25,CLQ25,6,0.8,0.2,False,0.06529,0.06458,0.01099411582533305,109.14116001,0.00035446090193214097,133.41549385
2025-06-10,CLN25,CLQ25,7,0.6,0.4,False,0.064766,0.065076,-0.004763660950273363,108.62124853,0.0001181396764444731,132.79570934
2025-06-11,CLN25,CLQ25,8,0.3999999999999999,0.6000000000000001,False,0.06765,0.064552,0.047992316272152724,113.83423384,0.0001181396764444731,139.18457146
2025-06-12,CLN25,CLQ25,9,0.19999999999999996,0.8,False,0.0672,0.0674,-0.0029673590504452063,113.4964468,0.0001181396764444731,138.78800409
2025-06-13,CLN25,CLQ25,10,0.0,1.0,False,0.071628,0.06692000000000001,0.07035265989240869,121.48122372,0.0001181396764444731,148.56850571
2025-06-16,CLN25,CLQ25,11,0.0,1.0,False,0.07025,0.07129,-0.014588301304530815,119.70901903,0.00035446090193214097,146.45380532
2025-06-17,CLN25,CLQ25,12,0.0,1.0,False,0.07327,0.07025,0.04298932384341625,124.85522882,0.0001181396764444731,152.76705739
2025-06-18,CLN25,CLQ25,13,0.0,1.0,False,0.0735,0.07327,0.0031390746553841,125.2471587,0.0001181396764444731,153.26465243
2025-06-20,CLN25,CLQ25,14,0.0,1.0,False,0.07384,0.0735,0.004625850340136184,125.82653331,0.00023629330987229302,154.00984718
2025-06-23,CLN25,CLQ25,15,0.0,1.0,False,0.06851,0.07384,-0.07218309859154937,116.74398425,0.00035446090193214097,142.94752967
2025-06-24,CLN25,CLQ25,16,0.0,1.0,False,0.06437000000000001,0.06851,-0.06042913443292941,109.68924633,0.0001181396764444731,134.32622196
2025-06-25,CLN25,CLQ25,17,0.0,1.0,False,0.06492,0.06437000000000001,0.008544352959453105,110.62646997,0.0001181396764444731,135.48982187
2025-06-26,CLN25,CLQ25,18,0.0,1.0,False,0.06523999999999999,0.06492,0.004929143561305915,111.17176372,0.0001181396764444731,136.17367737
2025-06-27,CLN25,CLQ25,19,0.0,1.0,False,0.06552,0.06523999999999999,0.0042918454935623185,111.64889575,0.0001181396764444731,136.77420126
2025-06-30,CLN25,CLQ25,20,0.0,1.0,False,0.06511,0.06552,-0.006257631257631124,110.95023813,0.00035446090193214097,135.96679985
2025-07-01,CLQ25,CLU25,1,1.0,0.0,False,0.06545000000000001,0.06511,0.005221932114882533,111.52961274,0.0001181396764444731,136.69287232
2025-07-02,CLQ25,CLU25,2,1.0,0.0,False,0.06745,0.06545000000000001,0.030557677616500856,114.93769869,0.00011842049326094006,140.88607628
2025-07-03,CLQ25,CLU25,3,1.0,0.0,False,0.067,0.06745,-0.006671608598962098,114.17087935,0.00011842049326094006,139.96282332
2025-07-07,CLQ25,CLU25,4,1.0,0.0,False,0.06793,0.067,0.013880597014925389,115.75563932,0.0004737661201661414,141.97190051
2025-07-08,CLQ25,CLU25,5,1.0,0.0,False,0.06833,0.06793,0.005888414544383824,116.43725651,0.00011842049326094006,142.8247023
2025-07-09,CLQ25,CLU25,6,0.8,0.2,False,0.06838,0.06833,0.0007317430118540802,116.52245866,0.00011842049326094006,142.94612665
2025-07-10,CLQ25,CLU25,7,0.6,0.4,False,0.066332,0.068098,-0.025933213897618157,113.50065682,0.00011842049326094006,139.25600193
2025-07-11,CLQ25,CLU25,8,0.3999999999999999,0.6000000000000001,False,0.067886,0.06609399999999999,0.0271128998093626,116.57798876,0.00011842049326094006,143.04812673
2025-07-14,CLQ25,CLU25,9,0.19999999999999996,0.8,False,0.066278,0.067604,-0.01961422401041346,114.29140197,0.00035530355168322814,140.29317423
2025-07-15,CLQ25,CLU25,10,0.0,1.0,False,0.0656,0.066044,-0.0067227908666949165,113.52304478,0.00011842049326094006,139.36662615
2025-07-16,CLQ25,CLU25,11,0.0,1.0,False,0.06519,0.06537000000000001,-0.002753556677375202,113.21045264,0.00011842049326094006,138.99937611
2025-07-17,CLQ25,CLU25,12,0.0,1.0,False,0.06623,0.06519,0.01595336708084072,115.01654055,0.00011842049326094006,141.23334456
2025-07-18,CLQ25,CLU25,13,0.0,1.0,False,0.06605,0.06623,-0.002717801600483183,114.70394841,0.00011842049326094006,140.86622527
2025-07-21,CLQ25,CLU25,14,0.0,1.0,False,0.06595000000000001,0.06605,-0.0015140045420134474,114.53028611,0.00035530355168322814,140.70300343
2025-07-22,CLQ25,CLU25,15,0.0,1.0,False,0.06531,0.06595000000000001,-0.009704321455648257,113.4188474,0.00011842049326094006,139.35423838
2025-07-23,CLQ25,CLU25,16,0.0,1.0,False,0.06525,0.06531,-0.0009186954524575963,113.31465002,0.00011842049326094006,139.24271667
2025-07-24,CLQ25,CLU25,17,0.0,1.0,False,0.06603,0.06525,0.011954022988505786,114.66921595,0.00011842049326094006,140.9237165
2025-07-25,CLQ25,CLU25,18,0.0,1.0,False,0.06516,0.06603,-0.01317582916855986,113.15835395,0.00011842049326094006,139.08361794
2025-07-28,CLQ25,CLU25,19,0.0,1.0,False,0.06670999999999999,0.06516,0.02378759975445055,115.85011958,0.00035530355168322814,142.44150028
2025-07-29,CLQ25,CLU25,20,0.0,1.0,False,0.06921,0.06670999999999999,0.037475640833458224,120.19167705,0.00011842049326094006,147.79645477
2025-07-30,CLQ25,CLU25,21,0.0,1.0,False,0.07,0.06921,0.011414535471752751,121.56360921,0.00011842049326094006,149.50098477
2025-07-31,CLQ25,CLU25,22,0.0,1.0,False,0.06926,0.07,-0.010571428571428676,120.2785082,0.00011842049326094006,147.93824977
2025-08-01,CLU25,CLV25,1,1.0,0.0,False,0.06733,0.06926,-0.027866012128212603,116.92682583,0.00011842049326094006,143.83331963
2025-08-04,CLU25,CLV25,2,1.0,0.0,False,0.06629,0.06733,-0.015446309223228871,115.12073792,0.00034687805483413214,141.66151832
2025-08-05,CLU25,CLV25,3,1.0,0.0,False,0.06516,0.06629,-0.017046311660884106,113.15835394,0.00011561265147785882,139.26308979
2025-08-06,CLU25,CLV25,4,1.0,0.0,False,0.06434999999999999,0.06516,-0.012430939226519389,111.75168932,0.00011561265147785882,137.54801936
2025-08-07,CLU25,CLV25,5,1.0,0.0,False,0.06388,0.06434999999999999,-0.007303807303807086,110.93547652,0.00011561265147785882,136.55929743
2025-08-08,CLU25,CLV25,6,0.8,0.2,False,0.06388,0.06388,0.0,110.93547652,0.00011561265147785882,136.57508541
2025-08-11,CLU25,CLV25,7,0.6,0.4,False,0.06378600000000001,0.06370400000000001,0.001287203315333496,111.07827303,0.00034687805483413214,136.79826021
2025-08-12,CLU25,CLV25,8,0.3999999999999999,0.6000000000000001,False,0.062894,0.063612,-0.01128717851977612,109.82451273,0.00011561265147785882,135.27000943
2025-08-13,CLU25,CLV25,9,0.19999999999999996,0.8,False,0.062217999999999996,0.06275599999999999,-0.008572885461151092,108.88299976,0.00011561265147785882,134.12599406
2025-08-14,CLU25,CLV25,10,0.0,1.0,False,0.063216,0.062074000000000004,0.01839739665560436,110.8861635,0.00011561265147785882,136.60906984
2025-08-15,CLU25,CLV25,11,0.0,1.0,False,0.06197999999999999,0.06303,-0.01665873393622097,109.03894041,0.00011561265147785882,134.34912944
2025-08-18,CLU25,CLV25,12,0.0,1.0,False,0.0627,0.06197999999999999,0.011616650532429995,110.30560768,0.00034687805483413214,135.9564191
2025-08-19,CLU25,CLV25,13,0.0,1.0,False,0.061770000000000005,0.0627,-0.01483253588516742,108.6694958,0.00011561265147785882,133.95555892
2025-08-20,CLU25,CLV25,14,0.0,1.0,False,0.06271,0.061770000000000005,0.015217743241055404,110.32320029,0.00011561265147785882,136.00954718
2025-08-21,CLU25,CLV25,15,0.0,1.0,False,0.06352000000000001,0.06271,0.012916600223249919,111.74820096,0.00011561265147785882,137.78205255
2025-08-22,CLU25,CLV25,16,0.0,1.0,False,0.06366,0.06352000000000001,0.0022040302267001266,111.99449737,0.00011561265147785882,138.1016577
2025-08-25,CLU25,CLV25,17,0.0,1.0,False,0.0648,0.06366,0.01790763430725728,114.00005387,0.00034687805483413214,140.62263611
2025-08-26,CLU25,CLV25,18,0.0,1.0,False,0.06325,0.0648,-0.023919753086419693,111.27320073,0.00011561265147785882,137.27523513
2025-08-27,CLU25,CLV25,19,0.0,1.0,False,0.06415000000000001,0.06325,0.014229249011857847,112.85653481,0.00011561265147785882,139.24442939
2025-08-28,CLU25,CLV25,20,0.0,1.0,False,0.06459999999999999,0.06415000000000001,0.0070148090413091335,113.64820185,0.00011561265147785882,140.23730089
2025-08-29,CLU25,CLV25,21,0.0,1.0,False,0.06401000000000001,0.06459999999999999,-0.009133126934984248,112.6102384,0.00011561265147785882,138.97270903
2025-09-02,CLV25,CLX25,1,1.0,0.0,False,0.06559000000000001,0.06401000000000001,0.02468364318075289,115.38986934,0.0004625308098036296,142.46734095
2025-09-03,CLV25,CLX25,2,1.0,0.0,False,0.06397,0.06559000000000001,-0.024698887025461302,112.53986799,0.00010943795122275723,138.96414752
2025-09-04,CLV25,CLX25,3,1.0,0.0,False,0.06348,0.06397,-0.007659840550258035,111.67783055,0.00010943795122275723,137.91491226
2025-09-05,CLV25,CLX25,4,1.0,0.0,False,0.061869999999999994,0.06348,-0.025362318840579712,108.8454218,0.00010943795122275723,134.4321634
2025-09-08,CLV25,CLX25,5,1.0,0.0,False,0.062259999999999996,0.061869999999999994,0.006303539679974213,109.53153324,0.0003283497849746464,135.32370265
2025-09-09,CLV25,CLX25,6,0.8,0.2,False,0.06263,0.062259999999999996,0.005942820430453022,110.18245947,0.00010943795122275723,136.14271666
2025-09-10,CLV25,CLX25,7,0.6,0.4,False,0.06360600000000001,0.062562,0.01668744605351491,112.02112332,0.00010943795122275723,138.42949008
2025-09-11,CLV25,CLX25,8,0.3999999999999999,0.6000000000000001,False,0.062254,0.063542,-0.02027005759969791,109.7504487,0.00010943795122275723,135.63866578
2025-09-12,CLV25,CLX25,9,0.19999999999999996,0.8,False,0.062528,0.062195999999999994,0.005337963856196559,110.33629263,0.00010943795122275723,136.3775441
2025-09-15,CLV25,CLX25,10,0.0,1.0,False,0.06307600000000001,0.062474,0.009636008579569255,111.39949409,0.0003283497849746464,137.73645882
2025-09-16,CLV25,CLX25,11,0.0,1.0,False,0.06416,0.06302,0.01808949539828597,113.41465473,0.00010943795122275723,140.24311546
2025-09-17,CLV25,CLX25,12,0.0,1.0,False,0.0637,0.06416,-0.007169576059850136,112.60151974,0.00010943795122275723,139.2529797
2025-09-18,CLV25,CLX25,13,0.0,1.0,False,0.06326,0.0637,-0.006907378335949899,111.82373844,0.00010943795122275723,138.30634624
2025-09-19,CLV25,CLX25,14,0.0,1.0,False,0.0624,0.06326,-0.013594688586784698,110.30352954,0.00010943795122275723,136.4412505
2025-09-22,CLV25,CLX25,15,0.0,1.0,False,0.06228,0.0624,-0.0019230769230768052,110.09140737,0.0003283497849746464,136.22366394
2025-09-23,CLV25,CLX25,16,0.0,1.0,False,0.06341,0.06228,0.018143866409762177,112.08889116,0.00010943795122275723,138.71019594
2025-09-24,CLV25,CLX25,17,0.0,1.0,False,0.06498999999999999,0.06341,0.024917205488093286,114.88183309,0.00010943795122275723,142.18164655
2025-09-25,CLV25,CLX25,18,0.0,1.0,False,0.06498000000000001,0.06498999999999999,-0.00015386982612686229,114.86415624,0.00010943795122275723,142.17532915
2025-09-26,CLV25,CLX25,19,0.0,1.0,False,0.06572,0.06498000000000001,0.01138811942136031,116.17224297,0.00010943795122275723,143.80999816
2025-09-29,CLV25,CLX25,20,0.0,1.0,False,0.06345,0.06572,-0.03454047474132671,112.15959855,0.0003283497849746464,138.88995254
2025-09-30,CLV25,CLX25,21,0.0,1.0,False,0.062369999999999995,0.06345,-0.017021276595744816,110.250499,0.00010943795122275723,136.54106807
2025-10-01,CLX25,CLZ25,1,1.0,0.0,False,0.06178,0.062369999999999995,-0.009459676126342687,109.20756499,0.00010943795122275723,135.26437657
2025-10-02,CLX25,CLZ25,2,1.0,0.0,False,0.06048,0.06178,-0.021042408546455227,106.90957479,0.00010635191583108217,132.43247392
2025-10-03,CLX25,CLZ25,3,1.0,0.0,False,0.060880000000000004,0.06048,0.006613756613756738,107.6166487,0.00010635191583108217,133.32243452
2025-10-06,CLX25,CLZ25,4,1.0,0.0,False,0.061689999999999995,0.060880000000000004,0.013304862023652886,109.04847336,0.0003190896808862309,135.13881293
2025-10-07,CLX25,CLZ25,5,1.0,0.0,False,0.06173,0.061689999999999995,0.0006484033068570039,109.11918075,0.00010635191583108217,135.24080965
2025-10-08,CLX25,CLZ25,6,0.8,0.2,False,0.06255,0.06173,0.013283654624979713,110.56868226,0.00010635191583108217,137.05168498
2025-10-09,CLX25,CLZ25,7,0.6,0.4,False,0.061414,0.062444,-0.016494779322272723,108.74487625,0.00010635191583108217,134.80562339
2025-10-10,CLX25,CLZ25,8,0.3999999999999999,0.6000000000000001,False,0.05873199999999999,0.061318,-0.04217358687497974,104.15871476,0.00010635191583108217,129.13472355
2025-10-13,CLX25,CLZ25,9,0.19999999999999996,0.8,False,0.059238,0.05864799999999999,0.010060019096985506,105.20655342,0.0003190896808862309,130.47502689
2025-10-14,CLX25,CLZ25,10,0.0,1.0,False,0.058356000000000005,0.059154,-0.01349021198904543,103.78729471,0.00010635191583108217,128.72876738
2025-10-15,CLX25,CLZ25,11,0.0,1.0,False,0.05784,0.05827,-0.007379440535438486,103.02140254,0.00010635191583108217,127.79251165
2025-10-16,CLX25,CLZ25,12,0.0,1.0,False,0.05699,0.05784,-0.014695712309820252,101.50742965,0.00010635191583108217,125.92810065
2025-10-17,CLX25,CLZ25,13,0.0,1.0,False,0.05715,0.05699,0.002807510089489318,101.79241278,0.00010635191583108217,126.29503775
2025-10-20,CLX25,CLZ25,14,0.0,1.0,False,0.05702,0.05715,-0.0022747156605423813,101.56086398,0.0003190896808862309,126.04805189
2025-10-21,CLX25,CLZ25,15,0.0,1.0,False,0.05724,0.05702,0.0038582953349701743,101.95271579,0.00010635191583108217,126.54778796
2025-10-22,CLX25,CLZ25,16,0.0,1.0,False,0.0585,0.05724,0.022012578616352307,104.19695796,0.00010635191583108217,129.34688969
2025-10-23,CLX25,CLZ25,17,0.0,1.0,False,0.06179,0.0585,0.05623931623931622,110.05692363,0.00010635191583108217,136.63502661
2025-10-24,CLX25,CLZ25,18,0.0,1.0,False,0.0615,0.06179,-0.0046933160705615595,109.5403917,0.00010635191583108217,136.00828664
2025-10-27,CLX25,CLZ25,19,0.0,1.0,False,0.06131,0.0615,-0.003089430894308909,109.20197423,0.0003190896808862309,135.63149728
2025-10-28,CLX25,CLZ25,20,0.0,1.0,False,0.060149999999999995,0.06131,-0.018920241396183424,107.13584652,0.00010635191583108217,133.07974128
2025-10-29,CLX25,CLZ25,21,0.0,1.0,False,0.06048,0.060149999999999995,0.005486284289276888,107.72362423,0.00010635191583108217,133.82400786
2025-10-30,CLX25,CLZ25,22,0.0,1.0,False,0.06057,0.06048,0.0014880952380953438,107.88392724,0.00010635191583108217,134.03738317
2025-10-31,CLX25,CLZ25,23,0.0,1.0,False,0.06098,0.06057,0.006769027571404962,108.61419652,0.00010635191583108217,134.95894105
2025-11-03,CLZ25,CLF26,1,1.0,0.0,False,0.06105,0.06098,0.0011479173499508999,108.73887664,0.0003190896808862309,135.15692676
2025-11-04,CLZ25,CLF26,2,1.0,0.0,False,0.06056,0.06105,-0.008026208026208015,107.8661158,0.00010551042183970516,134.08638962
2025-11-05,CLZ25,CLF26,3,1.0,0.0,False,0.0596,0.06056,-0.015852047556142668,106.156217,0.00010551042183970516,131.9749933
2025-11-06,CLZ25,CLF26,4,1.0,0.0,False,0.05943,0.0596,-0.002852348993288678,105.85342242,0.00010551042183970516,131.6124793
2025-11-07,CLZ25,CLF26,5,1.0,0.0,False,0.05975,0.05943,0.005384485949857076,106.42338869,0.00010551042183970516,132.33503134
2025-11-10,CLZ25,CLF26,6,0.8,0.2,False,0.06013,0.05975,0.006359832635983276,107.10022363,0.0003165646640408415,133.21855259
2025-11-11,CLZ25,CLF26,7,0.6,0.4,False,0.06103,0.06011000000000001,0.015305273664947494,108.73942186,0.00010551042183970516,135.27155494
2025-11-12,CLZ25,CLF26,8,0.3999999999999999,0.6000000000000001,False,0.05849,0.06102,-0.04146181579809893,104.23088798,0.00010551042183970516,129.6772232
2025-11-13,CLZ25,CLF26,9,0.19999999999999996,0.8,False,0.058660000000000004,0.05849,0.0029064797401265885,104.53383294,0.00010551042183970516,130.06780972
2025-11-14,CLZ25,CLF26,10,0.0,1.0,False,0.059978000000000004,0.05865,0.022642796248934394,106.90077122,0.00010551042183970516,133.02663214
2025-11-17,CLZ25,CLF26,11,0.0,1.0,False,0.05986,0.05995,-0.001501251042535512,106.74028633,0.0003165646640408415,132.86903731
2025-11-18,CLZ25,CLF26,12,0.0,1.0,False,0.06067,0.05986,0.013531573671901276,108.18465038,0.00010551042183970516,134.68098355
2025-11-19,CLZ25,CLF26,13,0.0,1.0,False,0.05925,0.06067,-0.023405307400692354,105.65255538,0.00010551042183970516,131.54294397
2025-11-20,CLZ25,CLF26,14,0.0,1.0,False,0.059,0.05925,-0.00421940928270037,105.20676401,0.00010551042183970516,131.00178961
2025-11-21,CLZ25,CLF26,15,0.0,1.0,False,0.05806,0.059,-0.01593220338983048,103.53058845,0.00010551042183970516,128.92846451
2025-11-24,CLZ25,CLF26,16,0.0,1.0,False,0.05884,0.05806,0.013434378229417954,104.92145753,0.0003165646640408415,130.70135246
2025-11-25,CLZ25,CLF26,17,0.0,1.0,False,0.05795,0.05884,-0.01512576478586003,103.33444024,0.00010551042183970516,128.7381849
2025-11-26,CLZ25,CLF26,18,0.0,1.0,False,0.05865,0.05795,0.012079378774805916,104.58265608,0.00010551042183970516,130.30684541
2025-11-28,CLZ25,CLF26,19,0.0,1.0,False,0.05855,0.05865,-0.0017050298380222317,104.40433953,0.000211031976128373,130.11216726
2025-12-01,CLF26,CLG26,1,1.0,0.0,False,0.05932,0.05855,0.013151152860802817,105.77737696,0.0003165646640408415,131.86448118
2025-12-02,CLF26,CLG26,2,1.0,0.0,False,0.05864,0.05932,-0.011463250168577188,104.56482443,0.00010074318590991282,130.3661701
2025-12-03,CLF26,CLG26,3,1.0,0.0,False,0.05895,0.05864,0.005286493860845898,105.11760573,0.00010074318590991282,131.06848356
2025-12-04,CLF26,CLG26,4,1.0,0.0,False,0.05967,0.05895,0.012213740458015154,106.40148488,0.00010074318590991282,132.68252425
2025-12-05,CLF26,CLG26,5,1.0,0.0,False,0.06008,0.05967,0.006871124518183391,107.13258273,0.00010074318590991282,133.60756925
2025-12-08,CLF26,CLG26,6,0.8,0.2,False,0.05888,0.06008,-0.019973368841544548,104.99278414,0.0003022600063209424,130.97936021
2025-12-09,CLF26,CLG26,7,0.6,0.4,False,0.058216000000000004,0.05883000000000001,-0.010436851946285963,103.89699,0.00010074318590991282,129.6255433
2025-12-10,CLF26,CLG26,8,0.3999999999999999,0.6000000000000001,False,0.058395999999999997,0.058182000000000005,0.0036781135058951975,104.27913492,0.00010074318590991282,130.11537965
2025-12-11,CLF26,CLG26,9,0.19999999999999996,0.8,False,0.057510000000000006,0.058364,-0.01463230758686851,102.75329054,0.00010074318590991282,128.22459963
2025-12-12,CLF26,CLG26,10,0.0,1.0,False,0.05728,0.057479999999999996,-0.00347947112038971,102.39576343,0.00010074318590991282,127.79136359
2025-12-15,CLF26,CLG26,11,0.0,1.0,False,0.056670000000000005,0.05724,-0.009958071278825864,101.37609912,0.0003022600063209424,126.5574343
2025-12-16,CLF26,CLG26,12,0.0,1.0,False,0.055130000000000005,0.056670000000000005,-0.027174872066349054,98.6212166,0.00010074318590991282,123.13100202
2025-12-17,CLF26,CLG26,13,0.0,1.0,False,0.055810000000000005,0.055130000000000005,0.012334482133139923,99.83765823,0.00010074318590991282,124.66216377
2025-12-18,CLF26,CLG26,14,0.0,1.0,False,0.056,0.055810000000000005,0.003404407812219956,100.17754633,0.00010074318590991282,125.09912347
2025-12-19,CLF26,CLG26,15,0.0,1.0,False,0.05652,0.056,0.009285714285714342,101.1077664,0.00010074318590991282,126.27336107
2025-12-22,CLF26,CLG26,16,0.0,1.0,False,0.05801,0.05652,0.02636234961075723,103.77320469,0.0003022600063209424,129.64039095
2025-12-23,CLF26,CLG26,17,0.0,1.0,False,0.05838,0.05801,0.006378210653335659,104.43509205,0.00010074318590991282,130.48032506
2025-12-24,CLF26,CLG26,18,0.0,1.0,False,0.05835,0.05838,-0.0005138746145940676,104.38142551,0.00010074318590991282,130.42641954
2025-12-26,CLF26,CLG26,19,0.0,1.0,False,0.05674,0.05835,-0.027592116538131983,101.50132105,0.00020149652100953652,126.85395904
2025-12-29,CLF26,CLG26,20,0.0,1.0,False,0.05808,0.05674,0.023616496298907386,103.89842662,0.0003022600063209424,129.88814797
2025-12-30,CLF26,CLG26,21,0.0,1.0,False,0.05795,0.05808,-0.002238292011019216,103.6658716,0.00010074318590991282,129.61050571
2025-12-31,CLF26,CLG26,22,0.0,1.0,False,0.05742,0.05795,-0.009145815358067355,102.71776268,0.00010074318590991282,128.43816933
2026-01-02,CLG26,CLH26,1,1.0,0.0,False,0.05732,0.05742,-0.0017415534656913811,102.5388742,0.00020149652100953652,128.24036723
2026-01-05,CLG26,CLH26,2,1.0,0.0,False,0.05832,0.05732,0.017445917655268595,104.32775896,0.0002988951357940639,130.51596854
2026-01-06,CLG26,CLH26,3,1.0,0.0,False,0.05713,0.05832,-0.02040466392318241,102.1989861,9.962178710143377e-05,127.8658363
2026-01-07,CLG26,CLH26,4,1.0,0.0,False,0.055990000000000005,0.05713,-0.01995448976019598,100.15965748,9.962178710143377e-05,125.327077
2026-01-08,CLG26,CLH26,5,1.0,0.0,False,0.05776,0.055990000000000005,0.03161278799785672,103.3259835,9.962178710143377e-05,129.30150063
2026-01-09,CLG26,CLH26,6,0.8,0.2,False,0.05912,0.05776,0.023545706371191244,105.75886677,9.962178710143377e-05,132.35887705
2026-01-12,CLG26,CLH26,7,0.6,0.4,False,0.059464,0.059084000000000005,0.00643152122402002,106.43905717,0.0002988951357940639,133.24970741
2026-01-13,CLG26,CLH26,8,0.3999999999999999,0.6000000000000001,False,0.06106199999999999,0.059427999999999995,0.02749545668708353,109.36564766,9.962178710143377e-05,136.92674355
2026-01-14,CLG26,CLH26,9,0.19999999999999996,0.8,False,0.061936000000000005,0.061018,0.01504474089612895,111.01102549,9.962178710143377e-05,139.00041181
2026-01-15,CLG26,CLH26,10,0.0,1.0,False,0.059102,0.061908000000000005,-0.04532532144472445,105.97941508,9.962178710143377e-05,132.71402094
2026-01-16,CLG26,CLH26,11,0.0,1.0,False,0.059340000000000004,0.05908,0.004400812457684644,106.44581061,9.962178710143377e-05,133.31129166
2026-01-20,CLG26,CLH26,12,0.0,1.0,False,0.06036,0.059340000000000004,0.017189079878665137,108.27551615,0.00039854669936301157,135.65592087
2026-01-21,CLG26,CLH26,13,0.0,1.0,False,0.06062,0.06036,0.004307488402915949,108.74191168,9.962178710143377e-05,136.25377146
2026-01-22,CLG26,CLH26,14,0.0,1.0,False,0.059359999999999996,0.06062,-0.020785219399538146,106.48168719,9.962178710143377e-05,133.43528077
2026-01-23,CLG26,CLH26,15,0.0,1.0,False,0.06107,0.059359999999999996,0.02880727762803237,109.54913472,9.962178710143377e-05,137.29248102
2026-01-26,CLG26,CLH26,16,0.0,1.0,False,0.06063,0.06107,-0.007204846897003403,108.75984998,0.0002988951357940639,136.34434577
2026-01-27,CLG26,CLH26,17,0.0,1.0,False,0.06239,0.06063,0.02902853372917691,111.91698895,9.962178710143377e-05,140.31580507
2026-01-28,CLG26,CLH26,18,0.0,1.0,False,0.06321,0.06239,0.01314313191216554,113.3879287,9.962178710143377e-05,142.17397272
2026-01-29,CLG26,CLH26,19,0.0,1.0,False,0.06542,0.06321,0.034962822338237665,117.35229071,9.962178710143377e-05,147.1589397
2026-01-30,CLG26,CLH26,20,0.0,1.0,False,0.06520999999999999,0.06542,-0.0032100275145218182,116.97558663,9.962178710143377e-05,146.70121569
2026-02-02,CLH26,CLJ26,1,1.0,0.0,False,0.06214,0.06520999999999999,-0.04707866891581025,111.46853172,0.0002988951357940639,139.83856601
2026-02-03,CLH26,CLJ26,2,1.0,0.0,False,0.06321,0.06214,0.017219182491148954,113.38792871,0.00010046282536246842,142.26052038
2026-02-04,CLH26,CLJ26,3,1.0,0.0,False,0.06514,0.06321,0.030533143489954062,116.85001861,0.00010046282536246842,146.61847316
2026-02-05,CLH26,CLJ26,4,1.0,0.0,False,0.06329,0.06514,-0.028400368437212276,113.53143503,0.00010046282536246842,142.46918421
2026-02-06,CLH26,CLJ26,5,1.0,0.0,False,0.06355,0.06329,0.00410807394533097,113.99783056,0.00010046282536246842,143.06877101
2026-02-09,CLH26,CLJ26,6,0.8,0.2,False,0.06436,0.06355,0.012745869394177989,115.45083202,0.00030141875543931995,144.93543049
2026-02-10,CLH26,CLJ26,7,0.6,0.4,False,0.06392600000000001,0.06432800000000001,-0.006249222733490822,114.72935406,0.00010046282536246842,144.04425733
2026-02-11,CLH26,CLJ26,8,0.3999999999999999,0.6000000000000001,False,0.064562,0.063892,0.010486445877418094,115.93245722,0.00010046282536246842,145.56924073
2026-02-12,CLH26,CLJ26,9,0.19999999999999996,0.8,False,0.062726,0.064528,-0.02792586164145794,112.69494346,0.00010046282536246842,141.51871855
2026-02-13,CLH26,CLJ26,10,0.0,1.0,False,0.062778,0.062688,0.0014356814701379506,112.8567375,0.00010046282536246842,141.73611172
2026-02-17,CLH26,CLJ26,11,0.0,1.0,False,0.062259999999999996,0.06275,-0.007808764940239077,111.97546576,0.00040191186218163644,140.68629316
2026-02-18,CLH26,CLJ26,12,0.0,1.0,False,0.06505,0.062259999999999996,0.04481207838098289,116.99331911,0.00010046282536246842,147.0048721
2026-02-19,CLH26,CLJ26,13,0.0,1.0,False,0.0664,0.06505,0.020753266717909336,119.42131267,0.00010046282536246842,150.07047195
2026-02-20,CLH26,CLJ26,14,0.0,1.0,False,0.06648,0.0664,0.00120481927710836,119.56519377,0.00010046282536246842,150.26635625
2026-02-23,CLH26,CLJ26,15,0.0,1.0,False,0.06631000000000001,0.06648,-0.0025571600481346657,119.25944643,0.00030141875543931995,149.92739422
2026-02-24,CLH26,CLJ26,16,0.0,1.0,False,0.06563,0.06631000000000001,-0.010254863519831292,118.03645708,0.00010046282536246842,148.40497138
2026-02-25,CLH26,CLJ26,17,0.0,1.0,False,0.06542,0.06563,-0.0031997562090505527,117.65876919,0.00010046282536246842,147.94502083
2026-02-26,CLH26,CLJ26,18,0.0,1.0,False,0.06520999999999999,0.06542,-0.0032100275145218182,117.2810813,0.00010046282536246842,147.48497621
2026-02-27,CLH26,CLJ26,19,0.0,1.0,False,0.06702,0.06520999999999999,0.027756479067627682,120.53639118,0.00010046282536246842,151.59345662
2026-03-02,CLJ26,CLK26,1,1.0,0.0,False,0.07123,0.06702,0.06281706953148314,128.10813405,0.00030141875543931995,161.16180644
2026-03-03,CLJ26,CLK26,2,1.0,0.0,False,0.07456,0.07123,0.046749964902428776,134.09718482,0.00010046282536246842,168.712306
2026-03-04,CLJ26,CLK26,3,1.0,0.0,False,0.07465999999999999,0.07456,0.0013412017167380164,134.27703619,0.00010046282536246842,168.95553254
2026-03-05,CLJ26,CLK26,4,1.0,0.0,False,0.08101,0.07465999999999999,0.0850522368068578,145.69759847,0.00010046282536246842,183.34255225
2026-03-06,CLJ26,CLK26,5,1.0,0.0,False,0.09090000000000001,0.08101,0.12208369337118885,163.48489941,0.00010046282536246842,205.7441073
2026-03-09,CLJ26,CLK26,6,0.8,0.2,False,0.09477,0.09090000000000001,0.04257425742574239,170.4451476,0.00030141875543931995,214.56552502
2026-03-10,CLJ26,CLK26,7,0.6,0.4,False,0.08318,0.094112,-0.11615946956817402,150.64632966,0.00010046282536246842,189.6632633
2026-03-11,CLJ26,CLK26,8,0.3999999999999999,0.6000000000000001,False,0.086778,0.08291,0.046652997225907544,157.67443246,0.00010046282536246842,198.5306771
2026-03-12,CLJ26,CLK26,9,0.19999999999999996,0.8,False,0.09495,0.086542,0.09715513854544633,172.99331379,0.00010046282536246842,217.83889749
2026-03-13,CLJ26,CLK26,10,0.0,1.0,False,0.09721400000000001,0.09469,0.02665540183757531,177.60452008,0.00010046282536246842,223.66736554
2026-03-16,CLJ26,CLK26,11,0.0,1.0,False,0.09246,0.09684000000000001,-0.04522924411400253,169.57160189,0.00030141875543931995,213.61847721
2026-03-17,CLJ26,CLK26,12,0.0,1.0,False,0.09553,0.09246,0.033203547479991435,175.20198062,0.00010046282536246842,220.73282917
2026-03-18,CLJ26,CLK26,13,0.0,1.0,False,0.09545999999999999,0.09553,-0.000732754108657141,175.07360065,0.00010046282536246842,220.59326173
